LD1 5AB,306545,262536
LD1 5AD,306148,261836
LD1 5AE,306862,261288
LD1 5AL,305631,259839
LD1 5AP,305975,261282
LD1 5BA,306386,262296
LD1 5BB,305922,261292
LD1 5BD,305993,261228
LD1 5BE,306020,261589
LD1 5BF,306449,262280
LD1 5BG,306155,262080
LD1 5BH,306191,262121
LD1 5BJ,306410,262721
LD1 5BL,306308,262497
LD1 5BN,306251,262272
LD1 5BP,306267,262417
LD1 5BQ,306149,261879
LD1 5BS,306266,262376
LD1 5BT,306258,262351
LD1 5BU,306247,262325
LD1 5BW,306279,262502
LD1 5BX,306358,262458
LD1 5BY,306235,262283
LD1 5BZ,306419,262415
LD1 5DA,306197,262196
LD1 5DB,306177,262144
LD1 5DD,311184,264277
LD1 5DE,306592,261053
LD1 5DG,305946,261181
LD1 5DH,305963,261162
LD1 5DL,306040,261198
LD1 5DN,306042,261193
LD1 5DP,306018,261034
LD1 5DU,306050,261021
LD1 5DY,306050,261106
LD1 5EA,305985,261053
LD1 5EB,306110,261774
LD1 5ED,305051,260173
LD1 5EE,306121,261199
LD1 5EF,306349,261391
LD1 5EG,306336,261474
LD1 5EH,306411,261378
LD1 5EL,306158,261277
LD1 5EP,306235,261939
LD1 5EQ,305958,261042
LD1 5ER,305845,261071
LD1 5ES,306118,260916
LD1 5ET,305917,261179
LD1 5EU,305889,261128
LD1 5EW,305704,260092
LD1 5EX,305664,260170
LD1 5EY,305981,261007
LD1 5HA,306214,260972
LD1 5HB,305690,259962
LD1 5HE,305938,260956
LD1 5HF,306047,261331
LD1 5HG,305961,260895
LD1 5HH,306214,260972
LD1 5HP,305964,260696
LD1 5HR,305988,260773
LD1 5HS,306093,261253
LD1 5HT,306321,261176
LD1 5HU,306082,260924
LD1 5HW,305926,260744
LD1 5HY,306192,261408
LD1 5LA,306136,261406
LD1 5LB,306162,261554
LD1 5LD,306287,261082
LD1 5LE,306950,261264
LD1 5LF,306624,261255
LD1 5LG,306339,260844
LD1 5LH,306080,261560
LD1 5LJ,306676,261199
LD1 5LL,305903,260807
LD1 5LN,305790,260802
LD1 5LP,305878,260713
LD1 5LQ,305771,260602
LD1 5LR,305875,260673
LD1 5LS,305870,260642
LD1 5LT,305806,260602
LD1 5LU,305874,260603
LD1 5LW,305849,260790
LD1 5LY,305967,260619
LD1 5NA,305938,260438
LD1 5NB,305702,260283
LD1 5ND,305488,259802
LD1 5NE,305903,260420
LD1 5NF,305805,260512
LD1 5NG,305777,260471
LD1 5NH,305740,260427
LD1 5NL,305603,259746
LD1 5NN,305657,260635
LD1 5NP,307013,261236
LD1 5NQ,305749,260220
LD1 5NR,305832,260659
LD1 5NS,305759,260292
LD1 5NT,306032,260097
LD1 5NU,306361,260597
LD1 5NW,305644,259887
LD1 5NX,305836,260334
LD1 5NY,307446,259964
LD1 5PA,308669,258274
LD1 5PB,306132,258675
LD1 5PD,307852,261686
LD1 5PE,306750,261997
LD1 5PF,306451,261655
LD1 5PG,304951,257860
LD1 5PH,305353,259519
LD1 5PJ,304934,257802
LD1 5PL,305232,259217
LD1 5PN,305192,259116
LD1 5PP,304821,259073
LD1 5PR,305253,258845
LD1 5PS,305255,258950
LD1 5PT,305151,258644
LD1 5PU,304813,257871
LD1 5PW,305118,259084
LD1 5PY,304930,257991
LD1 5RA,305210,258584
LD1 5RB,305161,258481
LD1 5RD,305072,258275
LD1 5RE,305461,258105
LD1 5RF,305387,256910
LD1 5RG,304437,256874
LD1 5RH,306986,257149
LD1 5RJ,304983,258350
LD1 5RL,309020,256637
LD1 5RN,306526,257210
LD1 5RP,311591,257428
LD1 5RR,313260,256783
LD1 5RS,309479,255088
LD1 5RT,310626,254457
LD1 5RU,308966,254525
LD1 5RW,310588,256507
LD1 5RY,311356,254592
LD1 5SA,311828,256086
LD1 5SB,311647,253321
LD1 5SD,312971,253095
LD1 5SE,315477,253054
LD1 5SF,312436,252305
LD1 5SH,306910,261052
LD1 5SJ,305034,258371
LD1 5SL,306982,263339
LD1 5SN,308767,264639
LD1 5SP,311406,260776
LD1 5SQ,309355,264718
LD1 5SR,310417,261041
LD1 5SS,308465,263115
LD1 5ST,308490,264402
LD1 5SU,309496,264377
LD1 5SW,310710,262826
LD1 5SY,310691,264167
LD1 5TA,311716,264446
LD1 5TB,313383,265553
LD1 5TD,314889,266080
LD1 5TE,314301,266933
LD1 5TF,314596,267082
LD1 5TG,313896,266990
LD1 5TH,315295,266461
LD1 5TL,315794,267095
LD1 5TN,317955,268049
LD1 5TP,304892,257906
LD1 5TS,305791,260241
LD1 5TT,309092,263444
LD1 5TU,310647,264699
LD1 5TW,315673,267353
LD1 5TY,311354,263925
LD1 5UA,311571,264103
LD1 5UB,311799,263743
LD1 5UD,313321,263018
LD1 5UE,312578,262134
LD1 5UF,314066,262847
LD1 5UG,314693,260692
LD1 5UH,314038,264247
LD1 5UL,305899,261201
LD1 5UN,316080,268947
LD1 5UP,318349,272067
LD1 5UR,319202,271331
LD1 5US,311675,263977
LD1 5UT,318540,272425
LD1 5UW,317129,271010
LD1 5WA,306383,261026
LD1 5WF,305975,261282
LD1 5WJ,305975,261282
LD1 5WP,305975,261282
LD1 5WY,305975,261282
LD1 5YA,306153,261732
LD1 5YB,306191,261717
LD1 5YD,306243,261680
LD1 5YE,306284,261770
LD1 5YF,306295,261860
LD1 5YG,305898,261269
LD1 5ZG,306339,260844
LD1 6AA,305679,261086
LD1 6AB,305742,261124
LD1 6AE,305515,260893
LD1 6AF,305479,261152
LD1 6AG,305761,261188
LD1 6AH,305686,261305
LD1 6AJ,305509,261179
LD1 6AL,305716,261227
LD1 6AN,305671,261351
LD1 6AP,305552,261330
LD1 6AQ,305653,261390
LD1 6AR,305461,261166
LD1 6AS,305587,261176
LD1 6AT,305610,261052
LD1 6AU,305744,260950
LD1 6AW,305556,261523
LD1 6AX,305513,261086
LD1 6AY,305739,260998
LD1 6AZ,305828,261283
LD1 6BA,305651,261187
LD1 6BB,305862,262045
LD1 6BD,305768,261898
LD1 6BE,305815,261904
LD1 6BG,305827,261327
LD1 6BH,305905,261715
LD1 6BL,306066,261923
LD1 6BN,305765,261958
LD1 6BP,305951,262092
LD1 6BS,306013,261837
LD1 6BT,306002,261878
LD1 6BU,306026,261913
LD1 6BW,305797,262061
LD1 6BY,305797,262216
LD1 6BZ,305804,261429
LD1 6DA,305594,262094
LD1 6DB,306056,262093
LD1 6DD,306058,262062
LD1 6DE,306022,262079
LD1 6DF,306137,262608
LD1 6DG,305776,262082
LD1 6DH,305819,262107
LD1 6DJ,305934,262063
LD1 6DL,305715,262077
LD1 6DN,305599,261987
LD1 6DP,305748,261799
LD1 6DQ,305950,261973
LD1 6DR,305705,261926
LD1 6DS,305721,262025
LD1 6DT,304467,262780
LD1 6DU,305421,261856
LD1 6DW,305627,261952
LD1 6DX,304316,262625
LD1 6DY,304277,262500
LD1 6EA,304440,263075
LD1 6EB,304621,263597
LD1 6ED,305458,264401
LD1 6EE,303357,264004
LD1 6EF,303940,264954
LD1 6EG,305524,265716
LD1 6EH,304330,267145
LD1 6EL,303949,265852
LD1 6EN,302923,266303
LD1 6EP,305704,262350
LD1 6ER,305997,262019
LD1 6ES,305912,261928
LD1 6ET,305045,261829
LD1 6EU,304261,261916
LD1 6EW,301708,265676
LD1 6EY,302671,260759
LD1 6HA,301739,258932
LD1 6HB,301204,260413
LD1 6HD,301091,262894
LD1 6HE,300348,261526
LD1 6HF,299920,262802
LD1 6HG,299813,262489
LD1 6HH,299484,262841
LD1 6HL,301836,261621
LD1 6HN,309069,264834
LD1 6HP,303214,260581
LD1 6HR,302503,258818
LD1 6HS,302302,258634
LD1 6HT,301802,258342
LD1 6HU,301751,258218
LD1 6HW,306142,262708
LD1 6HY,301706,258274
LD1 6LA,301645,258199
LD1 6LB,301649,258176
LD1 6LD,301693,258123
LD1 6LE,301742,258394
LD1 6LF,301761,258018
LD1 6LG,301688,257881
LD1 6LH,301563,258312
LD1 6LL,301511,258376
LD1 6LN,301528,258454
LD1 6LP,301627,258541
LD1 6LR,301583,258588
LD1 6LS,301657,258542
LD1 6LT,301513,258466
LD1 6LU,301663,257665
LD1 6LW,301531,258529
LD1 6LX,301592,257858
LD1 6LY,301421,258403
LD1 6LZ,301602,257962
LD1 6NA,302333,258148
LD1 6NB,300733,258540
LD1 6ND,299442,259613
LD1 6NE,301830,258160
LD1 6NF,304368,262972
LD1 6NG,304448,262637
LD1 6NL,303951,258470
LD1 6NN,297919,263590
LD1 6NP,297181,264502
LD1 6NR,297488,263839
LD1 6NS,297554,263782
LD1 6NT,297718,263358
LD1 6NU,296079,264052
LD1 6NW,297246,265227
LD1 6NY,294796,265530
LD1 6PA,299350,264800
LD1 6PB,301490,264444
LD1 6PD,299866,264202
LD1 6PE,305993,262143
LD1 6PF,306061,262142
LD1 6PG,307823,268786
LD1 6PH,305498,271137
LD1 6PL,304966,270965
LD1 6PN,303919,270514
LD1 6PP,303957,274406
LD1 6PR,304646,274319
LD1 6PS,305113,275637
LD1 6PT,306131,274045
LD1 6PU,307938,271962
LD1 6PW,304222,272120
LD1 6RA,308749,264685
LD1 6RB,308800,264806
LD1 6RD,308831,264820
LD1 6RE,309331,264774
LD1 6RF,308200,265098
LD1 6RG,307564,265219
LD1 6RH,306895,264816
LD1 6RJ,308695,264858
LD1 6RL,307599,265406
LD1 6RN,306902,265628
LD1 6RP,308999,265282
LD1 6RQ,306705,265612
LD1 6RR,309057,265736
LD1 6RS,308806,265876
LD1 6RT,309649,266894
LD1 6RU,309329,265962
LD1 6RW,307472,265849
LD1 6RX,308544,264888
LD1 6RY,308737,265037
LD1 6SA,308556,264970
LD1 6SB,309214,265784
LD1 6SD,309485,267715
LD1 6SE,310367,268619
LD1 6SF,310794,268814
LD1 6SG,310875,269006
LD1 6SH,310465,270418
LD1 6SL,311911,267955
LD1 6SN,313391,269647
LD1 6SP,315171,270375
LD1 6SR,315270,271272
LD1 6SS,313790,272613
LD1 6ST,313115,271895
LD1 6SW,313583,268922
LD1 6SY,314270,271033
LD1 6TA,308623,265012
LD1 6TB,308632,264963
LD1 6TD,310808,273433
LD1 6TE,310805,268688
LD1 6TF,310866,269152
LD1 6TG,310421,275473
LD1 6TH,310081,272042
LD1 6TJ,308590,265059
LD1 6TL,312462,273910
LD1 6TN,310923,273242
LD1 6TP,310763,273606
LD1 6TR,310213,274095
LD1 6TS,309399,274579
LD1 6TT,308514,274784
LD1 6TU,308982,276354
LD1 6TW,311758,271456
LD1 6TY,311267,277510
LD1 6UA,309892,276891
LD1 6UB,309864,275627
LD1 6UD,316724,272583
LD1 6UE,315435,273618
LD1 6UF,314720,273918
LD1 6UG,315241,275376
LD1 6UH,313788,274459
LD1 6UL,311653,274279
LD1 6UN,312023,275557
LD1 6UP,314003,267104
LD1 6UR,311683,266592
LD1 6UT,311214,265745
LD1 6WL,305975,261282
LD1 6YA,309840,278138
LD1 6YB,309382,278358
LD1 6YD,310218,279476
LD1 6YE,310530,281861
LD1 6YF,311269,279716
LD1 6YG,312281,278507
LD1 6YH,309740,277737
LD1 6YL,308609,278496
LD1 6YN,308249,279336
LD1 6YP,306464,278064
LD1 6YR,305534,277983
LD1 6YS,307243,281118
LD1 6YT,308230,280729
LD1 6YW,306581,277126
LD1 9AD,305975,261282
LD1 9AF,305975,261282
LD1 9AG,305975,261282
LD1 9AH,305975,261282
LD1 9AL,305975,261282
LD1 9AQ,305975,261282
LD1 9AT,305975,261282
LD1 9AU,305975,261282
LD1 9AW,305975,261282
LD1 9AX,305975,261282
LD1 9AY,305975,261282
LD1 9SA,306339,260844
LD1 9SB,306339,260844
LD1 9XF,306339,260844
LD1 9ZX,306339,260844
LD1 9ZY,306339,260844
LD2 3AA,304082,251003
LD2 3AB,304084,250963
LD2 3AD,304086,250937
LD2 3AE,304220,251074
LD2 3AF,304014,250950
LD2 3AG,304076,250913
LD2 3AH,304026,250936
LD2 3AJ,308347,240793
LD2 3AL,303929,250963
LD2 3AN,303956,250894
LD2 3AP,303878,251033
LD2 3AQ,309724,241388
LD2 3AR,303752,251046
LD2 3AS,303565,251109
LD2 3AT,303805,250944
LD2 3AU,303678,251150
LD2 3AW,303952,250765
LD2 3AX,307823,239129
LD2 3AY,303776,251117
LD2 3AZ,308089,239495
LD2 3BA,303823,251114
LD2 3BB,304159,250936
LD2 3BD,304108,251031
LD2 3BE,303857,250815
LD2 3BF,304543,251053
LD2 3BG,304042,251053
LD2 3BH,304075,251056
LD2 3BJ,306021,238689
LD2 3BL,304154,251099
LD2 3BN,304342,251136
LD2 3BP,304621,251164
LD2 3BQ,306586,239119
LD2 3BS,303984,251082
LD2 3BT,303950,251111
LD2 3BU,303774,251299
LD2 3BW,303794,251278
LD2 3BX,307741,241511
LD2 3BY,303361,251218
LD2 3BZ,307224,244397
LD2 3DA,303372,251256
LD2 3DB,303578,251192
LD2 3DD,303629,251402
LD2 3DE,303462,251152
LD2 3DF,303299,251111
LD2 3DG,303345,251334
LD2 3DH,304223,250796
LD2 3DJ,304386,251157
LD2 3DL,304130,251006
LD2 3DN,304198,251034
LD2 3DP,304232,251028
LD2 3DQ,304546,250612
LD2 3DR,304254,251027
LD2 3DS,304242,250991
LD2 3DT,304251,251061
LD2 3DU,304272,251046
LD2 3DW,304151,251032
LD2 3DX,304339,250855
LD2 3DY,304233,250451
LD2 3DZ,303565,251109
LD2 3EA,304113,250915
LD2 3EB,304122,250775
LD2 3ED,304139,250888
LD2 3EE,304167,250739
LD2 3EF,304194,250913
LD2 3EG,304329,250937
LD2 3EH,304448,250881
LD2 3EJ,309667,243025
LD2 3EL,304482,250987
LD2 3EN,304607,251064
LD2 3EP,304572,250905
LD2 3EQ,309571,243075
LD2 3ER,304747,251161
LD2 3ES,304602,251085
LD2 3ET,304615,251111
LD2 3EU,304608,251096
LD2 3EW,304640,251117
LD2 3EX,309719,243006
LD2 3EY,304624,251123
LD2 3EZ,309675,243083
LD2 3FA,300167,251501
LD2 3FB,304014,250950
LD2 3FD,303903,250688
LD2 3FE,304346,250779
LD2 3FL,300770,251473
LD2 3GA,303702,250817
LD2 3GE,300332,251446
LD2 3HA,303709,250966
LD2 3HB,304677,251118
LD2 3HD,302650,248824
LD2 3HE,303551,250900
LD2 3HF,303243,250803
LD2 3HG,303192,250621
LD2 3HH,302198,250079
LD2 3HJ,305509,242277
LD2 3HL,300341,249245
LD2 3HN,300260,250084
LD2 3HP,302731,249724
LD2 3HQ,306580,243222
LD2 3HR,303447,249388
LD2 3HS,301650,247369
LD2 3HT,300106,247390
LD2 3HU,301246,246263
LD2 3HW,298333,249440
LD2 3HX,304931,243463
LD2 3HY,302043,244252
LD2 3HZ,306124,244527
LD2 3JA,304100,251005
LD2 3JB,318861,247712
LD2 3JD,318826,248082
LD2 3JE,309879,244432
LD2 3JF,311217,244924
LD2 3JG,312088,245069
LD2 3JH,314165,246454
LD2 3JJ,315807,246457
LD2 3JL,316660,246290
LD2 3JN,316193,245008
LD2 3JP,318193,246190
LD2 3JQ,312960,245620
LD2 3JR,318447,246622
LD2 3JS,318636,241898
LD2 3JT,316908,248437
LD2 3JU,318825,248028
LD2 3JW,318060,245307
LD2 3JY,318713,247644
LD2 3JZ,316859,246203
LD2 3LA,302224,247075
LD2 3LB,303958,249794
LD2 3LD,303273,250689
LD2 3LE,303346,250821
LD2 3LF,304104,250621
LD2 3LG,299771,251232
LD2 3LH,298847,250557
LD2 3LJ,306331,246856
LD2 3LN,294903,251494
LD2 3LP,293406,253552
LD2 3LQ,306638,246029
LD2 3LR,293923,252314
LD2 3LS,292089,253822
LD2 3LT,294559,253506
LD2 3LU,293570,254641
LD2 3LW,294420,253142
LD2 3LX,306056,248323
LD2 3LY,294294,254381
LD2 3LZ,304643,249979
LD2 3NA,295345,253349
LD2 3NB,296092,254523
LD2 3ND,297472,254778
LD2 3NE,298007,253771
LD2 3NF,303270,251533
LD2 3NG,303155,251670
LD2 3NH,303404,251110
LD2 3NJ,303900,252121
LD2 3NL,303282,250979
LD2 3NN,303183,251222
LD2 3NP,303048,250815
LD2 3NQ,304782,249224
LD2 3NR,302647,251330
LD2 3NS,302005,251134
LD2 3NT,300769,251437
LD2 3NU,300313,251368
LD2 3NW,303014,252009
LD2 3NY,300315,251554
LD2 3NZ,304108,251031
LD2 3PA,300231,251577
LD2 3PB,299695,251973
LD2 3PD,298119,253375
LD2 3PE,296407,253426
LD2 3PF,296037,255183
LD2 3PG,295468,255871
LD2 3PH,293164,256385
LD2 3PJ,309038,242256
LD2 3PL,294549,257510
LD2 3PN,296713,255728
LD2 3PP,298502,254713
LD2 3PQ,309857,242857
LD2 3PR,299180,254949
LD2 3PS,299441,253966
LD2 3PT,301083,252440
LD2 3PU,302182,252467
LD2 3PW,296989,256620
LD2 3PX,308149,242370
LD2 3PY,302498,253267
LD2 3PZ,307482,243251
LD2 3RA,301478,254458
LD2 3RB,301476,254517
LD2 3RD,303133,252385
LD2 3RE,303348,250688
LD2 3RF,302876,253236
LD2 3RG,302510,253178
LD2 3RH,302485,253352
LD2 3RJ,303311,247909
LD2 3RL,302320,253291
LD2 3RN,302833,253569
LD2 3RP,300912,254569
LD2 3RQ,302797,246485
LD2 3RR,301500,254556
LD2 3RS,302218,254825
LD2 3RT,302268,255135
LD2 3RU,302129,255966
LD2 3RW,302855,254140
LD2 3RX,303545,248636
LD2 3RY,302117,256799
LD2 3RZ,304382,248365
LD2 3SA,302196,257558
LD2 3SB,301684,257548
LD2 3SD,301131,257578
LD2 3SE,300345,255966
LD2 3SF,299531,254820
LD2 3SG,297582,257911
LD2 3SH,299004,256861
LD2 3SJ,309080,243946
LD2 3SL,300156,257391
LD2 3SN,301511,254627
LD2 3SP,301723,254486
LD2 3SQ,307669,245695
LD2 3SR,304176,251347
LD2 3SS,304192,251415
LD2 3ST,303919,251528
LD2 3SU,303966,251497
LD2 3SW,301515,254593
LD2 3SX,310327,243853
LD2 3SY,303803,252031
LD2 3SZ,310694,242252
LD2 3TA,303757,252103
LD2 3TB,306102,251878
LD2 3TD,306530,252468
LD2 3TE,308010,253503
LD2 3TF,304439,253483
LD2 3TG,305269,254375
LD2 3TH,303998,254424
LD2 3TJ,311990,240051
LD2 3TL,305789,255966
LD2 3TN,303794,255018
LD2 3TP,304855,251993
LD2 3TQ,311276,241292
LD2 3TR,304602,251897
LD2 3TS,301556,254564
LD2 3TT,301514,254428
LD2 3TU,303865,251946
LD2 3TW,303755,256343
LD2 3TX,310006,240890
LD2 3TY,304678,251806
LD2 3TZ,310814,242937
LD2 3UA,304996,251809
LD2 3UB,304855,251993
LD2 3UD,305888,251818
LD2 3UE,306277,251973
LD2 3UF,306432,251317
LD2 3UG,306913,250324
LD2 3UH,307638,247510
LD2 3UJ,311841,244118
LD2 3UL,307840,247429
LD2 3UN,307953,247372
LD2 3UP,308723,248419
LD2 3UQ,313066,244094
LD2 3UR,309242,247603
LD2 3US,303435,250713
LD2 3UT,311161,248696
LD2 3UU,312591,250194
LD2 3UW,308080,247330
LD2 3UX,313543,244784
LD2 3UY,313787,249920
LD2 3UZ,311869,245675
LD2 3WR,304108,251031
LD2 3WY,304094,252212
LD2 3XA,304108,251031
LD2 3YA,312678,250889
LD2 3YB,311873,251086
LD2 3YD,311561,249529
LD2 3YE,301627,254545
LD2 3YF,301599,254453
LD2 3YG,296006,257248
LD2 3YJ,310129,245490
LD2 3YL,304571,251446
LD2 3YN,306255,250736
LD2 3YP,306559,248972
LD2 3YQ,312313,246741
LD2 3YR,307261,246152
LD2 3YS,308356,243953
LD2 3YT,308925,243643
LD2 3YU,309095,242831
LD2 3YW,305807,249757
LD2 3YX,309069,245197
LD2 3YY,309733,242333
LD2 9AG,304108,251031
LD3 0AA,315380,233948
LD3 0AB,315435,233825
LD3 0AD,315402,233792
LD3 0AE,315473,233880
LD3 0AF,315466,233751
LD3 0AG,315522,233872
LD3 0AH,315453,233914
LD3 0AJ,313227,241216
LD3 0AL,315518,233990
LD3 0AN,315529,234091
LD3 0AP,315867,234349
LD3 0AQ,312947,241417
LD3 0AR,315641,234230
LD3 0AS,315671,234121
LD3 0AT,315751,234185
LD3 0AU,315724,234039
LD3 0AW,315492,234175
LD3 0AX,313621,242543
LD3 0AY,315655,234015
LD3 0AZ,313428,240832
LD3 0BA,315587,233986
LD3 0BB,315644,233812
LD3 0BD,315792,233877
LD3 0BE,315770,233749
LD3 0BF,315720,233763
LD3 0BG,315670,233777
LD3 0BH,315854,233773
LD3 0BJ,314444,239321
LD3 0BL,315711,233724
LD3 0BN,315570,233736
LD3 0BP,315476,233710
LD3 0BQ,314723,238603
LD3 0BS,315536,233606
LD3 0BT,315624,233511
LD3 0BU,315591,233483
LD3 0BW,315480,233783
LD3 0BX,313658,239446
LD3 0BY,315618,233361
LD3 0BZ,314284,240161
LD3 0DA,315673,233213
LD3 0DB,315507,233624
LD3 0DD,315492,233558
LD3 0DF,315755,234021
LD3 0DH,315746,234264
LD3 0DJ,312803,239148
LD3 0DL,316254,235697
LD3 0DN,317029,235211
LD3 0DP,317506,234625
LD3 0DR,315948,233549
LD3 0DS,316176,233072
LD3 0DT,315999,233113
LD3 0DU,316036,233069
LD3 0DW,316047,233668
LD3 0DY,316365,233238
LD3 0EA,317315,233785
LD3 0EB,318587,234184
LD3 0ED,317806,233197
LD3 0EE,318653,232160
LD3 0EF,316762,232263
LD3 0EG,316174,231977
LD3 0EH,316844,231237
LD3 0EJ,317289,231971
LD3 0EL,317627,231626
LD3 0EN,316986,230532
LD3 0EP,317445,229481
LD3 0ER,318196,228334
LD3 0ES,319003,227683
LD3 0ET,318695,230009
LD3 0EU,318266,229019
LD3 0EW,317237,230134
LD3 0EY,316213,230040
LD3 0HA,315572,230962
LD3 0HB,318638,236710
LD3 0HF,315308,233989
LD3 0HG,315237,234033
LD3 0HH,315237,234262
LD3 0HL,314889,234688
LD3 0HN,314535,234873
LD3 0HP,314430,234896
LD3 0HR,314428,234938
LD3 0HS,314368,234961
LD3 0HT,314294,234976
LD3 0HU,314235,235075
LD3 0HW,314478,234923
LD3 0HX,314288,234925
LD3 0HY,314106,235165
LD3 0LA,314190,234884
LD3 0LB,314201,234961
LD3 0LD,314091,235040
LD3 0LE,314396,235012
LD3 0LF,314483,235116
LD3 0LG,314517,235051
LD3 0LH,314676,235279
LD3 0LJ,313017,238292
LD3 0LL,315065,235619
LD3 0LN,314715,236850
LD3 0LP,314208,235219
LD3 0LQ,313901,241103
LD3 0LS,313492,235396
LD3 0LT,313864,234680
LD3 0LU,313554,235279
LD3 0LW,313491,236647
LD3 0LY,313674,235055
LD3 0NA,311760,235631
LD3 0NB,311671,235210
LD3 0ND,310609,235856
LD3 0NE,311611,235997
LD3 0NF,312571,236165
LD3 0NG,311846,236857
LD3 0NH,311249,237277
LD3 0NL,312083,237904
LD3 0NN,311732,238304
LD3 0NP,310947,240320
LD3 0NR,310594,237215
LD3 0NS,308833,237895
LD3 0NT,307252,238719
LD3 0NU,308316,236422
LD3 0NW,311493,238826
LD3 0NY,313584,235237
LD3 0PA,312412,234206
LD3 0PB,315430,233759
LD3 0PD,315388,233711
LD3 0PE,315366,233767
LD3 0PF,315413,233703
LD3 0PG,315345,233647
LD3 0PH,315380,233633
LD3 0PL,315119,233485
LD3 0PN,314934,233189
LD3 0PP,314387,232096
LD3 0PQ,315234,233717
LD3 0PR,314733,231816
LD3 0PS,313283,229923
LD3 0PT,312697,229978
LD3 0PU,313419,231434
LD3 0PW,314311,232084
LD3 0PY,313926,232432
LD3 0RA,313664,233821
LD3 0RB,311986,233890
LD3 0RD,311925,233477
LD3 0RE,311948,233309
LD3 0RF,310558,232621
LD3 0RG,312584,232836
LD3 0RH,311592,232613
LD3 0RL,312015,231581
LD3 0RN,310966,231802
LD3 0RP,310099,230599
LD3 0RS,318573,236676
LD3 0RT,317008,237226
LD3 0RU,315392,236040
LD3 0RW,309303,231915
LD3 0RY,315783,236426
LD3 0SA,316447,236644
LD3 0SB,316746,236828
LD3 0SD,316778,237264
LD3 0SE,317123,237351
LD3 0SG,317377,237490
LD3 0SH,316757,237732
LD3 0SJ,317473,237818
LD3 0SL,317352,237797
LD3 0SN,317273,237834
LD3 0SP,319801,237636
LD3 0SQ,317037,237435
LD3 0SR,320586,236477
LD3 0SS,320346,235827
LD3 0ST,318686,236781
LD3 0SU,318493,236648
LD3 0SW,318801,237866
LD3 0SY,318548,236599
LD3 0SZ,318576,236780
LD3 0TA,317468,236229
LD3 0TB,318744,236286
LD3 0TD,318606,236630
LD3 0TE,318695,237245
LD3 0TF,317853,238028
LD3 0TG,318684,236380
LD3 0TH,312820,238993
LD3 0TL,309518,229735
LD3 0TN,309307,230292
LD3 0TP,307417,230121
LD3 0TR,306982,230165
LD3 0TS,308108,231078
LD3 0TT,309093,231323
LD3 0TU,309049,231935
LD3 0TW,308283,229798
LD3 0TY,308785,232188
LD3 0UA,309485,232821
LD3 0UB,309065,233213
LD3 0UD,308970,233239
LD3 0UE,308888,233147
LD3 0UF,307986,233087
LD3 0UG,308256,233902
LD3 0UH,307775,236006
LD3 0UJ,308987,233138
LD3 0UL,308733,235777
LD3 0UN,310056,234904
LD3 0UP,313127,237752
LD3 0UR,313319,237863
LD3 0US,313369,237795
LD3 0UT,313850,237526
LD3 0UU,313369,237975
LD3 0UW,311102,234901
LD3 0UY,313208,238060
LD3 0XR,303059,227907
LD3 0YA,313078,238116
LD3 0YB,312920,238373
LD3 0YD,313093,238532
LD3 0YE,312562,238945
LD3 0YF,312958,238641
LD3 0YG,312813,239220
LD3 0YH,313293,239119
LD3 0YJ,313029,238727
LD3 0YL,313452,238645
LD3 0YN,312667,238509
LD3 0YP,311851,240080
LD3 0YQ,313069,238550
LD3 0YR,312023,241789
LD3 0YS,312085,242611
LD3 0YT,312134,241105
LD3 0YU,312360,240675
LD3 0YW,312160,239101
LD3 0YY,312822,241670
LD3 3AA,303059,227907
LD3 3AF,303059,227907
LD3 3AQ,303059,227907
LD3 3AW,303059,227907
LD3 3BB,303059,227907
LD3 3BD,303059,227907
LD3 3BE,303059,227907
LD3 3BF,303059,227907
LD3 3BG,303059,227907
LD3 3BH,303059,227907
LD3 3BJ,303059,227907
LD3 3BL,303059,227907
LD3 3BN,303059,227907
LD3 3BP,303059,227907
LD3 7AA,304465,228532
LD3 7AD,304578,228475
LD3 7AE,304564,228480
LD3 7AF,304534,228493
LD3 7AG,304545,228560
LD3 7AH,304527,228572
LD3 7AJ,307408,225906
LD3 7AL,304486,228606
LD3 7AN,304440,228638
LD3 7AP,304464,228572
LD3 7AQ,306791,226586
LD3 7AR,304464,228597
LD3 7AS,304468,228569
LD3 7AT,304503,228547
LD3 7AU,304585,228557
LD3 7AW,304668,228509
LD3 7AX,306847,225754
LD3 7AY,304554,228582
LD3 7AZ,307465,225746
LD3 7BA,304583,228598
LD3 7BB,304668,228509
LD3 7BD,307637,225719
LD3 7BE,305180,228148
LD3 7BF,305591,227960
LD3 7BG,304726,228407
LD3 7BJ,307510,225688
LD3 7BL,304753,228463
LD3 7BN,304723,228469
LD3 7BP,304690,228449
LD3 7BQ,307609,225333
LD3 7BS,307971,226266
LD3 7BU,304861,228554
LD3 7BX,307554,225731
LD3 7BY,305084,228536
LD3 7BZ,307635,225833
LD3 7DA,304628,228605
LD3 7DB,305231,228350
LD3 7DD,304614,228274
LD3 7DE,304510,228304
LD3 7DF,304650,228453
LD3 7DG,304424,228555
LD3 7DH,304457,228539
LD3 7DJ,304503,228547
LD3 7DL,304409,228488
LD3 7DQ,307956,224222
LD3 7DR,304449,228364
LD3 7DS,304449,228364
LD3 7DT,304631,228388
LD3 7DU,304538,228359
LD3 7DW,304528,228450
LD3 7DX,304480,228269
LD3 7DY,304475,228351
LD3 7DZ,304690,228449
LD3 7EA,304992,228189
LD3 7EB,304987,228244
LD3 7ED,304839,228306
LD3 7EE,304910,228366
LD3 7EF,304683,228411
LD3 7EG,304697,228369
LD3 7EH,304664,228325
LD3 7EJ,311138,225972
LD3 7EL,304850,228254
LD3 7EN,304992,228149
LD3 7EP,305234,228003
LD3 7EQ,310645,225253
LD3 7ER,304647,228362
LD3 7ES,304665,228365
LD3 7ET,304875,228312
LD3 7EU,304741,228282
LD3 7EW,304664,228179
LD3 7EX,311393,226009
LD3 7EY,304705,228224
LD3 7EZ,311226,226090
LD3 7FB,305259,228469
LD3 7FD,304652,228254
LD3 7HA,304830,228175
LD3 7HB,304950,228325
LD3 7HD,304915,228159
LD3 7HE,304854,228204
LD3 7HF,304874,228191
LD3 7HG,304764,228172
LD3 7HH,305194,227986
LD3 7HJ,314585,222382
LD3 7HL,304625,228121
LD3 7HN,314708,222263
LD3 7HP,305254,228108
LD3 7HQ,314132,222789
LD3 7HR,305105,228271
LD3 7HS,304549,228447
LD3 7HT,307528,225442
LD3 7HU,304850,228125
LD3 7HW,304550,228183
LD3 7HX,314758,222100
LD3 7HY,304496,228644
LD3 7HZ,315148,222185
LD3 7JA,311449,222607
LD3 7JB,311419,222597
LD3 7JD,311499,222541
LD3 7JE,311797,222834
LD3 7JF,311769,222692
LD3 7JG,311804,222793
LD3 7JH,311657,222615
LD3 7JJ,313214,221552
LD3 7JL,314148,222366
LD3 7JP,304545,228608
LD3 7JQ,313084,222778
LD3 7JW,304632,229066
LD3 7LA,304469,228674
LD3 7LB,304588,228505
LD3 7LD,304481,228722
LD3 7LE,304428,228671
LD3 7LF,304445,228678
LD3 7LH,304468,228707
LD3 7LJ,308692,225984
LD3 7LL,304504,228830
LD3 7LN,304648,229045
LD3 7LP,304563,228987
LD3 7LQ,307029,224990
LD3 7LS,304481,228843
LD3 7LT,304453,228739
LD3 7LU,304548,228756
LD3 7LW,304552,228936
LD3 7LX,309246,224906
LD3 7LY,304600,228757
LD3 7LZ,310136,224143
LD3 7NA,304626,228827
LD3 7NB,304525,228871
LD3 7ND,304577,228881
LD3 7NE,304703,228760
LD3 7NF,304756,228855
LD3 7NG,304677,228826
LD3 7NH,304725,228843
LD3 7NJ,315025,221693
LD3 7NL,304726,229018
LD3 7NN,304807,228985
LD3 7NP,304921,228887
LD3 7NQ,314961,221850
LD3 7NR,304847,228725
LD3 7NS,304920,228742
LD3 7NT,304883,228611
LD3 7NU,309429,225076
LD3 7NW,304820,228883
LD3 7NX,314992,221205
LD3 7NY,304796,228734
LD3 7NZ,314446,220298
LD3 7PA,304792,228798
LD3 7PB,304767,228620
LD3 7PD,304708,228691
LD3 7PE,304419,228738
LD3 7PF,305136,228001
LD3 7PG,304879,228812
LD3 7PJ,312408,226028
LD3 7PL,305430,227914
LD3 7PN,305951,228044
LD3 7PP,305886,228109
LD3 7PQ,311190,226125
LD3 7PR,306173,228243
LD3 7PS,306256,228248
LD3 7PT,306266,228301
LD3 7PW,305945,228103
LD3 7PX,313178,225126
LD3 7PY,306262,227959
LD3 7PZ,314460,222994
LD3 7RA,306262,227959
LD3 7RB,306262,227959
LD3 7RD,306122,228224
LD3 7RE,306136,227970
LD3 7RH,305937,227880
LD3 7RJ,314889,221916
LD3 7RL,305905,227978
LD3 7RN,305782,228029
LD3 7RP,305522,228079
LD3 7RQ,314989,222037
LD3 7RR,305491,228131
LD3 7RS,304997,228473
LD3 7RT,305211,228266
LD3 7RU,305974,227957
LD3 7RW,305643,228045
LD3 7RX,314755,221464
LD3 7RZ,314959,221892
LD3 7SA,305333,228230
LD3 7SB,315359,222096
LD3 7SD,307540,225696
LD3 7SE,304696,228558
LD3 7SF,307497,228207
LD3 7SG,306084,227918
LD3 7SH,306993,227893
LD3 7SJ,315395,222061
LD3 7SL,307662,227487
LD3 7SN,307555,227980
LD3 7SP,307992,228548
LD3 7SQ,315599,221938
LD3 7SR,304997,229465
LD3 7SS,305066,229799
LD3 7ST,306192,227932
LD3 7SU,308769,227911
LD3 7SW,307374,228660
LD3 7SX,314455,223485
LD3 7SY,310713,227179
LD3 7SZ,314451,225276
LD3 7TA,310882,227313
LD3 7TB,310694,227470
LD3 7TD,310770,227493
LD3 7TE,311415,227567
LD3 7TF,311185,228421
LD3 7TG,311287,228278
LD3 7TH,311366,228431
LD3 7TJ,311415,228303
LD3 7TL,311488,228369
LD3 7TN,311652,228531
LD3 7TP,311749,228251
LD3 7TQ,314104,224960
LD3 7TR,313102,227709
LD3 7TS,313486,227775
LD3 7TT,313423,228010
LD3 7TU,314153,229224
LD3 7TW,311993,229548
LD3 7TX,311139,228361
LD3 7TY,313455,227658
LD3 7UA,313391,227577
LD3 7UB,313506,227590
LD3 7UD,313589,227575
LD3 7UE,314023,227626
LD3 7UG,313794,227426
LD3 7UH,314875,226806
LD3 7UL,315509,228344
LD3 7UN,315121,229028
LD3 7UP,310982,229609
LD3 7UQ,310880,223631
LD3 7UR,313872,227595
LD3 7US,313927,227401
LD3 7UU,314210,227629
LD3 7UW,310116,228625
LD3 7UX,311155,223084
LD3 7UY,307659,227211
LD3 7UZ,311220,222841
LD3 7WD,303059,227907
LD3 7WJ,303059,227907
LD3 7WL,303059,227907
LD3 7WN,303059,227907
LD3 7WR,303059,227907
LD3 7WU,303059,227907
LD3 7YA,308924,226911
LD3 7YB,308963,226386
LD3 7YD,309527,226081
LD3 7YE,310504,225010
LD3 7YF,312217,223588
LD3 7YG,311582,224576
LD3 7YH,310880,223631
LD3 7YJ,311312,222737
LD3 7YL,311491,222495
LD3 7YN,310367,223139
LD3 7YP,311752,222430
LD3 7YQ,311298,222791
LD3 7YR,312463,220588
LD3 7YS,310503,221369
LD3 7YT,310299,218533
LD3 7YU,311744,221101
LD3 7YW,310755,222625
LD3 7YX,311402,222604
LD3 7YZ,311428,222619
LD3 7ZY,303059,227907
LD3 7ZZ,303059,227907
LD3 8AD,304287,228441
LD3 8AF,304210,228436
LD3 8AH,304179,228556
LD3 8AL,303985,228426
LD3 8AN,304051,228496
LD3 8AP,303985,228343
LD3 8AR,303883,228402
LD3 8AS,303887,228420
LD3 8AT,303891,228438
LD3 8AU,303938,228556
LD3 8AW,303956,228427
LD3 8AY,303918,228478
LD3 8BA,303954,228601
LD3 8BB,303954,228494
LD3 8BD,304012,228665
LD3 8BE,303953,228686
LD3 8BG,303776,228587
LD3 8BH,292148,229374
LD3 8BL,304103,228572
LD3 8BN,304313,228420
LD3 8BT,302841,228187
LD3 8BU,303911,228407
LD3 8BY,303869,228367
LD3 8DA,303748,228391
LD3 8DB,303813,228498
LD3 8DD,303645,228407
LD3 8DE,303553,228385
LD3 8DF,303795,228560
LD3 8DG,303634,228336
LD3 8DH,303688,228348
LD3 8DJ,303506,228264
LD3 8DL,303661,228309
LD3 8DN,303490,228331
LD3 8DP,303541,228211
LD3 8DQ,303516,228379
LD3 8DR,303526,228231
LD3 8DS,303775,228221
LD3 8DT,303679,228162
LD3 8DU,303663,228193
LD3 8DW,303453,228295
LD3 8DX,303522,228461
LD3 8DY,303570,228115
LD3 8EA,303749,228089
LD3 8EB,303834,228305
LD3 8ED,303362,228313
LD3 8EE,303723,228147
LD3 8EF,302672,228420
LD3 8EG,303293,228369
LD3 8EH,301888,227144
LD3 8EJ,299447,226111
LD3 8EL,299884,226339
LD3 8EN,299343,225966
LD3 8EP,298390,225116
LD3 8ER,297735,226210
LD3 8ES,297895,228459
LD3 8ET,296959,227429
LD3 8EU,297128,228782
LD3 8EW,299361,225608
LD3 8EX,302877,228495
LD3 8EY,296476,229011
LD3 8FB,299450,225929
LD3 8HA,295007,228836
LD3 8HB,295286,229122
LD3 8HD,294481,229523
LD3 8HE,293632,229782
LD3 8HF,294861,229711
LD3 8HG,294473,229957
LD3 8HH,293119,229763
LD3 8HL,292768,230343
LD3 8HN,293542,231134
LD3 8HP,296181,229428
LD3 8HR,296977,229644
LD3 8HS,297478,229858
LD3 8HT,299356,226054
LD3 8HW,294829,230531
LD3 8LA,303142,227993
LD3 8LB,303070,227279
LD3 8LD,301855,226145
LD3 8LE,301953,225252
LD3 8LF,302796,226819
LD3 8LG,302569,226152
LD3 8LH,303392,224796
LD3 8LJ,303437,228238
LD3 8LL,304062,224062
LD3 8LN,303953,225654
LD3 8LP,306244,224269
LD3 8LR,305604,225494
LD3 8LS,305308,226428
LD3 8LT,304322,226507
LD3 8LU,304286,227390
LD3 8LW,305234,224812
LD3 8NA,302770,227467
LD3 8NB,301076,226751
LD3 8ND,299690,225878
LD3 8NE,300352,225136
LD3 8NF,298279,223490
LD3 8NG,298691,224763
LD3 8NH,297520,223278
LD3 8NL,298258,220351
LD3 8NN,297416,224553
LD3 8NP,295159,223735
LD3 8NR,296318,226421
LD3 8NS,299721,227741
LD3 8NU,303059,227907
LD3 8NW,296119,224191
LD3 8PA,303293,228440
LD3 8PB,301184,228245
LD3 8PD,301230,228096
LD3 8PE,300951,227879
LD3 8PF,300023,228462
LD3 8PG,292224,228791
LD3 8PH,292082,228669
LD3 8PJ,301068,228122
LD3 8PL,291853,228809
LD3 8PN,292219,229158
LD3 8PP,292058,228575
LD3 8PR,291987,228569
LD3 8PS,291851,228445
LD3 8PT,290366,228973
LD3 8PU,289353,227429
LD3 8PW,292084,228637
LD3 8PY,288946,226347
LD3 8RA,289077,225798
LD3 8RB,289179,229714
LD3 8RD,288435,230595
LD3 8RE,287160,231345
LD3 8RF,286353,229811
LD3 8RG,286909,231042
LD3 8RH,285129,231603
LD3 8RL,292237,228687
LD3 8RP,292885,229287
LD3 8RR,292401,228838
LD3 8RS,292254,228703
LD3 8RT,292291,228479
LD3 8RU,292352,228396
LD3 8RY,292379,228339
LD3 8SA,292231,227836
LD3 8SB,292543,228016
LD3 8SD,292565,227959
LD3 8SE,292560,227821
LD3 8SF,292583,227674
LD3 8SG,292587,227623
LD3 8SH,292611,227899
LD3 8SL,292625,227716
LD3 8SN,292625,227667
LD3 8SP,292953,226742
LD3 8SR,293641,226494
LD3 8SS,293416,225289
LD3 8ST,292357,224596
LD3 8SU,293121,222771
LD3 8SW,292790,227650
LD3 8SY,290742,222870
LD3 8TA,294017,223340
LD3 8TB,294633,228598
LD3 8TD,295053,227531
LD3 8TE,295234,226454
LD3 8TF,296062,228889
LD3 8TG,294586,225535
LD3 8TL,290992,224168
LD3 8TN,292393,228895
LD3 8TP,292585,229132
LD3 8TR,292618,229206
LD3 8TS,292363,229403
LD3 8TT,291962,230314
LD3 8TU,291021,231021
LD3 8TW,292473,229042
LD3 8TY,289914,230178
LD3 8UA,292640,232189
LD3 8UB,290925,232974
LD3 8UD,290099,234301
LD3 8UE,288150,229080
LD3 8UF,288083,229099
LD3 8UG,288039,229041
LD3 8UH,287788,229171
LD3 8UL,287803,229285
LD3 8UP,288050,229186
LD3 8UQ,287857,229240
LD3 8UR,288063,228382
LD3 8UT,288990,227865
LD3 8UU,289790,228651
LD3 8UW,287948,229297
LD3 8UY,286669,226771
LD3 8WD,303059,227907
LD3 8WQ,303059,227907
LD3 8YA,287214,225052
LD3 8YB,287856,225621
LD3 8YD,285146,225714
LD3 8YE,286061,227512
LD3 8YF,284537,228462
LD3 8YG,284525,226924
LD3 8YH,292159,227403
LD3 8YL,290795,224932
LD3 8YN,289623,224217
LD3 8YP,289548,224423
LD3 8YR,288242,223083
LD3 8YS,287272,223735
LD3 8YT,288493,224674
LD3 8YU,289581,225064
LD3 8YW,289591,224300
LD3 8YY,288942,221608
LD3 9AA,304394,228517
LD3 9AB,304381,228562
LD3 9AD,304404,228592
LD3 9AE,304413,228640
LD3 9AF,304373,228635
LD3 9AH,304373,228650
LD3 9AL,304344,228592
LD3 9AN,304329,228644
LD3 9AP,304123,228781
LD3 9AR,304211,228745
LD3 9AS,304065,228800
LD3 9AT,304183,228779
LD3 9AU,304164,228783
LD3 9AY,304163,228732
LD3 9BA,304045,228880
LD3 9BB,304133,228849
LD3 9BD,304123,228861
LD3 9BE,304239,228878
LD3 9BG,304197,228809
LD3 9BH,304177,228832
LD3 9BL,304112,228889
LD3 9BN,304193,228874
LD3 9BP,304652,229504
LD3 9BQ,304732,229651
LD3 9BR,304584,229661
LD3 9BS,304437,229695
LD3 9BT,304304,229572
LD3 9BU,304407,228741
LD3 9BW,304157,228816
LD3 9DA,304393,228694
LD3 9DB,304285,228730
LD3 9DD,304429,228720
LD3 9DE,304264,228850
LD3 9DF,304378,228840
LD3 9DG,304409,228845
LD3 9DH,304448,228906
LD3 9DJ,304243,228793
LD3 9DL,304362,228925
LD3 9DN,304356,228981
LD3 9DP,304379,228978
LD3 9DR,304314,228970
LD3 9DS,304336,228891
LD3 9DT,304269,228881
LD3 9DU,304222,228910
LD3 9DW,304349,229017
LD3 9DX,304347,228962
LD3 9DY,304219,228935
LD3 9EA,304315,229232
LD3 9EB,304325,229044
LD3 9ED,304416,229128
LD3 9EE,304393,228668
LD3 9EF,304299,229122
LD3 9EG,304257,229185
LD3 9EH,304346,229407
LD3 9EL,304335,229483
LD3 9EN,304417,229335
LD3 9EP,304545,229279
LD3 9EQ,304731,229402
LD3 9ER,304452,229568
LD3 9ES,304501,229462
LD3 9ET,304660,229399
LD3 9EU,304479,229132
LD3 9EW,304446,229209
LD3 9EY,304665,229437
LD3 9HA,303960,228939
LD3 9HB,304103,228972
LD3 9HD,304153,228928
LD3 9HE,304247,228976
LD3 9HF,304198,228977
LD3 9HG,304255,229064
LD3 9HH,304162,229023
LD3 9HJ,304256,229263
LD3 9HL,304133,229104
LD3 9HN,304234,229110
LD3 9HP,304035,229165
LD3 9HR,304010,229230
LD3 9HS,304204,229270
LD3 9HT,304107,229292
LD3 9HU,304056,229365
LD3 9HW,304153,229167
LD3 9HY,303990,229280
LD3 9LA,304185,228919
LD3 9LB,304207,228871
LD3 9LD,304172,229372
LD3 9LE,304021,229483
LD3 9LF,303920,229508
LD3 9LG,304010,229003
LD3 9LH,303893,229132
LD3 9LL,303914,228991
LD3 9LN,303762,230532
LD3 9LP,301717,231094
LD3 9LR,301620,230637
LD3 9LS,298388,230491
LD3 9LT,297142,232039
LD3 9LU,295077,232655
LD3 9LW,302025,230565
LD3 9LY,296281,232979
LD3 9NA,294297,234298
LD3 9NB,293781,235707
LD3 9ND,298163,233888
LD3 9NE,299789,232463
LD3 9NF,299873,231346
LD3 9NG,298675,229277
LD3 9NH,298416,229586
LD3 9NL,297489,230557
LD3 9NN,298337,229923
LD3 9NP,300294,230487
LD3 9NR,299420,231123
LD3 9NS,300089,231037
LD3 9NT,300396,229828
LD3 9NU,300474,230634
LD3 9NW,299621,229814
LD3 9NY,301036,230475
LD3 9PA,301718,229825
LD3 9PB,301627,230528
LD3 9PD,301734,230643
LD3 9PE,302256,230146
LD3 9PF,303561,229320
LD3 9PG,303452,228983
LD3 9PH,302051,228976
LD3 9PL,304153,229507
LD3 9PN,304012,229544
LD3 9PP,303023,232013
LD3 9PR,302834,232828
LD3 9PS,303328,232568
LD3 9PT,302599,232639
LD3 9PU,302998,233373
LD3 9PW,303125,233771
LD3 9PY,303148,233643
LD3 9QA,301651,230459
LD3 9RA,303160,233720
LD3 9RB,303083,234053
LD3 9RD,302890,234718
LD3 9RE,303037,235811
LD3 9RF,302399,237056
LD3 9RG,300749,240527
LD3 9RH,302855,235907
LD3 9RL,305685,230933
LD3 9RN,300921,231021
LD3 9RP,300480,234294
LD3 9RR,299621,234078
LD3 9RS,299733,234587
LD3 9RT,298887,234987
LD3 9RU,297224,234992
LD3 9RW,300230,232436
LD3 9RY,299423,235147
LD3 9SA,297579,236705
LD3 9SB,296747,238183
LD3 9SD,298507,237521
LD3 9SE,298727,238181
LD3 9SF,298940,238755
LD3 9SG,299624,237180
LD3 9SH,300554,235872
LD3 9SN,305159,229726
LD3 9SP,305694,229220
LD3 9SR,305132,229134
LD3 9SS,305561,230751
LD3 9ST,305489,230785
LD3 9SU,304675,230979
LD3 9SW,305679,230020
LD3 9SY,305641,230675
LD3 9TA,307588,231544
LD3 9TB,307876,232097
LD3 9TD,306691,231759
LD3 9TE,306113,233253
LD3 9TF,306350,232345
LD3 9TG,304346,232817
LD3 9TH,307189,235127
LD3 9TL,305405,236090
LD3 9TN,304925,234796
LD3 9TP,303897,234062
LD3 9TR,303625,231894
LD3 9TS,304038,231407
LD3 9TT,303456,232467
LD3 9TW,304885,233544
LD3 9UA,303704,229315
LD3 9UB,303835,229316
LD3 9UD,303869,229411
LD3 9UE,303890,229240
LD3 9UF,303797,229425
LD3 9WJ,303059,227907
LD3 9WQ,303059,227907
LD4 4AA,293613,247622
LD4 4AB,295033,248971
LD4 4AE,295124,249480
LD4 4AF,295334,249468
LD4 4AG,295004,249538
LD4 4AH,295097,249568
LD4 4AL,294354,249884
LD4 4AN,293260,249670
LD4 4AP,293721,250933
LD4 4AR,295391,249590
LD4 4AS,295438,249721
LD4 4AT,295482,249603
LD4 4AU,295838,249991
LD4 4AW,294128,250318
LD4 4AY,296717,250048
LD4 4BA,297918,250386
LD4 4BB,298081,251126
LD4 4BD,297938,251730
LD4 4BG,296365,251498
LD4 4BH,295663,249165
LD4 4BL,296598,248741
LD4 4BN,295881,248400
LD4 4BS,294475,247452
LD4 4BT,293458,247007
LD4 4BU,295148,247987
LD4 4BW,293628,247558
LD4 4BY,293365,247318
LD4 4DA,292201,248506
LD4 4DB,291326,248206
LD4 4DD,291994,247368
LD4 4DE,291158,246924
LD4 4DF,290525,247631
LD4 4DG,292959,246476
LD4 4DH,291618,246602
LD4 4DL,290447,245622
LD4 4DN,290218,245572
LD4 4DP,289325,244805
LD4 4DR,287852,241300
LD4 4DS,287824,241386
LD4 4DU,289768,242642
LD4 4DW,290899,244285
LD4 4EA,293571,247119
LD4 4EB,293615,247195
LD4 4ED,293544,247245
LD4 4EE,293549,247344
LD4 4EF,293576,247184
LD4 4EG,293567,247144
LD4 4EH,293549,247122
LD4 4EL,293878,247161
LD4 4EN,293717,246671
LD4 4EP,292883,246858
LD4 4ER,292556,246682
LD4 4ES,291668,245366
LD4 4EW,293331,246900
LD5 4AB,288774,249803
LD5 4AD,286021,247718
LD5 4AE,287381,246971
LD5 4AF,289622,246259
LD5 4AG,288468,247529
LD5 4BA,288144,246889
LD5 4RA,287792,246744
LD5 4RB,287918,246707
LD5 4RD,287887,246784
LD5 4RE,287937,246740
LD5 4RF,288005,246809
LD5 4RG,288119,246769
LD5 4RH,287934,246667
LD5 4RJ,288261,246664
LD5 4RL,288071,246662
LD5 4RN,288080,246573
LD5 4RP,288329,246452
LD5 4RQ,288150,246682
LD5 4RR,289015,246115
LD5 4RS,288673,246532
LD5 4RT,288222,246828
LD5 4RU,288089,246735
LD5 4RW,287992,246598
LD5 4SA,288217,246959
LD5 4SB,288907,248477
LD5 4SD,288468,247529
LD5 4SE,288532,247603
LD5 4SF,289400,249368
LD5 4SG,289466,249918
LD5 4SL,287993,248261
LD5 4SN,287519,246995
LD5 4SP,287853,246671
LD5 4SR,287855,246633
LD5 4SS,287804,246685
LD5 4ST,287808,246596
LD5 4SU,287674,246621
LD5 4SY,287088,246803
LD5 4TA,287613,246349
LD5 4TB,287893,246082
LD5 4TD,287522,244403
LD5 4TE,286191,245044
LD5 4TH,287130,247007
LD5 4TL,286711,248019
LD5 4TN,285788,250229
LD5 4TP,286078,253139
LD5 4TR,283586,255597
LD5 4TS,288269,254397
LD5 4TT,290409,252489
LD5 4TW,284951,251757
LD5 4TY,291156,251975
LD5 4UA,291389,251393
LD5 4UB,291864,251374
LD5 4UD,292396,251667
LD5 4UE,292391,252720
LD5 4UF,292337,250140
LD5 4UG,290865,249498
LD5 4UH,290990,250423
LD5 4UL,289438,250750
LD5 4UN,289906,249938
LD5 4UP,292108,251170
LD5 4UR,292173,251237
LD5 4UT,292186,251224
LD5 4UU,292116,251264
LD5 4UY,291951,251301
LD5 4YA,291817,251312
LD5 4YB,291784,251216
LD5 4YD,292312,251315
LD5 4YE,292181,251752
LD5 4YF,291677,252039
LD5 4YG,290535,253678
LD6 5AB,297031,267959
LD6 5AD,297051,267946
LD6 5AF,297028,267920
LD6 5AG,296912,267910
LD6 5AH,296902,267875
LD6 5AL,296891,267868
LD6 5AN,296878,267826
LD6 5AP,296773,267853
LD6 5AR,296774,267768
LD6 5AS,296671,267706
LD6 5AT,296914,267996
LD6 5AU,296930,268002
LD6 5AW,296748,267900
LD6 5AY,296944,268107
LD6 5BA,296870,268048
LD6 5BB,296961,268200
LD6 5BD,296945,268223
LD6 5BE,296954,268250
LD6 5BG,296988,268274
LD6 5BH,297248,267811
LD6 5BL,297821,267627
LD6 5BN,297325,267898
LD6 5BP,296987,267846
LD6 5BT,297055,268043
LD6 5BU,297053,268087
LD6 5BW,296736,267956
LD6 5BY,296998,268048
LD6 5DA,297122,268235
LD6 5DB,297388,268353
LD6 5DD,297007,268212
LD6 5DE,297033,268288
LD6 5DF,297164,268275
LD6 5DG,297158,268340
LD6 5DH,297430,268448
LD6 5DJ,297085,268325
LD6 5DL,297131,268036
LD6 5DN,297164,268057
LD6 5DP,297229,268146
LD6 5DR,297362,268180
LD6 5DS,297225,268074
LD6 5DU,297173,268034
LD6 5DW,297205,268218
LD6 5DY,297646,268290
LD6 5DZ,297739,268407
LD6 5EA,297287,268108
LD6 5EB,297247,268049
LD6 5ED,297261,268060
LD6 5EE,297223,267996
LD6 5EF,297550,268328
LD6 5EG,297549,268378
LD6 5EH,297413,268272
LD6 5EL,297283,268245
LD6 5EN,297714,268128
LD6 5EP,297507,268492
LD6 5ER,297469,268174
LD6 5EU,296493,267870
LD6 5EW,297644,268211
LD6 5EY,295512,268344
LD6 5HA,295145,269971
LD6 5HB,294906,267487
LD6 5HD,294410,266940
LD6 5HE,290377,264384
LD6 5HF,288248,262973
LD6 5HG,296773,267372
LD6 5HH,295969,267239
LD6 5HL,294569,266506
LD6 5HN,293800,265777
LD6 5HP,293271,264907
LD6 5HR,293202,264421
LD6 5HS,288851,269973
LD6 5HT,294971,269079
LD6 5HW,293435,265376
LD6 5HY,293588,265507
LD6 5LA,296900,268382
LD6 5LB,296785,268597
LD6 5LD,295539,270044
LD6 5LE,294491,272407
LD6 5LF,296351,272308
LD6 5LG,298360,272869
LD6 5LH,298669,273009
LD6 5LJ,298498,273719
LD6 5LL,298374,274614
LD6 5LN,298392,274874
LD6 5LP,296681,277913
LD6 5LQ,299056,272518
LD6 5LR,296373,275814
LD6 5LS,297226,268410
LD6 5LT,297331,269621
LD6 5LU,298988,272523
LD6 5LW,298077,275970
LD6 5LY,299526,274472
LD6 5LZ,298733,272793
LD6 5NA,299293,275270
LD6 5NB,301484,276718
LD6 5ND,302628,274821
LD6 5NE,303146,274545
LD6 5NF,303302,275305
LD6 5NG,300226,272767
LD6 5NH,300851,270134
LD6 5NL,300988,269391
LD6 5NN,297231,268324
LD6 5NP,297339,268589
LD6 5NR,297881,269266
LD6 5NS,298798,269742
LD6 5NT,299638,269136
LD6 5NU,298191,268180
LD6 5NY,299328,268153
LD6 5PA,298896,268451
LD6 5PB,300028,267946
LD6 5PD,300204,267025
LD6 5PE,302539,267912
LD6 5PL,296977,268400
LD6 5PN,297332,268506
LD6 5PP,297073,268473
LD6 5PW,297112,268525
LD6 5UZ,297235,268079
LD6 5WB,297235,268079
LD7 1AA,328659,272352
LD7 1AD,328665,272378
LD7 1AE,328699,272276
LD7 1AF,328638,272267
LD7 1AG,328628,272403
LD7 1AH,328598,272293
LD7 1AJ,328712,272541
LD7 1AL,328655,272511
LD7 1AN,328682,272503
LD7 1AP,328693,272531
LD7 1AR,328678,272541
LD7 1AS,328650,272532
LD7 1AT,328530,272334
LD7 1AU,328539,272309
LD7 1AW,328688,272511
LD7 1BA,328432,272275
LD7 1BB,328454,272323
LD7 1BD,328620,272467
LD7 1BE,328767,272513
LD7 1BG,328730,272220
LD7 1BL,328619,272272
LD7 1BS,328596,272337
LD7 1BT,328708,272187
LD7 1BU,328724,272265
LD7 1BW,328619,272272
LD7 1DA,328710,272329
LD7 1DB,328701,272127
LD7 1DE,328371,272023
LD7 1DF,328595,272054
LD7 1DG,328684,272024
LD7 1DH,328633,272150
LD7 1DJ,328808,272133
LD7 1DL,328464,272052
LD7 1DN,328465,272137
LD7 1DP,328710,272255
LD7 1DQ,328263,272015
LD7 1DR,328789,272269
LD7 1DS,328816,272273
LD7 1DT,328904,272359
LD7 1DU,328823,272305
LD7 1DW,328599,272186
LD7 1DY,328961,272488
LD7 1EA,328831,272604
LD7 1EB,328761,272400
LD7 1ED,328803,272371
LD7 1EE,328815,272524
LD7 1EF,328111,271887
LD7 1EG,327938,271749
LD7 1EH,328154,272223
LD7 1EN,328501,272430
LD7 1EP,328341,272530
LD7 1ER,328268,272360
LD7 1ES,328334,272426
LD7 1ET,328466,272421
LD7 1EU,328434,272385
LD7 1EW,328520,272523
LD7 1EY,328374,272349
LD7 1HA,328372,272296
LD7 1HB,328106,272182
LD7 1HD,328227,272242
LD7 1HE,328115,272092
LD7 1HF,328421,272206
LD7 1HG,328546,272235
LD7 1HH,328024,272204
LD7 1HJ,329305,272057
LD7 1HL,328475,272193
LD7 1HN,328121,272397
LD7 1HP,329005,271975
LD7 1HQ,328205,272061
LD7 1HS,329386,272084
LD7 1HT,329472,272167
LD7 1HU,328761,272082
LD7 1HW,329334,271965
LD7 1HX,328964,271910
LD7 1HY,328976,271727
LD7 1LA,329323,271865
LD7 1LB,329246,271932
LD7 1LD,329308,271611
LD7 1LE,329221,271671
LD7 1LF,329115,271784
LD7 1LG,328053,272296
LD7 1LJ,329104,271612
LD7 1LN,328677,270266
LD7 1LP,329714,272257
LD7 1LR,331272,272521
LD7 1LS,331145,271932
LD7 1LT,332302,272690
LD7 1LU,334545,272518
LD7 1LW,330049,270965
LD7 1LY,332325,270292
LD7 1NA,334309,271361
LD7 1NB,331146,273449
LD7 1ND,330854,273659
LD7 1NE,328752,273724
LD7 1NF,328614,275444
LD7 1NG,327543,270643
LD7 1NH,328065,269483
LD7 1NJ,327273,267218
LD7 1NL,327494,268018
LD7 1NN,327218,266790
LD7 1NP,326698,267768
LD7 1NQ,327167,267164
LD7 1NR,324686,268061
LD7 1NS,323814,268580
LD7 1NT,323769,268435
LD7 1NU,323604,268034
LD7 1NW,326806,266973
LD7 1NY,322165,267955
LD7 1PA,320404,268283
LD7 1PB,319569,267105
LD7 1PD,327453,269236
LD7 1PE,326548,270067
LD7 1PF,325034,274296
LD7 1PG,326785,272176
LD7 1PH,326707,273101
LD7 1PL,325082,273902
LD7 1PN,325314,274201
LD7 1PP,325149,274300
LD7 1PR,325012,274329
LD7 1PS,324809,274390
LD7 1PT,324376,274215
LD7 1PU,323592,273905
LD7 1PW,325295,274245
LD7 1PY,323947,274449
LD7 1PZ,325503,274194
LD7 1RA,321891,274220
LD7 1RB,324707,275488
LD7 1RD,324633,275649
LD7 1RE,324119,275422
LD7 1RF,324607,275776
LD7 1RG,324481,275877
LD7 1RH,320377,276453
LD7 1RL,321150,277371
LD7 1RN,322493,276606
LD7 1RP,323382,275886
LD7 1RR,325399,274160
LD7 1RS,328386,272232
LD7 1RT,328201,272099
LD7 1RW,323085,276415
LD7 1RY,328177,272162
LD7 1SA,327884,272188
LD7 1SB,327933,272109
LD7 1SD,327563,271576
LD7 1SE,326870,270646
LD7 1SF,324940,270435
LD7 1SG,323949,269864
LD7 1SH,323777,269096
LD7 1SL,322360,270346
LD7 1SN,321482,271142
LD7 1SP,321047,271394
LD7 1SR,320946,271255
LD7 1SS,321234,271486
LD7 1ST,321090,271982
LD7 1SU,319522,272119
LD7 1SW,321203,271298
LD7 1SY,320783,273650
LD7 1TA,321485,272579
LD7 1TB,322873,272737
LD7 1TD,322817,271651
LD7 1TE,324253,272872
LD7 1TN,328262,272982
LD7 1TP,326620,275288
LD7 1TR,326373,276938
LD7 1TS,324940,275955
LD7 1TT,325306,274536
LD7 1TU,323927,276501
LD7 1TW,327343,273982
LD7 1TY,323739,278337
LD7 1UA,322307,278748
LD7 1UB,322335,279713
LD7 1UD,320883,280546
LD7 1UE,321322,278610
LD7 1UF,321504,277637
LD7 1UG,317873,279661
LD7 1UH,318468,278856
LD7 1UP,328058,272557
LD7 1UR,327170,273055
LD7 1UT,327124,273320
LD7 1UU,325606,274261
LD7 1UW,319106,281527
LD7 1UY,323802,276007
LD7 1WT,328710,272329
LD7 1YA,321909,277116
LD7 1YB,321027,277763
LD7 1YD,320210,278950
LD7 1YE,319556,279664
LD7 1YF,319421,279704
LD7 1YG,319316,279893
LD7 1YH,318052,280306
LD7 1YL,317139,280928
LD7 1YN,317010,281108
LD7 1YP,316811,281288
LD7 1YR,315978,280301
LD7 1YS,317219,281818
LD7 1YT,314390,282987
LD7 1YU,318532,280817
LD7 1YW,316947,281191
LD7 1YY,318228,283387
LD7 1ZY,328710,272329
LD7 9AD,328710,272329
LD7 9AF,328710,272329
LD7 9AL,328710,272329
LD8 2AA,331429,264431
LD8 2AB,331519,264482
LD8 2AD,331482,264425
LD8 2AE,331546,264475
LD8 2AF,331591,264512
LD8 2AG,331656,264559
LD8 2AH,331547,264467
LD8 2AJ,331978,263768
LD8 2AN,331534,264395
LD8 2AP,331501,264330
LD8 2AR,331586,264260
LD8 2AS,331649,264208
LD8 2AT,331554,264256
LD8 2AU,331464,264311
LD8 2AW,331470,264334
LD8 2AY,331841,264031
LD8 2BA,331379,264462
LD8 2BB,331277,264596
LD8 2BD,331392,264379
LD8 2BE,331361,264448
LD8 2BG,331186,264658
LD8 2BH,331207,264619
LD8 2BL,331130,264661
LD8 2BP,331380,264566
LD8 2BS,331503,264587
LD8 2BT,331495,264589
LD8 2BU,331498,264604
LD8 2BW,330986,264727
LD8 2BY,331389,264657
LD8 2DA,331292,264677
LD8 2DB,331311,264642
LD8 2DD,331228,264558
LD8 2DE,331621,264100
LD8 2DG,331813,264217
LD8 2DH,330819,264674
LD8 2DL,331459,264196
LD8 2DN,331521,264176
LD8 2DP,331306,264382
LD8 2DR,331405,264363
LD8 2DS,331327,264290
LD8 2DT,331345,264351
LD8 2DU,331379,264164
LD8 2DW,331587,264122
LD8 2DX,330117,267201
LD8 2DY,331224,264427
LD8 2EA,331199,264402
LD8 2EB,331172,264425
LD8 2ED,328740,265752
LD8 2EE,328421,265490
LD8 2EF,329829,266272
LD8 2EG,329455,266682
LD8 2EH,330423,266850
LD8 2EL,330445,267060
LD8 2EN,330208,267197
LD8 2EP,329171,268091
LD8 2ER,329729,268821
LD8 2ES,331126,264829
LD8 2ET,330907,265149
LD8 2EU,330989,265975
LD8 2EW,330153,267898
LD8 2EY,330482,267282
LD8 2HA,330431,268296
LD8 2HB,331340,267677
LD8 2HD,331625,266944
LD8 2HE,331514,264487
LD8 2HF,331772,264129
LD8 2HG,333331,263673
LD8 2HH,334274,263553
LD8 2HL,334520,263501
LD8 2HN,335347,264422
LD8 2HP,336085,264432
LD8 2HR,336265,265035
LD8 2HS,336994,263591
LD8 2HU,336689,262659
LD8 2HW,335920,264605
LD8 2HY,336247,263073
LD8 2LA,331702,263713
LD8 2LB,332041,264056
LD8 2LD,332091,263531
LD8 2LE,330604,262515
LD8 2LG,330778,262290
LD8 2LH,332678,262225
LD8 2LL,332205,262657
LD8 2LN,331683,264676
LD8 2LP,332622,264568
LD8 2LR,331884,265211
LD8 2LS,332391,265494
LD8 2LT,333878,266379
LD8 2LU,334265,267053
LD8 2LW,331772,264796
LD8 2LY,333022,268207
LD8 2NA,334102,268053
LD8 2NB,333727,269701
LD8 2ND,332609,268445
LD8 2NE,331137,264090
LD8 2NF,329701,265441
LD8 2NG,330754,263374
LD8 2NH,330466,263851
LD8 2NJ,331159,264209
LD8 2NL,329577,264624
LD8 2NN,327688,263990
LD8 2NP,328857,265050
LD8 2NR,327122,265139
LD8 2NS,326830,265492
LD8 2NT,323976,266171
LD8 2NU,325645,260626
LD8 2NW,327677,264832
LD8 2NX,330205,267319
LD8 2NY,330963,264052
LD8 2PA,326192,263427
LD8 2PB,326527,264177
LD8 2PD,324907,263662
LD8 2PE,324449,262973
LD8 2PF,323450,264933
LD8 2PG,323866,263147
LD8 2PH,325790,259504
LD8 2PL,325702,258931
LD8 2PN,325240,258557
LD8 2PP,324439,257519
LD8 2PR,329086,260756
LD8 2PS,327641,260173
LD8 2PT,326587,260520
LD8 2PU,326462,259958
LD8 2PW,325079,258297
LD8 2PY,325587,259800
LD8 2RA,324609,260778
LD8 2RB,324606,259984
LD8 2RD,322979,260580
LD8 2RE,323169,259425
LD8 2RF,325539,259732
LD8 2RG,324986,259188
LD8 2RH,324895,259085
LD8 2RJ,331682,264256
LD8 2RL,324965,258889
LD8 2RN,324613,258088
LD8 2RP,321445,258145
LD8 2RR,323785,257355
LD8 2RS,330441,266602
LD8 2RT,331671,264099
LD8 2RU,331992,264179
LD8 2RW,323890,258268
LD8 2RY,326259,262612
LD8 2SA,326392,262317
LD8 2SB,326316,262310
LD8 2SD,326242,262378
LD8 2SE,326679,263344
LD8 2SF,326528,262412
LD8 2SG,327678,263058
LD8 2SH,327906,261496
LD8 2SJ,326323,262447
LD8 2SL,321151,260911
LD8 2SN,321296,260870
LD8 2SP,321289,260800
LD8 2SQ,326383,262461
LD8 2SR,321220,260783
LD8 2SS,321523,260715
LD8 2ST,321463,260809
LD8 2SU,321362,261055
LD8 2SW,321248,260828
LD8 2SY,321371,260843
LD8 2TA,321419,261021
LD8 2TB,320861,260936
LD8 2TD,321181,260891
LD8 2TE,321103,260838
LD8 2TF,321202,260844
LD8 2TG,322886,262378
LD8 2TH,322498,262294
LD8 2TL,320997,261298
LD8 2TN,319141,258801
LD8 2TP,316785,258340
LD8 2TR,317522,257709
LD8 2TU,321484,260957
LD8 2TW,317104,258779
LD8 2UA,330464,265962
LD8 2UB,330365,266733
LD8 2UF,331353,264045
LD8 2UG,331433,264262
LD8 2UH,331531,263986
LD8 2UN,324951,258484
LD8 2WA,328710,272329
LD8 2WB,328710,272329
LD8 2WE,328710,272329
LD8 2YT,331744,264011
LD8 2ZE,328710,272329
