SM1 1AA,525907,163866
SM1 1AD,525975,164133
SM1 1AG,525975,164133
SM1 1AL,525907,163866
SM1 1AT,525825,164264
SM1 1AW,525806,164393
SM1 1AX,525806,164393
SM1 1AY,525718,164389
SM1 1AZ,525718,164389
SM1 1BA,525933,163853
SM1 1BB,525961,163889
SM1 1BG,525919,163916
SM1 1BS,525863,163908
SM1 1BT,525818,163893
SM1 1DA,525892,163867
SM1 1DD,525876,163948
SM1 1DE,526002,163842
SM1 1DF,525980,163884
SM1 1DJ,525957,163951
SM1 1DR,525942,163993
SM1 1DS,525937,163877
SM1 1DT,525932,164057
SM1 1DU,525914,164138
SM1 1DX,525907,163866
SM1 1DZ,525892,164064
SM1 1EA,525783,164053
SM1 1EH,525857,164189
SM1 1EL,525857,164189
SM1 1EX,525947,164149
SM1 1EZ,525972,164079
SM1 1GJ,525759,164893
SM1 1HF,525997,163970
SM1 1HN,526024,163894
SM1 1HR,525923,164065
SM1 1HT,526033,163882
SM1 1HY,525979,164039
SM1 1JA,526039,163836
SM1 1JB,525832,164115
SM1 1JE,525643,164695
SM1 1JF,525877,164227
SM1 1JG,525864,164242
SM1 1JH,525832,164381
SM1 1JN,525666,164639
SM1 1JP,525833,164375
SM1 1JQ,525842,164294
SM1 1JU,525789,164495
SM1 1JY,525677,164538
SM1 1LB,525780,164581
SM1 1LD,525731,164744
SM1 1LF,525916,164260
SM1 1LG,525717,164863
SM1 1LJ,525717,164863
SM1 1LL,525717,164863
SM1 1LT,525924,164205
SM1 1LU,525897,164262
SM1 1LW,525727,164968
SM1 1LX,525872,164365
SM1 1LZ,525916,164260
SM1 1ND,525898,164272
SM1 1NG,525924,164323
SM1 1NH,525726,164930
SM1 1NL,525857,164463
SM1 1NQ,525927,164352
SM1 1NR,525829,164530
SM1 1NS,525861,164396
SM1 1NT,525800,164623
SM1 1NU,525808,164579
SM1 1NW,525766,164432
SM1 1NX,525795,164642
SM1 1PA,525783,164688
SM1 1PG,525764,164791
SM1 1PQ,525747,164852
SM1 1PR,525756,164939
SM1 1PU,525774,165050
SM1 1PX,525774,165050
SM1 1PY,525774,165050
SM1 1QE,525771,165082
SM1 1QH,525595,164920
SM1 1QJ,525449,164882
SM1 1QL,525483,164996
SM1 1QN,525546,165031
SM1 1QP,525612,165087
SM1 1QR,525609,164978
SM1 1QS,525581,164995
SM1 1QT,525664,165097
SM1 1QU,525581,165142
SM1 1QW,525531,165058
SM1 1QX,525497,165110
SM1 1QY,525562,165210
SM1 1QZ,525486,165208
SM1 1RB,525575,165234
SM1 1RD,525641,165275
SM1 1RE,525598,165377
SM1 1RG,525447,164826
SM1 1RH,525573,164452
SM1 1RJ,525594,164514
SM1 1RL,525628,164467
SM1 1RN,525659,164561
SM1 1RP,525612,164640
SM1 1RQ,525603,164430
SM1 1RR,525603,164710
SM1 1RS,525666,164798
SM1 1RT,525531,164653
SM1 1RU,525425,164776
SM1 1RW,525542,164575
SM1 1RX,525456,164750
SM1 1RY,525464,164797
SM1 1RZ,525485,164774
SM1 1SA,525511,164811
SM1 1SB,525502,164691
SM1 1SD,525679,164743
SM1 1SE,525679,164743
SM1 1SF,525765,164253
SM1 1SG,525749,164340
SM1 1SH,525672,164297
SM1 1SJ,525718,164282
SM1 1SN,525911,163995
SM1 1SP,525665,164350
SM1 1SR,525916,164026
SM1 1ST,525789,164111
SM1 1SW,525732,164293
SM1 1WA,525762,164489
SM1 1WU,525907,163866
SM1 1WW,525907,163866
SM1 1XA,525907,163866
SM1 1XB,525907,163866
SM1 1XD,525907,163866
SM1 1XE,525907,163866
SM1 1YA,525907,163866
SM1 1ZB,525907,163866
SM1 2AB,525745,163808
SM1 2AD,525758,163876
SM1 2AE,525760,163990
SM1 2AF,525802,163835
SM1 2AG,525703,163793
SM1 2AH,525668,163783
SM1 2AJ,525646,163776
SM1 2AL,525508,163801
SM1 2AN,525728,163898
SM1 2AP,525424,163776
SM1 2AQ,525719,163799
SM1 2AR,524886,164205
SM1 2AT,525614,163981
SM1 2AU,525384,163857
SM1 2AW,525540,163751
SM1 2AX,525585,163965
SM1 2AY,525475,163949
SM1 2AZ,525470,163905
SM1 2BA,525481,163820
SM1 2BB,525403,163890
SM1 2BD,525351,163948
SM1 2BE,525258,163909
SM1 2BG,525119,163838
SM1 2BH,525046,163824
SM1 2BL,524958,163704
SM1 2BN,524918,163798
SM1 2BP,524795,163762
SM1 2BS,524688,163733
SM1 2BT,524598,163709
SM1 2BU,524666,163568
SM1 2BW,524890,163721
SM1 2BX,524624,163631
SM1 2BY,524756,164203
SM1 2DA,525350,163850
SM1 2DB,525263,163659
SM1 2DD,525273,163723
SM1 2DE,525180,163747
SM1 2DF,525149,163675
SM1 2DG,525114,163750
SM1 2DH,524841,163538
SM1 2DJ,524788,163561
SM1 2DL,524789,163660
SM1 2DN,524553,163831
SM1 2DP,525319,163818
SM1 2DQ,524980,163618
SM1 2DR,524676,163957
SM1 2DS,524811,164029
SM1 2DT,525435,164139
SM1 2DW,524635,163844
SM1 2DX,525264,163797
SM1 2DY,525705,163995
SM1 2DZ,525658,163912
SM1 2EA,525690,163848
SM1 2EB,524840,163830
SM1 2ED,524683,163858
SM1 2EE,524817,163895
SM1 2EF,524897,163975
SM1 2EG,525001,163977
SM1 2EH,525040,164011
SM1 2EJ,524967,164177
SM1 2EL,524937,164026
SM1 2EN,524907,164153
SM1 2EP,524948,164290
SM1 2EQ,525551,164049
SM1 2ES,524956,164401
SM1 2EU,524983,164450
SM1 2EW,524695,164091
SM1 2EY,525030,164573
SM1 2EZ,524951,164704
SM1 2GA,525792,163919
SM1 2GB,525792,163919
SM1 2GT,525254,164120
SM1 2HB,524884,164876
SM1 2HD,524840,165001
SM1 2HE,524849,165072
SM1 2HG,524927,164863
SM1 2HH,524998,164683
SM1 2HJ,525049,164547
SM1 2HP,524896,164496
SM1 2HR,524919,164530
SM1 2HS,524943,164447
SM1 2HT,524706,164425
SM1 2HU,524736,164484
SM1 2HX,524684,164475
SM1 2HY,524739,164501
SM1 2HZ,524876,164562
SM1 2JA,524770,164570
SM1 2JB,524922,164607
SM1 2JD,524713,164595
SM1 2JE,524844,164636
SM1 2JF,524865,164724
SM1 2JG,524732,164654
SM1 2JH,524627,164620
SM1 2JJ,524592,164647
SM1 2JL,524629,164709
SM1 2JN,524704,164679
SM1 2JP,524909,164661
SM1 2JQ,524659,164627
SM1 2JR,524778,165059
SM1 2JS,524826,164891
SM1 2JU,524797,164866
SM1 2JW,524729,164899
SM1 2JX,524666,164923
SM1 2JY,524572,164775
SM1 2JZ,524692,164864
SM1 2LA,524756,164798
SM1 2LB,524644,164764
SM1 2LD,524694,164748
SM1 2LE,524502,164661
SM1 2LF,524504,164555
SM1 2LG,524574,164453
SM1 2LH,524470,164290
SM1 2LJ,524495,164357
SM1 2LL,524512,164475
SM1 2LN,524460,164446
SM1 2LP,524434,164238
SM1 2LQ,524550,164341
SM1 2LR,524455,164058
SM1 2LW,524427,164380
SM1 2LX,525112,165029
SM1 2LY,524982,165217
SM1 2LZ,524879,165192
SM1 2NA,524805,165173
SM1 2NB,524898,165298
SM1 2ND,525238,165756
SM1 2NE,525322,165893
SM1 2NF,524769,164157
SM1 2NG,525241,165701
SM1 2NH,525260,165619
SM1 2NJ,525181,165550
SM1 2NL,525226,165556
SM1 2NN,525145,165561
SM1 2NT,525125,165290
SM1 2NU,525017,165363
SM1 2NX,525110,165108
SM1 2NZ,525236,165132
SM1 2PA,525259,165108
SM1 2PF,525475,165547
SM1 2PG,525492,165474
SM1 2PH,525313,165502
SM1 2PJ,525317,165451
SM1 2PL,525347,165724
SM1 2PN,525387,165587
SM1 2PP,525268,165679
SM1 2PQ,525401,165432
SM1 2PS,525268,165361
SM1 2PT,525346,165238
SM1 2PU,525271,165406
SM1 2PW,525318,165611
SM1 2PX,525506,165392
SM1 2PY,525347,164543
SM1 2PZ,525333,164570
SM1 2QA,525387,164496
SM1 2QB,525300,164712
SM1 2QD,525275,164445
SM1 2QF,525427,164658
SM1 2QG,525319,164603
SM1 2QH,525404,164711
SM1 2QJ,525279,164640
SM1 2QL,525275,164663
SM1 2QN,525368,164759
SM1 2QP,525261,164965
SM1 2QQ,525343,164645
SM1 2QR,525247,165001
SM1 2QS,525315,165009
SM1 2QT,525354,165031
SM1 2QU,525284,165020
SM1 2QW,525240,164876
SM1 2QX,525266,165047
SM1 2QY,525311,165068
SM1 2QZ,525337,165094
SM1 2RA,525368,165118
SM1 2RB,525284,164889
SM1 2RD,525196,164568
SM1 2RE,525552,164238
SM1 2RF,525651,164064
SM1 2RG,525661,164234
SM1 2RJ,525625,164198
SM1 2RL,525597,164314
SM1 2RN,525562,164280
SM1 2RP,525520,164422
SM1 2RQ,525709,164228
SM1 2RR,525436,164481
SM1 2RS,525477,164406
SM1 2RT,525478,164532
SM1 2RU,525447,164590
SM1 2RW,525537,164367
SM1 2RX,525483,164611
SM1 2RY,525488,164581
SM1 2RZ,525547,164451
SM1 2SA,525594,164353
SM1 2SB,525504,164313
SM1 2SD,525430,164354
SM1 2SE,525345,164323
SM1 2SF,525380,164216
SM1 2SG,525458,164250
SM1 2SH,525497,164152
SM1 2SJ,525535,164112
SM1 2SL,525455,164043
SM1 2SN,525448,164065
SM1 2SP,525522,164236
SM1 2SQ,525509,164033
SM1 2SR,525563,164018
SM1 2SS,525591,164025
SM1 2ST,524977,163774
SM1 2SU,525288,163980
SM1 2SW,525611,164267
SM1 2SX,525194,164031
SM1 2SY,525071,164063
SM1 2SZ,525003,164162
SM1 2TA,525073,164251
SM1 2TB,525092,164307
SM1 2TD,525148,164102
SM1 2TE,525264,164082
SM1 2TF,525381,164160
SM1 2TG,525269,164215
SM1 2TH,525142,164405
SM1 2TJ,525171,164440
SM1 2TL,525430,164004
SM1 2TN,525300,164247
SM1 2TP,525364,164083
SM1 2TQ,525134,164334
SM1 2TR,525260,164350
SM1 2TS,525252,164374
SM1 2TT,525249,164438
SM1 2TU,524414,163962
SM1 2TW,525332,164172
SM1 2TX,524361,164321
SM1 2TY,525185,164526
SM1 2TZ,525174,164548
SM1 2UA,525237,164039
SM1 2UD,524466,164736
SM1 2UE,524718,165072
SM1 2UF,524701,164046
SM1 2WN,525907,163866
SM1 2WU,525907,163866
SM1 2WZ,525907,163866
SM1 2XA,524827,164109
SM1 2XB,524765,164042
SM1 2XD,524757,164124
SM1 2XG,524849,164439
SM1 2XN,525907,163866
SM1 2XS,524844,164157
SM1 2XZ,525907,163866
SM1 2ZS,525907,163866
SM1 2ZU,524788,164121
SM1 3AA,525876,165076
SM1 3AB,525792,165096
SM1 3AD,526037,165093
SM1 3AE,525908,165030
SM1 3AF,526082,165006
SM1 3AG,526171,164971
SM1 3AH,526205,165002
SM1 3AJ,526300,164925
SM1 3AL,526470,164937
SM1 3AN,526400,164980
SM1 3AQ,526166,165021
SM1 3AS,526680,164964
SM1 3AT,526836,165033
SM1 3AU,526683,165152
SM1 3AW,526651,164998
SM1 3AX,526803,165110
SM1 3AY,526770,165145
SM1 3AZ,526787,165219
SM1 3BA,526785,165252
SM1 3BE,526837,165087
SM1 3BF,525833,165172
SM1 3BG,526927,165117
SM1 3BH,527021,165090
SM1 3BJ,527053,165143
SM1 3BL,527073,165195
SM1 3BN,527177,165202
SM1 3BP,525918,165102
SM1 3BQ,526893,165026
SM1 3BS,525950,165131
SM1 3BT,526056,165122
SM1 3BU,526473,164860
SM1 3BW,527236,165183
SM1 3BX,525869,165491
SM1 3BY,525932,165407
SM1 3BZ,525972,165514
SM1 3DA,525917,165348
SM1 3DB,526047,165284
SM1 3DD,525913,165200
SM1 3DE,526032,165348
SM1 3DF,526077,165394
SM1 3DG,526148,165381
SM1 3DH,526280,165349
SM1 3DJ,526430,165345
SM1 3DL,526427,165395
SM1 3DN,526462,165464
SM1 3DP,526317,165419
SM1 3DQ,526280,165394
SM1 3DR,526369,165521
SM1 3DS,526424,165756
SM1 3DT,526428,165895
SM1 3DU,526001,165376
SM1 3DW,526400,165481
SM1 3DX,526504,165608
SM1 3DY,526548,165719
SM1 3DZ,526346,165662
SM1 3EA,526398,165633
SM1 3EE,525745,165202
SM1 3EF,525756,165278
SM1 3EG,525729,165245
SM1 3EH,525808,165517
SM1 3EJ,525752,165640
SM1 3EL,525755,165524
SM1 3EN,525716,165507
SM1 3EP,525910,165737
SM1 3EQ,525725,165334
SM1 3ET,525915,165813
SM1 3EU,525909,165784
SM1 3EW,525890,165651
SM1 3EX,525942,165986
SM1 3EY,525980,165955
SM1 3EZ,525982,166018
SM1 3HA,526010,166521
SM1 3HB,526023,166379
SM1 3HE,526046,166474
SM1 3HG,526127,166375
SM1 3HH,525675,165869
SM1 3HJ,525655,165442
SM1 3HL,525727,165384
SM1 3HN,525553,165534
SM1 3HP,525438,165701
SM1 3HQ,526026,166390
SM1 3HR,525441,165621
SM1 3HS,525413,165667
SM1 3HT,525374,165802
SM1 3HU,525527,165487
SM1 3HW,525465,165588
SM1 3HY,525597,165557
SM1 3HZ,525619,165657
SM1 3JA,525545,165726
SM1 3JB,525499,165823
SM1 3JD,525588,165824
SM1 3JE,525462,165930
SM1 3JF,525568,165945
SM1 3JG,525527,166042
SM1 3JH,525345,165932
SM1 3JJ,525696,166326
SM1 3JL,525885,166496
SM1 3JQ,525458,165756
SM1 3JR,525453,166035
SM1 3JT,525686,165533
SM1 3JX,526006,165629
SM1 3JY,526025,165534
SM1 3JZ,526041,165880
SM1 3LA,526117,165915
SM1 3LB,526138,165954
SM1 3LD,526192,165760
SM1 3LE,526308,165745
SM1 3LF,526300,165638
SM1 3LG,526262,165609
SM1 3LH,526205,165462
SM1 3LJ,526139,165593
SM1 3LL,526211,165826
SM1 3LP,526039,165778
SM1 3LQ,526282,165487
SM1 3LR,526041,165674
SM1 3LS,525964,165661
SM1 3LT,526095,165784
SM1 3LU,526537,165613
SM1 3LW,526124,165529
SM1 3LX,526512,165549
SM1 3LY,526625,165778
SM1 3LZ,526696,165878
SM1 3NA,526600,165954
SM1 3NB,526755,166003
SM1 3ND,526749,165886
SM1 3NE,526678,166025
SM1 3NF,526639,166082
SM1 3NG,526567,166024
SM1 3NH,526555,165907
SM1 3NJ,526782,165717
SM1 3NL,526779,165755
SM1 3NN,526811,165854
SM1 3NQ,526541,165862
SM1 3NS,526521,165421
SM1 3NT,526557,165413
SM1 3NU,526607,165661
SM1 3NW,526832,165819
SM1 3NY,526662,165747
SM1 3NZ,526656,165711
SM1 3PA,526808,165651
SM1 3PB,526698,165692
SM1 3PD,526927,165605
SM1 3PE,526789,165615
SM1 3PF,526646,165640
SM1 3PG,526634,165580
SM1 3PH,526698,165613
SM1 3PJ,526802,165512
SM1 3PL,526879,165426
SM1 3PN,526678,165466
SM1 3PQ,526789,165553
SM1 3PS,526881,165367
SM1 3PT,526984,165328
SM1 3PW,526804,165407
SM1 3PX,526929,165281
SM1 3PY,527002,165254
SM1 3PZ,527039,165224
SM1 3QB,527057,164742
SM1 3QD,526998,164842
SM1 3QE,527016,164910
SM1 3QF,526927,164912
SM1 3QG,526913,164944
SM1 3QH,526766,164854
SM1 3QJ,526983,165033
SM1 3QL,527061,165003
SM1 3QN,527119,165121
SM1 3QP,527360,165191
SM1 3QQ,526834,164873
SM1 3QR,527182,165086
SM1 3QS,527130,164986
SM1 3QT,527224,164848
SM1 3QU,527156,164731
SM1 3QW,527249,165133
SM1 3RA,526808,164669
SM1 3RB,526859,164735
SM1 3RD,526871,164663
SM1 3RE,526898,164817
SM1 3RF,526965,164702
SM1 3RG,527256,164697
SM1 3RJ,526619,164860
SM1 3RL,526653,164604
SM1 3RN,526531,164865
SM1 3RP,526587,164609
SM1 3RQ,527336,164721
SM1 3RR,526578,164791
SM1 3RS,526600,164960
SM1 3RT,526540,164750
SM1 3RU,526556,164779
SM1 3RW,526694,164889
SM1 3RX,526601,164894
SM1 3RY,526653,164865
SM1 3RZ,526649,164905
SM1 3SA,526537,165150
SM1 3SB,526492,165155
SM1 3SD,526456,165112
SM1 3SE,526415,165111
SM1 3SH,526232,165029
SM1 3SJ,526291,165069
SM1 3SL,526217,165160
SM1 3SN,526351,165222
SM1 3SP,526248,165286
SM1 3SQ,526202,165236
SM1 3SR,526157,165278
SM1 3SS,526092,165243
SM1 3ST,526131,165234
SM1 3SU,526099,165120
SM1 3SW,526230,165207
SM1 3SX,526097,165188
SM1 3SZ,526176,165087
SM1 3TG,525907,163866
SM1 3TL,526579,165335
SM1 3TT,525949,166420
SM1 3TU,526010,166521
SM1 3TX,525996,166460
SM1 3TY,525924,166445
SM1 3TZ,525955,166482
SM1 3XQ,525907,163866
SM1 3ZG,525907,163866
SM1 3ZT,525907,163866
SM1 4AE,526044,164280
SM1 4AF,526015,164269
SM1 4AG,526048,164376
SM1 4AH,526158,164272
SM1 4AJ,526197,164159
SM1 4AL,525907,163866
SM1 4AN,526226,164302
SM1 4AP,526180,164407
SM1 4AQ,525940,164525
SM1 4AR,526078,164455
SM1 4AS,526120,164447
SM1 4AT,526243,164266
SM1 4AU,525889,164392
SM1 4AW,526232,164329
SM1 4AX,526270,164261
SM1 4AY,525918,164552
SM1 4BB,525867,164518
SM1 4BE,526330,164302
SM1 4BF,525911,164589
SM1 4BG,525998,164535
SM1 4BH,525928,164877
SM1 4BJ,526384,164315
SM1 4BL,526131,164536
SM1 4BN,526191,164491
SM1 4BP,526213,164550
SM1 4BQ,526081,164538
SM1 4BR,525812,164870
SM1 4BS,526230,164519
SM1 4BT,526299,164503
SM1 4BU,526331,164503
SM1 4BW,525795,164889
SM1 4BX,526301,164422
SM1 4BY,526347,164334
SM1 4BZ,525860,164777
SM1 4DA,525917,164596
SM1 4DB,525863,164432
SM1 4DD,526113,164655
SM1 4DE,525953,164680
SM1 4DF,526043,164696
SM1 4DG,525956,164791
SM1 4DJ,526304,164598
SM1 4DL,526265,164558
SM1 4DN,526167,164593
SM1 4DP,526037,164626
SM1 4DQ,526011,164856
SM1 4DR,526092,164758
SM1 4DS,526073,164811
SM1 4DT,526067,164865
SM1 4DU,525796,164714
SM1 4DW,526107,164612
SM1 4DX,525915,164981
SM1 4DY,525779,164735
SM1 4EA,525944,164913
SM1 4EB,526079,164615
SM1 4EE,525886,164918
SM1 4EF,525856,164827
SM1 4EG,525814,164931
SM1 4EH,525987,164961
SM1 4EJ,526038,164996
SM1 4EL,526026,164935
SM1 4EN,526092,164918
SM1 4EP,526172,164889
SM1 4EQ,525857,164977
SM1 4ER,526113,164814
SM1 4ES,526116,164845
SM1 4ET,526391,164256
SM1 4EU,525878,164608
SM1 4EW,526144,164945
SM1 4EX,525851,164679
SM1 4EY,526297,164229
SM1 4EZ,525900,164730
SM1 4FD,526006,164148
SM1 4FE,526006,164148
SM1 4FP,526412,164192
SM1 4GQ,526028,164010
SM1 4HB,526287,164178
SM1 4HD,526206,164649
SM1 4HE,526154,164708
SM1 4HF,526281,164710
SM1 4HG,526177,164727
SM1 4HH,526296,164774
SM1 4HJ,526167,164781
SM1 4HL,526185,164825
SM1 4HN,526249,164851
SM1 4HP,526205,164862
SM1 4HQ,526239,164753
SM1 4HR,526218,164932
SM1 4HS,526222,164947
SM1 4HT,526233,164665
SM1 4HU,526707,164478
SM1 4HW,526307,164891
SM1 4HX,526672,164554
SM1 4HY,526736,164545
SM1 4HZ,526725,164671
SM1 4JA,526261,164208
SM1 4JD,526801,164604
SM1 4JE,526859,164607
SM1 4JF,526785,164565
SM1 4JG,526898,164571
SM1 4JH,526936,164626
SM1 4JJ,526251,164225
SM1 4JL,527012,164619
SM1 4JN,527033,164574
SM1 4JP,527123,164607
SM1 4JQ,525959,164262
SM1 4JR,527255,164588
SM1 4JS,526384,164283
SM1 4JT,527279,164549
SM1 4JU,527293,164468
SM1 4JW,527135,164567
SM1 4JX,527217,164376
SM1 4JY,527175,164424
SM1 4JZ,527132,164277
SM1 4LA,527366,164576
SM1 4LD,526021,164081
SM1 4LE,526004,164042
SM1 4LF,526214,164144
SM1 4LG,526436,164198
SM1 4LH,526515,164218
SM1 4LJ,526536,164227
SM1 4LL,526687,164197
SM1 4LN,526756,164288
SM1 4LP,526746,164490
SM1 4LQ,526384,164285
SM1 4LR,526787,164422
SM1 4LS,526810,164355
SM1 4LT,526792,164299
SM1 4LU,526831,164201
SM1 4LW,526703,164372
SM1 4LX,526846,164216
SM1 4LY,526843,164301
SM1 4LZ,526843,164398
SM1 4NB,526869,164499
SM1 4ND,526946,164251
SM1 4NE,527039,164351
SM1 4NF,527100,164471
SM1 4NG,527020,164268
SM1 4NJ,526517,164358
SM1 4NL,526569,164282
SM1 4NN,526682,164234
SM1 4NP,526619,164371
SM1 4NQ,526911,164245
SM1 4NR,526555,164402
SM1 4NS,526631,164453
SM1 4NT,527142,164400
SM1 4NU,526338,164281
SM1 4NW,526682,164298
SM1 4NY,526973,163985
SM1 4NZ,526042,164971
SM1 4PA,527044,163890
SM1 4PB,526917,164009
SM1 4PD,527060,164075
SM1 4PE,526408,164630
SM1 4PF,527078,163966
SM1 4PG,526904,164134
SM1 4PH,526491,164269
SM1 4PJ,526454,164256
SM1 4PL,526413,164404
SM1 4PN,526435,164340
SM1 4PP,526378,164411
SM1 4PQ,526984,164161
SM1 4PR,526395,164565
SM1 4PS,526400,164660
SM1 4PT,526341,164620
SM1 4PU,526415,164298
SM1 4PX,526349,164847
SM1 4PY,526400,164861
SM1 4PZ,526389,164828
SM1 4QA,526405,164762
SM1 4QB,526431,164728
SM1 4QD,526468,164814
SM1 4QE,526479,164635
SM1 4QF,526547,164636
SM1 4QG,526452,164601
SM1 4QH,526487,164558
SM1 4QJ,526427,164537
SM1 4QL,526438,164451
SM1 4QN,526310,164709
SM1 4QP,526535,164482
SM1 4QR,526551,164527
SM1 4QT,526484,164419
SM1 4QU,526294,164283
SM1 4QW,526451,164501
SM1 4QX,526517,164328
SM1 4QY,526340,164758
SM1 4RA,525995,163996
SM1 4RD,526098,164038
SM1 4RF,526028,164010
SM1 4RH,526367,164372
SM1 4RJ,526628,164184
SM1 4RL,526370,164144
SM1 4RP,526395,164021
SM1 4RQ,526188,164037
SM1 4RR,526477,164087
SM1 4RS,526507,164182
SM1 4RT,526540,164116
SM1 4RU,526296,164841
SM1 4RW,526431,164092
SM1 4RX,526651,164107
SM1 4RY,526787,164116
SM1 4SA,526775,164145
SM1 4SB,526987,164206
SM1 4SD,527081,164225
SM1 4SE,526995,164320
SM1 4SF,526955,164311
SM1 4SG,526953,164334
SM1 4SH,526927,164390
SM1 4SJ,526986,164482
SM1 4SL,526194,163939
SM1 4SQ,526953,164353
SM1 4SR,525996,164002
SM1 4SY,526177,163935
SM1 4SZ,526053,163968
SM1 4TB,526355,164067
SM1 4TE,526234,163956
SM1 4TG,526762,164245
SM1 4TH,526758,164197
SM1 4TJ,526791,164232
SM1 4TP,526338,164211
SM1 4TQ,526762,164224
SM1 4TR,525907,163866
SM1 4TW,526426,164162
SM1 4TY,526118,163908
SM1 4UJ,525907,163866
SM1 4WB,525907,163866
SM1 4WP,525907,163866
SM1 4WS,525907,163866
SM1 4WW,525907,163866
SM1 4XD,525907,163866
SM1 4YQ,525907,163866
SM1 4ZE,525907,163866
SM1 4ZX,525907,163866
SM1 9AE,525907,163866
SM1 9AP,525907,163866
SM1 9AX,525907,163866
SM1 9AY,525907,163866
SM1 9BD,525907,163866
SM1 9BE,525907,163866
SM1 9BH,525907,163866
SM1 9BN,525907,163866
SM1 9BU,525907,163866
SM1 9BZ,525907,163866
SM1 9DA,525907,163866
SM1 9DH,525907,163866
SM1 9DJ,525907,163866
SM1 9DL,525907,163866
SM1 9DP,525907,163866
SM1 9DT,525907,163866
SM1 9DY,525907,163866
SM1 9ED,525907,163866
SM1 9EE,525907,163866
SM1 9EP,525907,163866
SM1 9EQ,525907,163866
SM1 9ET,525907,163866
SM1 9FA,525907,163866
SM1 9FE,525907,163866
SM1 9FH,525907,163866
SM1 9FJ,525907,163866
SM1 9FN,525907,163866
SM1 9FQ,525907,163866
SM1 9FR,525907,163866
SM1 9FT,525907,163866
SM1 9FU,525907,163866
SM1 9FX,525907,163866
SM1 9FZ,525907,163866
SM1 9GA,525907,163866
SM1 9GB,525907,163866
SM1 9GD,525907,163866
SM1 9GF,525907,163866
SM1 9GG,525907,163866
SM1 9GH,525907,163866
SM1 9GL,525907,163866
SM1 9GN,525907,163866
SM1 9GT,525907,163866
SM1 9GW,525907,163866
SM1 9GX,525907,163866
SM1 9HA,525907,163866
SM1 9HB,525907,163866
SM1 9HD,525907,163866
SM1 9HE,525907,163866
SM1 9HF,525907,163866
SM1 9HG,525907,163866
SM1 9HH,525907,163866
SM1 9HL,525907,163866
SM1 9HN,525907,163866
SM1 9HP,525907,163866
SM1 9HQ,525907,163866
SM1 9HR,525907,163866
SM1 9HS,525907,163866
SM1 9HU,525907,163866
SM1 9HW,525907,163866
SM1 9HX,525907,163866
SM1 9HY,525907,163866
SM1 9HZ,525907,163866
SM1 9JB,525907,163866
SM1 9JD,525907,163866
SM1 9JE,525907,163866
SM1 9JF,525907,163866
SM1 9JH,525907,163866
SM1 9JJ,525907,163866
SM1 9JL,525907,163866
SM1 9JN,525907,163866
SM1 9JP,525907,163866
SM1 9JQ,525907,163866
SM1 9JR,525907,163866
SM1 9JS,525907,163866
SM1 9JT,525907,163866
SM1 9SA,525783,164053
SM1 9SB,525783,164053
SM1 9SD,525783,164053
SM1 9SE,525783,164053
SM1 9SF,525783,164053
SM1 9SG,525783,164053
SM1 9SH,525783,164053
SM1 9SJ,525783,164053
SM1 9SL,525783,164053
SM1 9SN,525783,164053
SM1 9SP,525783,164053
SM1 9SQ,525783,164053
SM1 9SR,525783,164053
SM1 9SS,525783,164053
SM1 9ST,525783,164053
SM1 9SU,525783,164053
SM1 9SW,525783,164053
SM1 9SX,525783,164053
SM1 9SY,525783,164053
SM1 9SZ,525783,164053
SM2 5AD,526049,163753
SM2 5AE,526045,163759
SM2 5AG,525907,163866
SM2 5AH,526527,163802
SM2 5AJ,526074,163672
SM2 5AQ,526472,163651
SM2 5AR,526117,163778
SM2 5AS,526117,163778
SM2 5AT,525579,162512
SM2 5AU,525572,162587
SM2 5AX,526114,163602
SM2 5AY,526175,163624
SM2 5AZ,525907,163866
SM2 5BA,525611,162644
SM2 5BB,525603,162501
SM2 5BD,525631,162566
SM2 5BE,525489,162493
SM2 5BF,525478,162550
SM2 5BG,525460,162617
SM2 5BH,525527,162674
SM2 5BJ,525530,162568
SM2 5BL,526023,163701
SM2 5BN,526021,163628
SM2 5BP,526110,163566
SM2 5BQ,526018,163712
SM2 5BS,526162,163544
SM2 5BT,526052,163475
SM2 5BU,526026,163364
SM2 5BW,526257,163826
SM2 5BX,525981,163385
SM2 5BY,525959,163438
SM2 5BZ,525444,162657
SM2 5DA,526184,163719
SM2 5DB,526243,163639
SM2 5DD,526300,163623
SM2 5DE,526117,163778
SM2 5DF,526458,162171
SM2 5DG,526320,163718
SM2 5DH,526326,163768
SM2 5DJ,526476,163834
SM2 5DL,526494,163792
SM2 5DN,526551,163873
SM2 5DP,526642,163946
SM2 5DQ,526318,163497
SM2 5DR,526614,163910
SM2 5DS,526454,163760
SM2 5DT,526696,163598
SM2 5DU,526727,163694
SM2 5DW,526459,163928
SM2 5DX,526616,163779
SM2 5DY,526564,163774
SM2 5DZ,526557,163725
SM2 5EA,526622,163739
SM2 5EB,526623,163674
SM2 5ED,526518,163663
SM2 5EE,526517,163722
SM2 5EF,526494,163708
SM2 5EG,526454,163695
SM2 5EH,526380,163531
SM2 5EJ,526379,163304
SM2 5EL,526728,163842
SM2 5EN,526370,163843
SM2 5EP,526445,163629
SM2 5EQ,526235,163683
SM2 5ER,526248,163475
SM2 5ES,526349,163593
SM2 5ET,526112,163490
SM2 5EU,526572,163682
SM2 5EW,526436,163688
SM2 5EX,526144,163496
SM2 5EY,526245,163531
SM2 5EZ,526275,163702
SM2 5FA,525675,162660
SM2 5GN,526072,163404
SM2 5GY,526583,163304
SM2 5GZ,526486,163561
SM2 5HA,526512,163512
SM2 5HB,526455,163516
SM2 5HD,526554,163387
SM2 5HE,526488,163423
SM2 5HF,526560,163304
SM2 5HG,526591,163041
SM2 5HH,526360,163078
SM2 5HJ,526498,163242
SM2 5HL,526560,163441
SM2 5HN,526392,163619
SM2 5HP,527099,163730
SM2 5HQ,526405,163247
SM2 5HR,527103,163675
SM2 5HS,527071,163572
SM2 5HT,526991,163515
SM2 5HU,526979,163368
SM2 5HW,526926,163635
SM2 5HX,527070,163478
SM2 5HY,527046,163340
SM2 5HZ,526999,163230
SM2 5JA,526914,163195
SM2 5JB,526864,163231
SM2 5JD,526842,163378
SM2 5JE,526885,163629
SM2 5JG,526227,163737
SM2 5JH,525975,163494
SM2 5JJ,526143,163122
SM2 5JL,526240,163177
SM2 5JN,526187,163041
SM2 5JQ,525962,163467
SM2 5JR,526150,163072
SM2 5JS,526447,163121
SM2 5JT,526650,163121
SM2 5JU,526804,163274
SM2 5JW,526051,163002
SM2 5JX,526815,163666
SM2 5JY,526775,163688
SM2 5JZ,526437,163199
SM2 5LA,526074,163104
SM2 5LB,526767,162956
SM2 5LD,526783,163005
SM2 5LE,526743,162847
SM2 5LF,526882,162754
SM2 5LG,526749,162555
SM2 5LH,526664,162308
SM2 5LJ,526535,162113
SM2 5LL,526461,161996
SM2 5LN,526428,163548
SM2 5LP,526077,163620
SM2 5LQ,526387,162132
SM2 5LT,525532,162732
SM2 5LU,525834,162726
SM2 5LW,526361,161856
SM2 5LX,526552,163482
SM2 5NA,525830,162423
SM2 5NB,525650,162821
SM2 5ND,525447,162737
SM2 5NE,525533,162794
SM2 5NF,525905,162414
SM2 5NG,525836,162331
SM2 5NJ,525788,162203
SM2 5NL,525832,162165
SM2 5NN,525740,162103
SM2 5NQ,525909,162078
SM2 5NR,525733,162039
SM2 5NS,526328,163674
SM2 5NW,525840,162035
SM2 5PD,526194,161533
SM2 5PH,526438,163334
SM2 5PJ,526272,161295
SM2 5PQ,526045,160911
SM2 5PR,525990,161944
SM2 5PS,525960,161998
SM2 5PT,526135,162058
SM2 5QD,526243,161830
SM2 5QE,526344,161973
SM2 5QF,526175,161921
SM2 5QH,525961,162761
SM2 5QJ,525977,162701
SM2 5QL,525902,162679
SM2 5QN,525876,162606
SM2 5QP,525889,162544
SM2 5QR,525924,162597
SM2 5QS,526235,162533
SM2 5QT,526421,162749
SM2 5QU,526197,162442
SM2 5QY,526454,162423
SM2 5QZ,526616,162420
SM2 5RA,526440,162223
SM2 5RB,526469,162286
SM2 5RD,526199,162394
SM2 5RE,525986,162883
SM2 5RH,525812,162625
SM2 5RJ,525733,162425
SM2 5RL,526200,162975
SM2 5RN,526198,162914
SM2 5RP,526051,162682
SM2 5RQ,525954,163026
SM2 5RS,526253,162724
SM2 5RU,526471,162972
SM2 5RY,526581,162811
SM2 5SA,526583,162540
SM2 5SB,526735,162663
SM2 5SE,526507,162556
SM2 5SF,526006,162972
SM2 5SJ,526019,163065
SM2 5SL,526008,162957
SM2 5SN,525961,162809
SM2 5ST,525684,162179
SM2 5SU,525628,162069
SM2 5SW,525915,162716
SM2 5SX,525574,161942
SM2 5TA,526637,163554
SM2 5TB,526677,163394
SM2 5TD,526637,163225
SM2 5TE,526618,163264
SM2 5TF,526609,163459
SM2 5TG,526654,163599
SM2 5TH,526687,163313
SM2 5TJ,526292,163360
SM2 5TL,526101,163304
SM2 5TN,526194,163295
SM2 5TP,526344,163383
SM2 5TQ,526415,163362
SM2 5TR,526032,163251
SM2 5TS,526041,163322
SM2 5TT,526093,163352
SM2 5TU,526118,163363
SM2 5TX,526339,163442
SM2 5TY,526170,163397
SM2 5TZ,526221,163396
SM2 5UA,526240,163403
SM2 5UB,526256,163406
SM2 5UD,526302,163432
SM2 5UE,526393,163478
SM2 5WL,525907,163866
SM2 5WR,525907,163866
SM2 5WZ,525907,163866
SM2 5XG,525907,163866
SM2 5XY,525907,163866
SM2 5YQ,525907,163866
SM2 5ZN,525907,163866
SM2 5ZT,525907,163866
SM2 5ZW,525907,163866
SM2 6AA,525897,162992
SM2 6AB,525923,162959
SM2 6AD,525912,163345
SM2 6AE,525944,162924
SM2 6AF,525866,163205
SM2 6AG,525913,163207
SM2 6AH,525919,163396
SM2 6AJ,525893,163007
SM2 6AN,525901,163025
SM2 6AP,525785,162913
SM2 6AQ,525920,163069
SM2 6AR,525779,162835
SM2 6AS,525779,162835
SM2 6AT,525841,162793
SM2 6AU,525841,162793
SM2 6AW,525897,162883
SM2 6AX,525851,163028
SM2 6AY,525949,163138
SM2 6AZ,525973,163176
SM2 6BA,525953,163206
SM2 6BB,525972,163242
SM2 6BD,525962,163305
SM2 6BE,525693,162904
SM2 6BF,525695,162871
SM2 6BG,525480,162077
SM2 6BH,525469,162042
SM2 6BJ,525451,161901
SM2 6BL,525386,161785
SM2 6BN,525409,161738
SM2 6BP,525415,161933
SM2 6BQ,525338,161796
SM2 6BS,525410,162056
SM2 6BT,525973,163075
SM2 6BU,525522,162093
SM2 6BW,525563,162082
SM2 6BX,525415,162084
SM2 6BZ,525291,161957
SM2 6DD,525583,162082
SM2 6DF,525336,162093
SM2 6DG,525357,162184
SM2 6DH,525345,161684
SM2 6DJ,525378,162251
SM2 6DN,525365,163266
SM2 6DQ,525365,162058
SM2 6DR,524976,163402
SM2 6DS,524994,162871
SM2 6DT,524978,163242
SM2 6DU,525039,162822
SM2 6DW,525468,162173
SM2 6DX,525193,162214
SM2 6DY,525232,162150
SM2 6EA,525229,162053
SM2 6EB,525528,162457
SM2 6ED,525546,162392
SM2 6EE,525208,161914
SM2 6EF,525519,162422
SM2 6EG,525467,162304
SM2 6EH,525710,163111
SM2 6EJ,524802,163064
SM2 6EL,524941,162794
SM2 6EP,524904,163255
SM2 6EQ,524917,162708
SM2 6ER,524867,163044
SM2 6ES,524918,162865
SM2 6ET,524755,163295
SM2 6EU,524784,163202
SM2 6EW,524912,163337
SM2 6EX,525752,163713
SM2 6EY,525145,163478
SM2 6EZ,525142,163439
SM2 6FY,525907,163866
SM2 6GE,525565,163468
SM2 6GS,525249,163076
SM2 6HA,525095,163443
SM2 6HB,525143,163394
SM2 6HD,525156,163322
SM2 6HE,525169,163298
SM2 6HF,525154,163262
SM2 6HG,525111,163253
SM2 6HH,525092,162964
SM2 6HJ,525109,162630
SM2 6HL,525130,162893
SM2 6HN,525155,162622
SM2 6HP,525067,163393
SM2 6HQ,525184,163115
SM2 6HR,525300,162993
SM2 6HS,525292,163081
SM2 6HT,525257,162641
SM2 6HU,525203,162762
SM2 6HW,525232,162920
SM2 6HX,525193,162456
SM2 6HY,525161,163231
SM2 6HZ,524967,163812
SM2 6JA,525225,162498
SM2 6JB,525296,162312
SM2 6JD,525301,162135
SM2 6JE,525255,162315
SM2 6JF,525269,163088
SM2 6JG,525168,163388
SM2 6JH,525322,162518
SM2 6JJ,525348,162509
SM2 6JL,525286,163588
SM2 6JN,525259,163571
SM2 6JP,525200,163551
SM2 6JQ,525170,163341
SM2 6JR,525128,163546
SM2 6JS,524997,163480
SM2 6JT,524751,163392
SM2 6JU,524907,163404
SM2 6JW,525209,163502
SM2 6JX,524763,163359
SM2 6JZ,525218,163466
SM2 6LA,525891,163771
SM2 6LB,525894,163738
SM2 6LD,525922,163758
SM2 6LE,525975,163776
SM2 6LF,525982,163782
SM2 6LG,525959,163693
SM2 6LH,525871,163680
SM2 6LJ,525712,163621
SM2 6LL,525714,163646
SM2 6LN,525806,163584
SM2 6LP,525608,163623
SM2 6LQ,525919,163691
SM2 6LR,525471,163577
SM2 6LT,525848,163731
SM2 6LU,525773,163714
SM2 6LX,525686,163687
SM2 6LY,525420,163557
SM2 6LZ,525425,163626
SM2 6NA,525592,163598
SM2 6NB,525868,163669
SM2 6ND,525324,163376
SM2 6NE,525884,163738
SM2 6NF,525843,163763
SM2 6NG,525395,162504
SM2 6NJ,525326,163338
SM2 6NL,525508,162255
SM2 6NQ,525459,162355
SM2 6NS,525457,162426
SM2 6PA,525447,163048
SM2 6PB,525454,163394
SM2 6PD,525387,162359
SM2 6PE,525922,163597
SM2 6PF,525873,163616
SM2 6PG,525764,163525
SM2 6PH,525827,163492
SM2 6PJ,525712,163507
SM2 6PL,525681,163499
SM2 6PN,525752,163524
SM2 6PP,525417,163203
SM2 6PQ,525897,163505
SM2 6PR,525749,163459
SM2 6PS,525707,163456
SM2 6PT,525687,163396
SM2 6PU,525643,163447
SM2 6PW,525768,163478
SM2 6PX,525627,163443
SM2 6PY,525513,163408
SM2 6PZ,525394,163388
SM2 6QA,525481,163038
SM2 6QB,525395,163441
SM2 6QD,525114,163209
SM2 6QE,525361,163495
SM2 6QF,525306,163505
SM2 6QG,525388,163373
SM2 6QH,525203,163408
SM2 6QJ,525072,163368
SM2 6QL,525071,163315
SM2 6QN,525225,163343
SM2 6QP,525401,163303
SM2 6QQ,525248,163415
SM2 6QR,525351,163340
SM2 6QS,525359,163295
SM2 6QT,525396,162942
SM2 6QU,525467,163503
SM2 6QX,525618,163191
SM2 6QY,525763,163104
SM2 6QZ,525452,163149
SM2 6RA,525417,163173
SM2 6RB,525391,163103
SM2 6RD,525454,163017
SM2 6RE,525491,163109
SM2 6RF,525588,163088
SM2 6RG,525536,163182
SM2 6RH,525741,163172
SM2 6RJ,525813,163190
SM2 6RL,525799,163272
SM2 6RN,525845,163371
SM2 6RP,525831,163462
SM2 6RQ,525574,163123
SM2 6RR,525866,163426
SM2 6RS,525742,163407
SM2 6RT,525794,163322
SM2 6RU,525735,163289
SM2 6RW,525599,163027
SM2 6RX,525613,163502
SM2 6RY,525678,163344
SM2 6RZ,525652,163358
SM2 6SA,525596,163376
SM2 6SB,525554,163547
SM2 6SD,525583,163433
SM2 6SE,525296,163153
SM2 6SF,525597,163414
SM2 6SG,525611,163345
SM2 6SH,525496,163303
SM2 6SJ,525434,163284
SM2 6SL,525279,163288
SM2 6SN,525251,163228
SM2 6SP,525229,163181
SM2 6SQ,525560,163329
SM2 6SR,525341,163201
SM2 6SS,525375,163196
SM2 6ST,525448,163207
SM2 6SU,525199,163267
SM2 6SW,525059,163185
SM2 6SX,525549,163158
SM2 6SY,525513,163251
SM2 6SZ,525476,163244
SM2 6TA,525584,163239
SM2 6TB,525659,163142
SM2 6TD,525714,163225
SM2 6TH,525674,163294
SM2 6TJ,525667,163274
SM2 6TP,525795,162639
SM2 6TQ,525710,163007
SM2 6TR,525765,162569
SM2 6TS,525723,162535
SM2 6TT,525727,162492
SM2 6TU,525698,162422
SM2 6TX,525691,162386
SM2 6TY,525722,162673
SM2 6TZ,525694,162531
SM2 6UA,525659,162361
SM2 6UB,525748,162615
SM2 6UE,525907,163866
SM2 6UX,525907,163866
SM2 6WB,525907,163866
SM2 6WN,525907,163866
SM2 6WT,525907,163866
SM2 6XT,525907,163866
SM2 6YB,525907,163866
SM2 6YH,525907,163866
SM2 7AA,525127,162093
SM2 7AD,524577,163080
SM2 7AE,524632,163277
SM2 7AF,524630,163217
SM2 7AG,524760,162951
SM2 7AJ,524575,163295
SM2 7AL,524552,163221
SM2 7AT,524461,163307
SM2 7AU,524420,163311
SM2 7AY,524381,163259
SM2 7AZ,524442,163251
SM2 7BA,524412,163238
SM2 7BD,524468,163257
SM2 7BE,524409,163279
SM2 7BH,524256,163270
SM2 7BJ,524248,163214
SM2 7BL,524166,163101
SM2 7BN,524584,163345
SM2 7BP,524495,163311
SM2 7BQ,524297,163258
SM2 7BS,525269,161672
SM2 7BT,525246,161721
SM2 7BW,524554,163338
SM2 7BX,524748,162792
SM2 7BY,524850,162582
SM2 7BZ,525036,162325
SM2 7DA,525083,161894
SM2 7DB,525127,161910
SM2 7DD,525221,161608
SM2 7DH,524940,161521
SM2 7DJ,524605,161268
SM2 7DL,525907,163866
SM2 7DP,524930,161421
SM2 7DQ,525176,161603
SM2 7DU,524938,161997
SM2 7DX,524993,161972
SM2 7DY,524914,161816
SM2 7DZ,524870,161737
SM2 7EA,524826,161834
SM2 7EB,524714,161863
SM2 7ED,524735,161923
SM2 7EG,524678,161802
SM2 7EH,524928,161607
SM2 7EN,524424,162475
SM2 7EP,524491,162214
SM2 7EQ,524904,161653
SM2 7ER,524574,161842
SM2 7ES,524547,161759
SM2 7ET,524681,161595
SM2 7EU,524667,161420
SM2 7EW,524363,162441
SM2 7EZ,524452,161581
SM2 7HA,524478,161647
SM2 7HE,524988,162482
SM2 7HF,524777,162367
SM2 7HG,524532,162354
SM2 7HH,524311,162323
SM2 7HJ,524113,162241
SM2 7HQ,524259,162355
SM2 7HR,523771,162245
SM2 7HS,523808,162287
SM2 7HU,524030,162269
SM2 7HX,524281,162129
SM2 7HY,524411,161978
SM2 7HZ,524292,161966
SM2 7JA,524168,161820
SM2 7JB,523772,161529
SM2 7JD,523680,161294
SM2 7JE,523614,161295
SM2 7JL,523794,163009
SM2 7JP,523382,162689
SM2 7JR,523153,162514
SM2 7JS,523643,162885
SM2 7JT,523379,162514
SM2 7JU,523121,162373
SM2 7JX,523201,162279
SM2 7JY,523287,162407
SM2 7JZ,523348,162343
SM2 7LA,523360,162189
SM2 7LB,523468,162293
SM2 7LE,525907,163866
SM2 7LF,523803,162690
SM2 7LG,523622,162353
SM2 7LH,523365,162075
SM2 7LJ,523545,162422
SM2 7LL,523501,162452
SM2 7LN,523439,162543
SM2 7LP,523654,162532
SM2 7LQ,523407,162205
SM2 7LR,523581,162675
SM2 7LS,523711,162582
SM2 7LT,523743,162713
SM2 7LU,523659,162755
SM2 7LW,523512,162606
SM2 7LX,523768,162850
SM2 7NA,524146,162833
SM2 7NB,524180,162793
SM2 7ND,524037,162509
SM2 7NE,524079,162530
SM2 7NF,523899,162643
SM2 7NG,523775,162488
SM2 7NH,523816,162356
SM2 7NN,523968,162909
SM2 7NQ,523887,162435
SM2 7NR,524331,163110
SM2 7NS,524146,162945
SM2 7NT,524157,162999
SM2 7NU,524428,162953
SM2 7NZ,524351,162796
SM2 7PD,524205,162676
SM2 7PE,524206,162714
SM2 7PF,524301,162620
SM2 7PG,524218,162618
SM2 7PH,524277,162476
SM2 7PN,524268,162517
SM2 7PP,524553,162982
SM2 7PQ,524463,162674
SM2 7PS,524626,162985
SM2 7PT,524483,162963
SM2 7PU,524428,163197
SM2 7PX,524640,162726
SM2 7QA,524657,162652
SM2 7QB,524640,162598
SM2 7QE,524855,162300
SM2 7QL,524745,162101
SM2 7QN,524593,162112
SM2 7QQ,524965,162167
SM2 7QR,524570,162404
SM2 7QS,524638,162365
SM2 7QW,525907,163866
SM2 7QZ,525907,163866
SM2 7RS,525907,163866
SM2 7WB,525907,163866
SM2 7WF,525907,163866
SM2 7WJ,525907,163866
SM2 7WQ,525907,163866
SM3 8AA,523886,163313
SM3 8AB,523770,163313
SM3 8AD,523906,163382
SM3 8AH,523856,163438
SM3 8AJ,523867,163486
SM3 8AL,523427,163611
SM3 8AN,523924,163504
SM3 8AP,524032,163524
SM3 8AR,524113,163512
SM3 8AS,524060,163542
SM3 8AW,523984,163514
SM3 8AY,524291,163639
SM3 8AZ,524326,163695
SM3 8BA,525907,163866
SM3 8BD,524273,163739
SM3 8BG,524260,163595
SM3 8BH,524263,163632
SM3 8BJ,524247,163682
SM3 8BL,524247,163713
SM3 8BN,524184,163729
SM3 8BP,524087,163807
SM3 8BQ,524260,163595
SM3 8BS,524195,163639
SM3 8BT,524180,163774
SM3 8BU,524205,163587
SM3 8BW,524126,163742
SM3 8BZ,524246,163551
SM3 8DD,524179,163550
SM3 8DE,524095,163299
SM3 8DF,524050,163318
SM3 8DH,524003,163392
SM3 8DJ,523917,163443
SM3 8DL,523965,163446
SM3 8DN,523851,164303
SM3 8DP,523679,163299
SM3 8DR,524157,163493
SM3 8DT,523762,164404
SM3 8DU,523648,164331
SM3 8DW,523817,164339
SM3 8DX,523520,164231
SM3 8DY,524193,163525
SM3 8DZ,523524,164143
SM3 8EA,523268,164355
SM3 8EB,523276,164407
SM3 8ED,523565,164425
SM3 8EE,523602,164402
SM3 8EF,523335,164497
SM3 8EG,523374,164519
SM3 8EJ,523813,164460
SM3 8EL,523683,164572
SM3 8EN,523705,164606
SM3 8EP,523653,164774
SM3 8EQ,523602,164749
SM3 8ER,523602,164763
SM3 8ES,523589,164645
SM3 8ET,523464,164959
SM3 8HA,523475,164887
SM3 8HB,523560,164911
SM3 8HD,523586,164523
SM3 8HE,523466,164574
SM3 8HF,523503,164591
SM3 8HG,523452,164712
SM3 8HH,523354,164844
SM3 8HJ,523328,164797
SM3 8HL,523482,164837
SM3 8HQ,523806,164410
SM3 8HS,523440,165092
SM3 8HW,523514,165102
SM3 8HX,523417,164768
SM3 8JB,523428,164973
SM3 8JD,523428,164907
SM3 8JE,523405,164857
SM3 8JF,523280,164723
SM3 8JG,523335,164653
SM3 8JH,523159,164648
SM3 8JL,523239,164811
SM3 8JN,523322,164908
SM3 8JR,523460,165117
SM3 8JS,523460,165117
SM3 8JW,523386,164999
SM3 8JZ,523341,165041
SM3 8LA,523738,164976
SM3 8LB,523612,165001
SM3 8LE,523598,165089
SM3 8LF,524324,164418
SM3 8LJ,524246,164657
SM3 8LL,524255,164549
SM3 8LN,523959,164602
SM3 8LP,523866,164590
SM3 8LR,523759,164742
SM3 8LT,523833,164750
SM3 8LU,523884,164710
SM3 8LW,524099,164658
SM3 8LX,523907,164682
SM3 8LY,524025,164677
SM3 8NA,524091,164776
SM3 8NE,524010,164773
SM3 8NF,523910,164880
SM3 8NG,523828,164878
SM3 8NH,523701,164852
SM3 8NN,524285,164044
SM3 8NP,524271,164074
SM3 8NQ,523790,164946
SM3 8NR,524348,164242
SM3 8NU,524334,164135
SM3 8NW,524305,164026
SM3 8NX,524320,164211
SM3 8NY,524184,164176
SM3 8NZ,524197,164221
SM3 8PA,524304,164286
SM3 8PB,524177,164266
SM3 8PD,524217,164319
SM3 8PH,524015,164343
SM3 8PJ,523887,164482
SM3 8PL,524038,164584
SM3 8PN,524062,164557
SM3 8PQ,524040,164368
SM3 8PR,524451,163806
SM3 8PS,524387,163832
SM3 8PT,524369,163884
SM3 8PU,524344,163968
SM3 8PW,524151,164535
SM3 8PX,524322,163757
SM3 8PY,524356,163699
SM3 8PZ,524377,163661
SM3 8QA,524337,163734
SM3 8QB,524286,163784
SM3 8QD,524179,163840
SM3 8QF,524181,163927
SM3 8QG,524238,163934
SM3 8QH,524243,163893
SM3 8QJ,524109,163843
SM3 8QL,523804,163355
SM3 8QN,524101,163909
SM3 8QP,524225,164144
SM3 8QR,524239,164118
SM3 8QS,524023,163959
SM3 8QT,523963,164080
SM3 8QU,524034,164108
SM3 8QW,524130,163964
SM3 8QY,523933,164297
SM3 8QZ,524067,164132
SM3 8RA,523953,164319
SM3 8RE,524379,163643
SM3 8RF,524342,163615
SM3 8RJ,524321,163607
SM3 8RL,524328,163562
SM3 8RQ,524332,163609
SM3 8RS,524421,163598
SM3 8RT,524493,163630
SM3 8RU,524459,163502
SM3 8RW,524389,163608
SM3 8RX,524411,163523
SM3 8RY,524557,163482
SM3 8RZ,524407,163392
SM3 8SA,524372,163490
SM3 8SD,524315,163481
SM3 8SE,525907,163866
SM3 8SG,524316,163380
SM3 8SH,524240,163351
SM3 8SL,524248,163453
SM3 8SN,524258,163402
SM3 8SP,524257,163529
SM3 8SQ,524282,163447
SM3 8SR,524447,163698
SM3 8SW,524270,163510
SM3 8SZ,525907,163866
SM3 8WG,525907,163866
SM3 9AA,523599,165166
SM3 9AB,523631,165274
SM3 9AD,524587,165038
SM3 9AE,523523,165209
SM3 9AG,523597,165324
SM3 9AH,524040,165738
SM3 9AJ,524009,165722
SM3 9AL,524077,165645
SM3 9AN,524019,165674
SM3 9AP,524002,165478
SM3 9AQ,524099,165738
SM3 9AR,524028,165330
SM3 9AS,523941,165250
SM3 9AU,525286,166113
SM3 9AW,523966,165485
SM3 9AX,524028,165223
SM3 9AY,523985,165140
SM3 9AZ,523850,165487
SM3 9BD,523886,165467
SM3 9BE,523978,165647
SM3 9BG,523938,165664
SM3 9BH,523864,165325
SM3 9BJ,524094,166010
SM3 9BL,524498,165859
SM3 9BN,524025,166006
SM3 9BQ,524057,165559
SM3 9BU,523964,165817
SM3 9BW,524417,165915
SM3 9BX,523935,165755
SM3 9BY,523847,165618
SM3 9BZ,523806,165384
SM3 9DA,524805,165867
SM3 9DF,523664,165430
SM3 9DG,524465,164928
SM3 9DL,523831,165705
SM3 9DR,524049,166093
SM3 9DT,524308,165912
SM3 9DW,523957,165993
SM3 9DX,523915,165924
SM3 9EA,524345,165830
SM3 9EB,524158,165928
SM3 9ED,524112,165897
SM3 9EF,524723,166810
SM3 9EG,524748,166785
SM3 9EL,524807,166762
SM3 9EN,524855,166827
SM3 9EQ,524773,166718
SM3 9ES,524614,166847
SM3 9EU,524554,166754
SM3 9EX,524548,166752
SM3 9EY,524653,166808
SM3 9HA,524612,166716
SM3 9HB,524517,166623
SM3 9HE,524454,166633
SM3 9HF,524519,166707
SM3 9HG,524294,166438
SM3 9HH,524463,166551
SM3 9HJ,524409,166476
SM3 9HL,524369,166419
SM3 9HN,524340,166377
SM3 9HQ,524165,166209
SM3 9HR,524323,166266
SM3 9HS,524258,166249
SM3 9HT,524254,166229
SM3 9HU,524105,166114
SM3 9HW,524385,166306
SM3 9HX,524175,166112
SM3 9HY,524363,166520
SM3 9HZ,524998,166415
SM3 9JA,524907,166475
SM3 9JB,524837,166517
SM3 9JD,524734,166582
SM3 9JE,524632,166540
SM3 9JF,524706,166549
SM3 9JH,524550,166569
SM3 9JJ,524625,166651
SM3 9JL,524630,166700
SM3 9JN,524757,166618
SM3 9JP,524882,166358
SM3 9JR,524741,166311
SM3 9JS,524656,166367
SM3 9JT,524749,166480
SM3 9JU,524799,166420
SM3 9JW,524885,166537
SM3 9JX,524652,166251
SM3 9JY,524584,166257
SM3 9JZ,524559,166332
SM3 9LA,524539,166397
SM3 9LB,524573,166390
SM3 9LE,524620,166450
SM3 9LF,524940,166248
SM3 9LJ,524889,166251
SM3 9LL,524753,166102
SM3 9LN,524758,166203
SM3 9LS,524367,166068
SM3 9LT,524233,166083
SM3 9LW,524578,166042
SM3 9LY,524292,166153
SM3 9LZ,524528,166078
SM3 9NA,524419,166192
SM3 9NB,524407,166337
SM3 9ND,524465,166426
SM3 9NE,524551,166173
SM3 9NG,525065,166143
SM3 9NH,525096,166303
SM3 9NJ,525026,166213
SM3 9NL,525237,166392
SM3 9NN,525288,166293
SM3 9NQ,525134,166333
SM3 9NS,525162,166454
SM3 9NT,525154,166501
SM3 9NU,525228,166515
SM3 9NX,525186,166618
SM3 9PA,525271,166604
SM3 9PB,525218,166715
SM3 9PE,525175,166116
SM3 9PF,524632,165828
SM3 9PG,525204,166674
SM3 9PH,525073,166572
SM3 9PJ,525133,166559
SM3 9PL,525026,166455
SM3 9PN,525907,163866
SM3 9PP,525094,166097
SM3 9PQ,525027,166572
SM3 9PR,525089,165974
SM3 9PS,525279,166203
SM3 9PU,525130,166063
SM3 9PW,525254,166107
SM3 9PX,525187,165899
SM3 9PY,525227,166054
SM3 9QA,525205,165986
SM3 9QB,525175,166157
SM3 9QD,525180,166072
SM3 9QE,524746,165161
SM3 9QF,524740,165287
SM3 9QG,524837,165343
SM3 9QH,524536,165953
SM3 9QJ,524777,165425
SM3 9QL,524675,165638
SM3 9QN,524816,165638
SM3 9QP,524760,165688
SM3 9QQ,524932,165423
SM3 9QR,524760,165841
SM3 9QS,524973,165707
SM3 9QW,524751,165640
SM3 9QX,524693,165327
SM3 9QY,524555,165470
SM3 9QZ,524485,165574
SM3 9RA,524311,165690
SM3 9RD,524616,165739
SM3 9RE,524301,165821
SM3 9RF,524144,165794
SM3 9RG,524115,165860
SM3 9RH,524235,165874
SM3 9RJ,524495,165642
SM3 9RL,524582,165586
SM3 9RN,524578,165695
SM3 9RQ,524163,165845
SM3 9RR,524635,165129
SM3 9RS,524606,165761
SM3 9RT,524545,165258
SM3 9RU,524514,165226
SM3 9RW,524853,165688
SM3 9RX,524437,165086
SM3 9RY,524193,165014
SM3 9RZ,524059,164962
SM3 9SA,524065,165122
SM3 9SB,524013,165089
SM3 9SD,524101,165187
SM3 9SE,524143,165447
SM3 9SF,524106,165395
SM3 9SG,524150,165634
SM3 9SJ,524530,164917
SM3 9SL,524519,164845
SM3 9SN,524410,164733
SM3 9SP,524346,164557
SM3 9SQ,524227,165672
SM3 9SR,524379,164506
SM3 9SS,524362,164709
SM3 9ST,524280,164787
SM3 9SU,524310,164715
SM3 9SW,524413,164612
SM3 9SX,524243,164806
SM3 9SY,524328,164938
SM3 9SZ,524363,164942
SM3 9TA,524533,164963
SM3 9TB,524636,165032
SM3 9TD,524525,164999
SM3 9TE,524720,165787
SM3 9TF,523788,165083
SM3 9TH,523956,165032
SM3 9TJ,523948,164969
SM3 9TL,523872,164967
SM3 9TN,524474,164794
SM3 9TP,524155,164938
SM3 9TQ,524424,164988
SM3 9TR,524153,164898
SM3 9TS,524194,164857
SM3 9TT,524279,165252
SM3 9TU,524327,165309
SM3 9TX,524295,165147
SM3 9TZ,524444,165503
SM3 9UA,524581,165316
SM3 9UB,524593,165355
SM3 9UD,524463,165403
SM3 9UE,524423,165222
SM3 9UF,524385,165235
SM3 9UG,524386,165547
SM3 9UJ,524345,165575
SM3 9UL,524258,165599
SM3 9UN,524218,165554
SM3 9UP,524209,165142
SM3 9UR,524195,165370
SM3 9UT,524169,165136
SM3 9UU,524319,165431
SM3 9UW,524228,165334
SM3 9WD,525907,163866
SM3 9WS,524343,166288
SM3 9WW,525907,163866
SM3 9XB,525907,163866
SM3 9YT,525907,163866
SM3 9ZP,525907,163866
SM4 4AB,523640,166553
SM4 4AG,524901,168577
SM4 4AH,524774,168621
SM4 4AJ,524632,168588
SM4 4AN,524572,168596
SM4 4AR,524567,168645
SM4 4AT,525092,168202
SM4 4AU,523530,166564
SM4 4AW,524419,168656
SM4 4AX,523476,166588
SM4 4AY,524874,168099
SM4 4AZ,524650,168002
SM4 4BB,524432,168063
SM4 4BE,524401,167964
SM4 4BH,524198,167773
SM4 4BN,524121,167896
SM4 4BP,524320,167923
SM4 4BQ,524241,167754
SM4 4BS,524389,168089
SM4 4BU,524432,167843
SM4 4BW,524118,167961
SM4 4BX,524265,167618
SM4 4BY,524144,167464
SM4 4BZ,523969,167357
SM4 4DA,524929,168535
SM4 4DB,525117,168345
SM4 4DD,524908,168491
SM4 4DF,525066,168353
SM4 4DG,524724,168501
SM4 4DH,524610,168315
SM4 4DJ,524554,168424
SM4 4DL,524514,168458
SM4 4DN,524563,168253
SM4 4DP,524914,168357
SM4 4DQ,524763,168383
SM4 4DR,524967,168337
SM4 4DS,524825,168227
SM4 4DW,524764,168340
SM4 4DX,524963,168236
SM4 4EA,525070,168234
SM4 4EB,524866,168152
SM4 4ED,524701,168171
SM4 4EE,524580,168083
SM4 4EF,524618,168465
SM4 4EG,524638,168053
SM4 4EL,524453,168357
SM4 4EN,524403,168583
SM4 4EP,524416,168347
SM4 4EQ,524496,168104
SM4 4ER,524425,168167
SM4 4ES,524490,168012
SM4 4ET,524396,167871
SM4 4EU,524234,167664
SM4 4EW,524377,168551
SM4 4EX,523975,167404
SM4 4HA,524281,168241
SM4 4HB,524360,168295
SM4 4HD,524318,168318
SM4 4HE,524347,168495
SM4 4HF,524287,168485
SM4 4HG,524278,168440
SM4 4HH,524226,168303
SM4 4HJ,524157,168244
SM4 4HL,524126,168273
SM4 4HQ,524253,168408
SM4 4HR,524093,168026
SM4 4HS,524259,168125
SM4 4HU,524256,168179
SM4 4HW,524008,168025
SM4 4HX,524193,168059
SM4 4HZ,524191,168115
SM4 4JB,524132,167618
SM4 4JD,524072,167614
SM4 4JE,523970,167772
SM4 4JF,524160,167805
SM4 4JG,524130,167828
SM4 4JJ,523945,167629
SM4 4JL,523941,167699
SM4 4JN,523983,167472
SM4 4JP,523860,167633
SM4 4JQ,523985,167830
SM4 4JR,523736,167561
SM4 4JS,523766,167588
SM4 4JW,523837,167602
SM4 4JX,523948,166167
SM4 4JY,524086,166157
SM4 4JZ,523893,166242
SM4 4LD,523840,166366
SM4 4LE,523969,166278
SM4 4LF,523730,166336
SM4 4LG,523673,166403
SM4 4LL,523610,166492
SM4 4LP,523672,166496
SM4 4LR,523738,166385
SM4 4LS,523724,166417
SM4 4LU,523648,166582
SM4 4LX,523731,166532
SM4 4LZ,523553,166453
SM4 4NE,523541,166529
SM4 4NF,523515,166720
SM4 4NH,523457,166699
SM4 4NJ,523569,166572
SM4 4NL,523546,166759
SM4 4NN,523618,166803
SM4 4NP,523564,166946
SM4 4NR,523554,167035
SM4 4NS,523549,167099
SM4 4NU,523472,167169
SM4 4NW,523509,166975
SM4 4NX,523558,167195
SM4 4NY,523652,167117
SM4 4PA,523592,167165
SM4 4PD,524492,166732
SM4 4PE,524476,166804
SM4 4PF,524302,166981
SM4 4PG,524105,167075
SM4 4PH,523753,167211
SM4 4PJ,523872,167108
SM4 4PL,524082,167028
SM4 4PN,524389,166829
SM4 4PQ,523924,167133
SM4 4PS,524169,166282
SM4 4PT,524040,166392
SM4 4PU,523871,166590
SM4 4PX,523769,166816
SM4 4PY,523721,167000
SM4 4PZ,523764,166902
SM4 4QA,523868,166699
SM4 4QB,524014,166464
SM4 4QD,524017,166888
SM4 4QF,524331,166751
SM4 4QG,524232,166550
SM4 4QL,525336,167862
SM4 4QN,524030,166754
SM4 4QP,523872,166999
SM4 4QQ,524230,166602
SM4 4QU,523854,167072
SM4 4QW,523974,166812
SM4 4QX,523762,167095
SM4 4QY,523933,166775
SM4 4QZ,523829,166974
SM4 4RA,523895,166755
SM4 4RB,523801,166952
SM4 4RD,524080,166518
SM4 4RF,524071,166489
SM4 4RH,524397,166637
SM4 4RJ,524316,166571
SM4 4RN,524234,166457
SM4 4RP,524030,166326
SM4 4RQ,524410,166715
SM4 4RR,524018,166292
SM4 4RS,523827,166566
SM4 4RT,523718,166821
SM4 4RU,523668,167009
SM4 4RW,524154,166340
SM4 4RX,523796,166544
SM4 4RY,523675,166823
SM4 4RZ,523614,166998
SM4 4SA,523718,167118
SM4 4SE,524541,167059
SM4 4SF,524593,167111
SM4 4SG,523675,167330
SM4 4SJ,524134,167275
SM4 4SP,523971,167223
SM4 4SR,523698,167246
SM4 4SS,523891,167259
SM4 4ST,524174,167106
SM4 4SU,523995,167149
SM4 4SW,524227,167175
SM4 4SX,524226,167133
SM4 4SY,524337,167019
SM4 4SZ,524401,167077
SM4 4TA,524506,167023
SM4 4TB,524553,166934
SM4 4TD,524455,166906
SM4 4TQ,523708,166516
SM4 4TS,523731,166532
SM4 4WA,525336,167862
SM4 4WJ,525336,167862
SM4 4WY,525336,167862
SM4 4WZ,525336,167862
SM4 4ZX,525336,167862
SM4 5AA,525284,168354
SM4 5AB,525372,168339
SM4 5AD,525292,168245
SM4 5AE,525249,168379
SM4 5AF,525213,168452
SM4 5AG,525331,168238
SM4 5AH,525231,168507
SM4 5AJ,525087,168537
SM4 5AL,525126,168459
SM4 5AN,525356,168128
SM4 5AP,525378,168181
SM4 5AQ,525299,168524
SM4 5AR,525377,168246
SM4 5AS,525397,168210
SM4 5AT,525492,168290
SM4 5AW,525309,168141
SM4 5AX,525564,168413
SM4 5AY,525571,168424
SM4 5AZ,525669,168564
SM4 5BA,525649,168544
SM4 5BB,525685,168589
SM4 5BE,525724,168625
SM4 5BL,525576,168522
SM4 5BN,525630,168541
SM4 5BP,525598,168520
SM4 5BQ,525804,168674
SM4 5BS,525576,168522
SM4 5BT,525770,168683
SM4 5BU,525412,168518
SM4 5BY,525400,168479
SM4 5DA,525535,168498
SM4 5DD,525503,168422
SM4 5DE,525467,168438
SM4 5DF,525466,168400
SM4 5DG,525494,168352
SM4 5DL,525737,168637
SM4 5DN,525812,168682
SM4 5DQ,525417,168341
SM4 5DX,525577,168474
SM4 5HA,525336,167862
SM4 5HE,524935,167480
SM4 5HG,525441,168129
SM4 5HH,525494,168176
SM4 5HJ,525539,168281
SM4 5HN,525536,168274
SM4 5HP,525596,168380
SM4 5HQ,525409,168084
SM4 5HT,525776,168597
SM4 5HW,525616,168348
SM4 5HX,525878,168665
SM4 5HY,525933,167081
SM4 5JA,526157,168604
SM4 5JD,526047,168511
SM4 5JF,525912,168607
SM4 5JG,526071,168347
SM4 5JH,526040,168306
SM4 5JJ,525989,168290
SM4 5JL,525902,168435
SM4 5JN,525847,168353
SM4 5JP,525972,168266
SM4 5JQ,526016,168285
SM4 5JS,525680,167868
SM4 5JW,525964,168225
SM4 5JX,525747,168082
SM4 5JY,525767,168278
SM4 5LA,525642,168105
SM4 5LB,525819,168431
SM4 5LF,525758,168530
SM4 5LH,525873,168647
SM4 5LJ,525863,168599
SM4 5LN,525858,168475
SM4 5LP,525749,168151
SM4 5LQ,525818,168581
SM4 5LR,525710,168318
SM4 5LT,525664,168064
SM4 5LU,525762,167960
SM4 5LW,525735,168144
SM4 5LX,525844,168014
SM4 5LY,525837,168125
SM4 5NA,525878,168122
SM4 5NB,525943,168009
SM4 5ND,525880,167967
SM4 5NE,525805,167892
SM4 5NF,525729,167855
SM4 5NG,525737,167909
SM4 5NH,525670,168198
SM4 5NJ,525379,167487
SM4 5NL,525314,167472
SM4 5NN,525253,167431
SM4 5NP,525388,167309
SM4 5NQ,525434,167414
SM4 5NR,525371,167161
SM4 5NS,525288,167308
SM4 5NT,525343,167285
SM4 5NW,525357,167409
SM4 5NX,525223,167385
SM4 5NY,525272,167231
SM4 5NZ,525211,167223
SM4 5PA,525156,167271
SM4 5PB,525138,167360
SM4 5PE,525163,167554
SM4 5PF,525168,167642
SM4 5PG,525192,167639
SM4 5PH,524993,167392
SM4 5PJ,525066,167370
SM4 5PN,525003,167229
SM4 5PP,525505,167646
SM4 5PQ,526171,168136
SM4 5PR,524832,167050
SM4 5PS,525286,166721
SM4 5PT,525302,167808
SM4 5PU,525197,167737
SM4 5PX,525115,167495
SM4 5PY,525154,167162
SM4 5PZ,525133,167138
SM4 5QA,525322,167029
SM4 5QB,525098,167082
SM4 5QD,525012,167005
SM4 5QH,525002,166968
SM4 5QL,525247,166760
SM4 5QN,524961,166882
SM4 5QP,524996,166792
SM4 5QQ,525193,166824
SM4 5QR,524931,166924
SM4 5QS,524857,166955
SM4 5QT,525033,167442
SM4 5QU,524855,167560
SM4 5QW,525040,166846
SM4 5QX,525011,167613
SM4 5RA,525348,167765
SM4 5RB,525309,167672
SM4 5RD,525218,167682
SM4 5RE,525276,167597
SM4 5RF,525381,167659
SM4 5RG,525369,167583
SM4 5RJ,525863,167921
SM4 5RL,525807,167820
SM4 5RN,525853,167862
SM4 5RP,526007,168021
SM4 5RQ,525627,167706
SM4 5RR,525903,168163
SM4 5RS,525919,168206
SM4 5RT,526083,168129
SM4 5RU,526040,168069
SM4 5RW,525927,167938
SM4 5RX,526096,168080
SM4 5RY,526149,168045
SM4 5RZ,526102,168008
SM4 5SA,526161,167937
SM4 5SB,526076,167982
SM4 5SD,526037,167997
SM4 5SG,525856,167767
SM4 5SH,525770,167751
SM4 5SJ,525660,167657
SM4 5SL,525545,167603
SM4 5SP,525525,167579
SM4 5SQ,525844,167806
SM4 5SR,525174,167405
SM4 5WB,525336,167862
SM4 5WU,525336,167862
SM4 5WW,525336,167862
SM4 5ZP,525336,167862
SM4 5ZT,525336,167862
SM4 5ZX,525336,167862
SM4 5ZY,525336,167862
SM4 6AA,526395,168085
SM4 6AB,526444,168102
SM4 6AD,526539,167950
SM4 6AE,526604,167950
SM4 6AF,526746,167856
SM4 6AG,526805,167882
SM4 6AH,527083,167741
SM4 6AJ,526961,167734
SM4 6AL,527120,167749
SM4 6AN,527122,167752
SM4 6AP,527078,167610
SM4 6AQ,526939,167803
SM4 6AR,526560,167854
SM4 6AS,527295,167395
SM4 6AU,526403,168167
SM4 6AW,527138,167800
SM4 6AX,527085,167689
SM4 6AY,527056,167643
SM4 6AZ,527068,167598
SM4 6BA,527065,167501
SM4 6BB,526963,167532
SM4 6BE,526984,167555
SM4 6BF,527286,167653
SM4 6BG,526990,167487
SM4 6BH,526695,167101
SM4 6BJ,526650,167051
SM4 6BL,526505,166902
SM4 6BN,526452,166865
SM4 6BP,526153,166723
SM4 6BQ,526884,167313
SM4 6BS,526163,166795
SM4 6BT,526203,166774
SM4 6BU,526268,166838
SM4 6BW,526282,166773
SM4 6BX,526370,166930
SM4 6BY,526482,166999
SM4 6BZ,526607,167094
SM4 6DA,526894,167437
SM4 6DB,526359,168015
SM4 6DD,526340,167879
SM4 6DE,526298,167852
SM4 6DF,526354,167912
SM4 6DG,526431,167865
SM4 6DH,526524,167823
SM4 6DJ,526487,167836
SM4 6DL,526432,167781
SM4 6DN,526503,167755
SM4 6DP,526533,167666
SM4 6DQ,526450,167967
SM4 6DR,526544,167522
SM4 6DS,526654,167323
SM4 6DT,526736,167308
SM4 6DU,526709,167408
SM4 6DW,526432,167730
SM4 6DX,526627,167483
SM4 6DY,526578,167625
SM4 6DZ,525464,167121
SM4 6EB,527004,167573
SM4 6ED,526776,167603
SM4 6EE,526897,167580
SM4 6EF,526781,167735
SM4 6EG,526903,167653
SM4 6EH,526998,167650
SM4 6EJ,526927,167692
SM4 6EL,526746,167659
SM4 6EN,526729,167757
SM4 6EP,526641,167783
SM4 6EQ,526963,167612
SM4 6ET,526325,167746
SM4 6EU,526304,167558
SM4 6EW,526656,167694
SM4 6EX,526438,167607
SM4 6EY,526401,167542
SM4 6EZ,526252,167710
SM4 6FD,525475,167140
SM4 6FE,525488,167174
SM4 6GA,526508,166845
SM4 6GB,526470,166833
SM4 6GD,526563,166885
SM4 6GE,526576,166872
SM4 6GF,526601,166896
SM4 6HA,526259,167623
SM4 6HB,526251,167460
SM4 6HD,526309,167377
SM4 6HE,526243,167153
SM4 6HF,526208,166889
SM4 6HG,526245,166938
SM4 6HH,526253,166962
SM4 6HJ,526367,167054
SM4 6HL,526413,167327
SM4 6HN,526387,167471
SM4 6HP,526498,167525
SM4 6HQ,526267,167968
SM4 6HR,525568,166560
SM4 6HT,526504,167454
SM4 6HU,526519,167242
SM4 6HW,526369,167397
SM4 6HY,526275,168091
SM4 6JB,526326,168124
SM4 6JD,526248,167804
SM4 6JE,526218,167607
SM4 6JF,526191,167430
SM4 6JG,526218,167405
SM4 6JH,526174,167316
SM4 6JJ,526199,167262
SM4 6JL,526133,167039
SM4 6JN,526174,167085
SM4 6JP,526291,166912
SM4 6JQ,526207,167334
SM4 6JR,526106,166850
SM4 6JS,526087,166692
SM4 6JT,526119,166691
SM4 6JU,526050,166816
SM4 6JW,526186,166930
SM4 6JX,526081,167047
SM4 6JY,526070,167289
SM4 6JZ,526117,167321
SM4 6LA,526145,167519
SM4 6LB,526147,167716
SM4 6LD,526126,167830
SM4 6LE,526170,167880
SM4 6LF,526216,168034
SM4 6LH,525689,166935
SM4 6LJ,525618,166978
SM4 6LL,525590,166877
SM4 6LN,525488,166871
SM4 6LP,525449,166769
SM4 6LQ,525720,166886
SM4 6LR,525451,166824
SM4 6LS,525360,166638
SM4 6LT,525476,166714
SM4 6LU,525635,166831
SM4 6LW,525575,166932
SM4 6LX,525658,166692
SM4 6LY,525634,166667
SM4 6LZ,525486,166684
SM4 6NA,525780,166505
SM4 6NE,525744,166502
SM4 6NF,525747,166458
SM4 6NG,525602,166603
SM4 6NH,525567,166491
SM4 6NJ,525609,166414
SM4 6NL,525663,166453
SM4 6NN,525735,166404
SM4 6NP,525670,166350
SM4 6NQ,525712,166494
SM4 6NR,525621,166308
SM4 6NU,525528,166991
SM4 6NW,525729,166371
SM4 6NX,525400,166785
SM4 6NY,525419,166600
SM4 6NZ,525466,166535
SM4 6PD,525487,166476
SM4 6PE,525559,166351
SM4 6PF,525536,166325
SM4 6PG,525430,166515
SM4 6PH,525495,167018
SM4 6PJ,525400,166982
SM4 6PN,525738,167113
SM4 6PP,525771,167081
SM4 6PQ,525359,166804
SM4 6PR,525860,167119
SM4 6PS,525876,167086
SM4 6PT,525960,167107
SM4 6PW,525711,167163
SM4 6PX,525913,166959
SM4 6QA,525876,166976
SM4 6QB,525981,166982
SM4 6QD,526010,166964
SM4 6QE,525985,166859
SM4 6QF,526022,167095
SM4 6QG,526011,167255
SM4 6QH,526079,167416
SM4 6QJ,526056,167526
SM4 6QL,526077,167515
SM4 6QN,526103,167603
SM4 6QP,526058,167723
SM4 6QQ,526065,167350
SM4 6QR,525979,166776
SM4 6QS,525336,167862
SM4 6QT,525984,167388
SM4 6QU,525972,167430
SM4 6QW,526098,167786
SM4 6QX,525336,167862
SM4 6RA,525793,167652
SM4 6RB,525795,167563
SM4 6RD,525957,167501
SM4 6RE,525951,167348
SM4 6RF,526057,167224
SM4 6RG,526204,167202
SM4 6RH,526446,167128
SM4 6RJ,526574,167226
SM4 6RL,526614,167197
SM4 6RN,526520,167070
SM4 6RQ,525692,167641
SM4 6RR,526201,167164
SM4 6RS,526079,167182
SM4 6RT,525879,167212
SM4 6RU,525805,167256
SM4 6RW,526397,167096
SM4 6SB,525832,167159
SM4 6SD,525648,167187
SM4 6SE,525530,167211
SM4 6SF,525642,167130
SM4 6SG,525810,166952
SM4 6SH,526027,166686
SM4 6SJ,525972,166578
SM4 6SL,525861,166791
SM4 6SN,525556,167197
SM4 6SP,525440,167095
SM4 6SQ,525985,166721
SM4 6SR,525670,167016
SM4 6SS,525539,167121
SM4 6WB,525336,167862
SM4 6ZQ,525336,167862
SM4 9AJ,525336,167862
SM4 9AS,525336,167862
SM4 9AT,525336,167862
SM4 9AW,525336,167862
SM4 9BB,525336,167862
SM4 9BF,525336,167862
SM4 9BG,525336,167862
SM4 9DB,525336,167862
SM4 9DG,525336,167862
SM4 9DH,525336,167862
SM4 9DJ,525336,167862
SM4 9DL,525336,167862
SM4 9DN,525336,167862
SM4 9DP,525336,167862
SM4 9DQ,525336,167862
SM4 9DR,525336,167862
SM4 9SA,525577,168474
SM4 9SB,525577,168474
SM4 9SD,525577,168474
SM4 9SE,525577,168474
SM4 9SF,525577,168474
SM4 9SG,525577,168474
SM4 9SH,525577,168474
SM4 9SJ,525577,168474
SM4 9SL,525577,168474
SM4 9SN,525577,168474
SM4 9SP,525577,168474
SM4 9SQ,525577,168474
SM4 9SR,525577,168474
SM4 9SS,525577,168474
SM4 9ST,525577,168474
SM4 9SU,525577,168474
SM4 9SW,525577,168474
SM4 9SX,525577,168474
SM4 9SY,525577,168474
SM4 9SZ,525577,168474
SM4 9TA,525577,168474
SM4 9TB,525577,168474
SM4 9WA,525336,167862
SM5 1AA,526536,166124
SM5 1AD,526091,166556
SM5 1AF,526183,166491
SM5 1AG,526158,166452
SM5 1AH,526504,166687
SM5 1AJ,526492,166732
SM5 1AL,526685,166953
SM5 1AP,526416,166715
SM5 1AR,526428,166603
SM5 1AU,526353,166557
SM5 1AW,526356,166686
SM5 1AX,526212,166604
SM5 1AY,526319,166627
SM5 1AZ,526350,166512
SM5 1BD,526282,166434
SM5 1BH,526319,166528
SM5 1BJ,526223,166557
SM5 1BL,526385,166806
SM5 1BP,526294,166665
SM5 1BQ,526262,166479
SM5 1BS,526375,166736
SM5 1BT,526428,166776
SM5 1BU,526485,166784
SM5 1BX,526521,166748
SM5 1BY,526605,166813
SM5 1BZ,526713,166937
SM5 1DA,526713,167025
SM5 1DB,526750,167103
SM5 1DD,526818,167045
SM5 1DF,527595,166644
SM5 1DG,527718,166492
SM5 1DH,527698,166453
SM5 1DL,528685,163962
SM5 1DN,527667,166435
SM5 1DP,527577,166607
SM5 1DR,527509,166741
SM5 1DS,527469,166861
SM5 1DT,527452,166996
SM5 1DW,527599,166461
SM5 1DZ,527406,167013
SM5 1EA,527322,167108
SM5 1EE,527114,167326
SM5 1EH,526981,167377
SM5 1EJ,526972,167311
SM5 1EL,526941,167322
SM5 1EN,526899,167153
SM5 1EP,526882,167251
SM5 1EQ,527123,167283
SM5 1ER,527036,167204
SM5 1ES,527032,167089
SM5 1EW,526876,167187
SM5 1EX,527118,167157
SM5 1EY,527092,167258
SM5 1EZ,527195,167210
SM5 1HA,526978,166653
SM5 1HE,526639,166952
SM5 1HH,526905,166811
SM5 1HJ,527168,166999
SM5 1HL,527187,166971
SM5 1HN,526930,166765
SM5 1HP,527239,166685
SM5 1HR,527213,166715
SM5 1HS,527362,166770
SM5 1HT,527460,166797
SM5 1HU,527666,166865
SM5 1HW,526949,166697
SM5 1HX,527811,166905
SM5 1HZ,527808,166977
SM5 1JA,527653,166820
SM5 1JB,527472,166762
SM5 1JD,527396,166737
SM5 1JE,527162,166713
SM5 1JF,527188,166635
SM5 1JG,527179,166645
SM5 1JH,527116,166629
SM5 1JJ,527026,166877
SM5 1JL,527037,166783
SM5 1JN,527041,166730
SM5 1JP,526836,167172
SM5 1JQ,527145,166617
SM5 1JR,526799,167137
SM5 1JU,527203,166817
SM5 1JW,526955,166886
SM5 1JX,527136,166788
SM5 1JY,527209,166946
SM5 1JZ,527265,166956
SM5 1LA,527221,166860
SM5 1LB,527177,166866
SM5 1LD,527289,166923
SM5 1LE,527365,166857
SM5 1LF,527433,166896
SM5 1LG,527495,166962
SM5 1LJ,527404,166523
SM5 1LN,527364,166527
SM5 1LQ,527254,166769
SM5 1LR,527635,166311
SM5 1LT,527545,166592
SM5 1LU,527644,166390
SM5 1LW,527371,166456
SM5 1LX,527530,166556
SM5 1LY,527447,166714
SM5 1LZ,527395,166873
SM5 1NA,527301,167037
SM5 1NB,527403,166946
SM5 1ND,527426,166690
SM5 1NE,527428,166626
SM5 1NF,527304,166581
SM5 1NG,527275,166627
SM5 1NH,526890,166333
SM5 1NJ,526738,166233
SM5 1NL,526713,166250
SM5 1NN,526876,166360
SM5 1NP,527147,166521
SM5 1NQ,527063,166448
SM5 1NR,527198,166466
SM5 1NT,527335,166557
SM5 1NU,527497,166192
SM5 1NW,527013,166452
SM5 1NX,527460,166136
SM5 1NY,527482,166245
SM5 1NZ,527702,166293
SM5 1PD,527782,166460
SM5 1PE,527802,166268
SM5 1PF,527659,166221
SM5 1PG,527463,166325
SM5 1PH,527558,166344
SM5 1PL,527222,166148
SM5 1PN,527207,166185
SM5 1PQ,527381,166301
SM5 1PR,526991,166296
SM5 1PS,526853,166528
SM5 1PT,526888,166515
SM5 1PU,526987,166490
SM5 1PW,527017,166310
SM5 1PX,526863,166395
SM5 1PY,526806,166445
SM5 1PZ,526715,166301
SM5 1QA,526779,166415
SM5 1QB,526690,166416
SM5 1QD,526813,166349
SM5 1QE,526830,166273
SM5 1QF,526817,166241
SM5 1QG,527056,166398
SM5 1QH,526915,166215
SM5 1QJ,526858,166170
SM5 1QL,526964,166188
SM5 1QN,526940,166236
SM5 1QP,526970,166150
SM5 1QQ,526826,166208
SM5 1QR,526907,166130
SM5 1QS,526918,166065
SM5 1QT,526805,166150
SM5 1QU,526719,166187
SM5 1QW,527008,166244
SM5 1QX,526856,166079
SM5 1RB,527064,165785
SM5 1RD,526991,165792
SM5 1RE,526952,165902
SM5 1RF,526962,165844
SM5 1RG,527101,166146
SM5 1RH,526980,165922
SM5 1RN,527210,165972
SM5 1RQ,527141,166151
SM5 1RR,527228,166092
SM5 1RS,527111,165988
SM5 1RT,527178,166083
SM5 1RU,527216,166346
SM5 1RW,527120,165871
SM5 1RZ,527192,166325
SM5 1SA,527040,166597
SM5 1SB,526875,166643
SM5 1SD,527075,166514
SM5 1SE,526984,166584
SM5 1SF,526948,166554
SM5 1SG,526830,166634
SM5 1SH,526774,166507
SM5 1SL,526654,166529
SM5 1SQ,526772,166672
SM5 1SR,526772,166465
SM5 1SU,526627,166334
SM5 1SW,526771,166599
SM5 1TA,527009,166090
SM5 1TB,526952,166064
SM5 1TD,526994,166149
SM5 1TE,527067,166219
SM5 1TF,527157,166286
SM5 1TG,527170,166359
SM5 1TH,527224,166362
SM5 1TJ,527226,166420
SM5 1TP,527236,166513
SM5 1TQ,527081,166318
SM5 1TR,527287,166280
SM5 1TS,527342,166258
SM5 1TU,526928,165880
SM5 1TW,527165,166564
SM5 1TX,526763,166071
SM5 1TZ,526881,165812
SM5 1UA,526737,166046
SM5 1ZX,528685,163962
SM5 2AA,527532,166009
SM5 2AD,528173,164920
SM5 2AE,528242,164903
SM5 2AF,527563,166023
SM5 2AG,527593,166149
SM5 2AH,527643,165976
SM5 2AJ,527676,165838
SM5 2AL,527646,165812
SM5 2AN,528069,164916
SM5 2AQ,527624,166053
SM5 2AR,527351,165521
SM5 2AS,527333,165503
SM5 2AT,528147,166167
SM5 2AU,528273,164644
SM5 2AY,527984,166201
SM5 2AZ,527945,166154
SM5 2BA,527947,166080
SM5 2BB,528003,165976
SM5 2BD,527941,166044
SM5 2BE,527932,165950
SM5 2BF,527916,165572
SM5 2BG,527887,166158
SM5 2BH,527704,165949
SM5 2BJ,527778,165957
SM5 2BL,527631,165859
SM5 2BN,527532,165837
SM5 2BP,527583,165765
SM5 2BQ,527872,165970
SM5 2BS,527503,165771
SM5 2BT,527752,166042
SM5 2BU,527736,166088
SM5 2BW,527549,165900
SM5 2BX,527762,166163
SM5 2BY,527727,166207
SM5 2BZ,527788,166228
SM5 2DA,527796,166141
SM5 2DD,528097,165808
SM5 2DE,528107,165727
SM5 2DG,527289,165298
SM5 2DH,527947,165458
SM5 2DL,527736,165363
SM5 2DN,527775,165307
SM5 2DP,527557,165438
SM5 2DQ,528015,165559
SM5 2DR,527498,165625
SM5 2DS,527564,165350
SM5 2DT,527472,165315
SM5 2DU,527451,165334
SM5 2DW,527643,165304
SM5 2DX,527495,165364
SM5 2DY,527419,165404
SM5 2DZ,527875,165307
SM5 2EA,527403,165364
SM5 2EB,527468,165373
SM5 2ED,528047,165650
SM5 2EE,528063,165674
SM5 2EF,527507,165464
SM5 2EH,527694,165215
SM5 2EJ,527818,165192
SM5 2EL,527920,165378
SM5 2EN,528087,165583
SM5 2EP,527893,165645
SM5 2EQ,527261,165868
SM5 2ER,527268,165967
SM5 2ES,527925,165671
SM5 2ET,527321,165964
SM5 2EU,527685,165733
SM5 2EX,527682,165774
SM5 2EY,527781,165884
SM5 2EZ,527941,165747
SM5 2FD,528142,166269
SM5 2FE,528089,166205
SM5 2GN,527627,164643
SM5 2HA,527984,165731
SM5 2HB,527961,165668
SM5 2HD,528007,165798
SM5 2HE,527957,165814
SM5 2HG,527725,165059
SM5 2HH,527783,165066
SM5 2HJ,527756,165155
SM5 2HN,527753,164989
SM5 2HP,528010,165126
SM5 2HT,527796,164810
SM5 2HU,527895,164751
SM5 2HW,527838,164804
SM5 2HZ,527868,164737
SM5 2JA,527935,165073
SM5 2JB,527889,164870
SM5 2JD,527855,164877
SM5 2JE,528068,165174
SM5 2JF,527898,165050
SM5 2JG,527956,165157
SM5 2JH,527887,165041
SM5 2JJ,527799,165080
SM5 2JL,527943,165224
SM5 2JN,528053,165279
SM5 2JP,528163,165245
SM5 2JQ,527966,165099
SM5 2JR,527985,164794
SM5 2JS,528136,165071
SM5 2JT,528220,165156
SM5 2JW,528129,165234
SM5 2JX,528025,164969
SM5 2JY,528015,164879
SM5 2JZ,527988,164932
SM5 2LA,527941,164896
SM5 2LB,527905,164845
SM5 2LD,527989,165052
SM5 2LE,528119,164983
SM5 2LF,527830,165460
SM5 2LG,527795,165433
SM5 2LH,527611,165431
SM5 2LL,527665,165535
SM5 2LN,527781,165591
SM5 2LP,527678,165660
SM5 2LQ,527678,165383
SM5 2LR,527758,165732
SM5 2LS,527834,165618
SM5 2LT,527700,165550
SM5 2LU,527886,165483
SM5 2LW,527607,165504
SM5 2LX,527973,165393
SM5 2LY,528008,165421
SM5 2LZ,528139,165572
SM5 2NB,528214,165676
SM5 2NE,528264,165641
SM5 2NF,528101,165459
SM5 2NG,528110,165343
SM5 2NH,528203,165481
SM5 2NJ,528160,165418
SM5 2NL,527985,165330
SM5 2NP,527613,165005
SM5 2NQ,528079,165311
SM5 2NR,527643,165042
SM5 2NS,527733,164972
SM5 2NT,527698,165057
SM5 2NU,527514,164787
SM5 2NZ,527379,164646
SM5 2PA,527405,164542
SM5 2PB,527432,164365
SM5 2PE,527392,164315
SM5 2PF,527377,164385
SM5 2PG,527340,164281
SM5 2PH,527422,164760
SM5 2PN,527651,164582
SM5 2PQ,527350,164415
SM5 2PR,527688,164738
SM5 2PS,527760,164769
SM5 2PT,527676,164638
SM5 2PW,527548,164865
SM5 2PY,527719,164672
SM5 2PZ,527803,164722
SM5 2QA,527841,164734
SM5 2QB,527657,164658
SM5 2QE,527473,165199
SM5 2QG,527713,164589
SM5 2QJ,527720,164580
SM5 2QR,527586,165262
SM5 2QS,527578,165222
SM5 2QT,527546,165192
SM5 2QU,527557,165102
SM5 2QX,527532,164987
SM5 2QZ,527505,165164
SM5 2RA,527459,165183
SM5 2RB,527515,165261
SM5 2RD,527412,165203
SM5 2RE,527386,165221
SM5 2RF,527512,165304
SM5 2RG,528685,163962
SM5 2RH,527490,165167
SM5 2RJ,527021,165289
SM5 2RL,527172,165269
SM5 2RN,527154,165332
SM5 2RP,527036,165489
SM5 2RQ,527469,165271
SM5 2RR,527001,165461
SM5 2RS,526947,165568
SM5 2RT,526960,165563
SM5 2RU,526930,165657
SM5 2RW,527078,165346
SM5 2RX,526931,165676
SM5 2SB,526977,165681
SM5 2SD,527014,165604
SM5 2SE,527187,165700
SM5 2SF,527274,165829
SM5 2SG,527257,165440
SM5 2SH,527079,165540
SM5 2SJ,527155,165585
SM5 2SL,527259,165621
SM5 2SN,527346,166111
SM5 2SP,527405,166043
SM5 2SR,527444,165883
SM5 2SS,527408,165914
SM5 2ST,527419,165748
SM5 2SU,527399,165873
SM5 2SW,527351,166032
SM5 2SX,527218,165526
SM5 2SY,527192,165585
SM5 2SZ,527186,165649
SM5 2TD,527234,165492
SM5 2TG,528402,164778
SM5 2TH,528052,165015
SM5 2TJ,528321,164945
SM5 2TL,528262,164972
SM5 2TN,528206,165026
SM5 2TP,528201,165071
SM5 2TQ,528412,164873
SM5 2TR,528216,165100
SM5 2TS,528253,165069
SM5 2TT,528279,165051
SM5 2TU,528240,165046
SM5 2TW,528365,164956
SM5 2TX,528287,165005
SM5 2TY,528350,164922
SM5 2TZ,528284,164675
SM5 2UZ,528685,163962
SM5 2WD,528685,163962
SM5 2WY,528685,163962
SM5 2WZ,528059,164960
SM5 2XW,528685,163962
SM5 3AA,528401,164689
SM5 3AB,528445,164669
SM5 3AE,528254,164559
SM5 3AG,528109,164506
SM5 3AH,528109,164506
SM5 3AL,528039,164614
SM5 3AP,528070,164516
SM5 3AQ,528062,164487
SM5 3AT,528099,164571
SM5 3AX,528156,164565
SM5 3BA,528147,164588
SM5 3BB,528219,164639
SM5 3BG,528196,164580
SM5 3BH,528191,164430
SM5 3BJ,528180,164345
SM5 3BL,528164,164379
SM5 3BN,528090,164402
SM5 3BP,528092,164324
SM5 3BQ,528138,164302
SM5 3BS,528026,164353
SM5 3BW,528131,164444
SM5 3BX,527966,164281
SM5 3BY,527939,164065
SM5 3BZ,527855,163879
SM5 3DD,528122,164300
SM5 3DE,528006,164234
SM5 3DH,528333,164301
SM5 3DL,528305,164381
SM5 3DN,528333,164463
SM5 3DT,528382,164565
SM5 3DW,528282,164484
SM5 3DX,528377,164490
SM5 3DY,528476,163963
SM5 3DZ,528334,164126
SM5 3ED,528379,164145
SM5 3EE,528439,164166
SM5 3EF,528507,164573
SM5 3EH,528520,164639
SM5 3EJ,528324,163858
SM5 3EN,528024,163747
SM5 3EP,528002,163792
SM5 3ES,528121,163880
SM5 3ET,528191,163960
SM5 3EU,527959,163852
SM5 3EW,528295,163889
SM5 3EX,527914,163683
SM5 3EZ,527764,163773
SM5 3FW,528685,163962
SM5 3HA,527824,163983
SM5 3HD,527780,163985
SM5 3HE,527735,163965
SM5 3HF,527727,163814
SM5 3HG,528495,163604
SM5 3HL,528396,163712
SM5 3HN,528294,163740
SM5 3HP,528314,163485
SM5 3HQ,528364,163745
SM5 3HT,528428,163453
SM5 3HW,528472,163515
SM5 3HX,528202,163389
SM5 3HY,528209,163438
SM5 3HZ,528261,163579
SM5 3JA,528126,163678
SM5 3JB,528081,163518
SM5 3JD,528135,163535
SM5 3JE,528173,163539
SM5 3JF,528127,163428
SM5 3JG,528048,163366
SM5 3JH,528157,163422
SM5 3JJ,527954,163284
SM5 3JL,527976,163354
SM5 3JN,527699,163223
SM5 3JP,527654,163259
SM5 3JR,527864,163306
SM5 3JU,527211,163225
SM5 3JW,527529,163187
SM5 3JX,527126,163188
SM5 3JZ,528057,163397
SM5 3LB,527462,163575
SM5 3LF,527515,163567
SM5 3LG,527522,163590
SM5 3LJ,527424,163356
SM5 3LL,527340,163464
SM5 3LN,527235,163377
SM5 3LQ,527358,163540
SM5 3LS,527608,163396
SM5 3LT,527728,163537
SM5 3LW,527482,163368
SM5 3LY,527675,163379
SM5 3LZ,527797,163395
SM5 3NA,527732,163503
SM5 3ND,527878,163431
SM5 3NF,527347,163285
SM5 3NG,527236,163270
SM5 3NH,527136,163370
SM5 3NJ,527134,163259
SM5 3NL,527230,163571
SM5 3NP,527278,163566
SM5 3NQ,527193,163382
SM5 3NR,527371,163856
SM5 3NS,527379,163814
SM5 3NW,527260,163633
SM5 3NX,527836,164507
SM5 3NY,527767,164522
SM5 3PD,527925,164438
SM5 3PE,527874,164467
SM5 3PF,527879,164399
SM5 3PG,527732,164344
SM5 3PL,527664,164251
SM5 3PN,527607,164290
SM5 3PS,527515,164392
SM5 3PT,527560,164202
SM5 3PU,527463,164206
SM5 3PX,527503,164162
SM5 3PY,527423,164230
SM5 3PZ,527359,164278
SM5 3QB,527270,164234
SM5 3QD,527258,164278
SM5 3QE,527197,164190
SM5 3QF,527158,164048
SM5 3QG,527107,163987
SM5 3QH,527204,163775
SM5 3QJ,527079,164138
SM5 3QN,527445,164074
SM5 3QP,527397,164173
SM5 3QQ,527195,163940
SM5 3QR,527381,163977
SM5 3QS,527339,163948
SM5 3QT,527317,164087
SM5 3QU,527218,164129
SM5 3QW,527494,164013
SM5 3QX,527296,164193
SM5 3QY,527285,163915
SM5 3QZ,527245,163923
SM5 3RA,527414,163730
SM5 3RB,527424,163726
SM5 3RE,527733,163683
SM5 3RF,527552,163625
SM5 3RG,527716,163643
SM5 3RJ,527627,164245
SM5 3RL,527662,164218
SM5 3RP,527657,164180
SM5 3RR,527587,164174
SM5 3RS,527586,164143
SM5 3RT,527535,164146
SM5 3RU,527610,164049
SM5 3RW,527734,164186
SM5 3RZ,527532,163797
SM5 3SA,527550,164024
SM5 3SB,527453,163939
SM5 3SD,527484,163778
SM5 3SE,527473,163642
SM5 3SF,527593,163680
SM5 3SG,527627,163831
SM5 3SJ,527688,164001
SM5 3SP,527852,164180
SM5 3SR,527848,164390
SM5 3SS,527843,164225
SM5 3ST,527806,164327
SM5 3SU,527798,164284
SM5 3SW,527689,164124
SM5 3SX,527740,164282
SM5 3WS,528685,163962
SM5 3WU,528685,163962
SM5 3WW,528685,163962
SM5 3WZ,528685,163962
SM5 4AA,528393,163060
SM5 4AB,528463,162853
SM5 4AD,528443,163236
SM5 4AE,527993,162639
SM5 4AF,527309,162377
SM5 4AG,527271,162237
SM5 4AH,528685,163962
SM5 4AJ,527784,162291
SM5 4AL,527786,161831
SM5 4AN,527614,161850
SM5 4AP,528064,162022
SM5 4AQ,527577,162173
SM5 4AU,528431,162248
SM5 4AZ,528440,161987
SM5 4BE,528252,161329
SM5 4BJ,528228,161217
SM5 4BP,528316,161050
SM5 4BX,528691,161509
SM5 4BY,528910,161478
SM5 4DD,528459,161122
SM5 4DH,528584,161637
SM5 4DP,527006,163027
SM5 4DQ,527577,162173
SM5 4DR,528685,163962
SM5 4DT,527701,162105
SM5 4DW,527013,163132
SM5 4EA,527470,162515
SM5 4EF,527914,162576
SM5 4EG,527255,162574
SM5 4EH,527054,162539
SM5 4EJ,526980,162321
SM5 4EL,526942,162226
SM5 4EN,526823,162444
SM5 4EQ,527064,162473
SM5 4ES,527112,162187
SM5 4EW,526938,162417
SM5 4HA,526831,161994
SM5 4HB,527113,162393
SM5 4HD,526898,162117
SM5 4HE,528036,162495
SM5 4HL,526632,161933
SM5 4HN,526550,162063
SM5 4HP,526726,162204
SM5 4HQ,526717,161871
SM5 4HR,526499,161810
SM5 4HS,526478,161871
SM5 4HT,526380,161698
SM5 4HW,526762,162169
SM5 4HZ,526622,161859
SM5 4JA,526613,161720
SM5 4JF,526558,161723
SM5 4JH,527422,163128
SM5 4JJ,527369,163113
SM5 4JL,527393,163039
SM5 4JN,527280,162785
SM5 4JS,527054,162695
SM5 4JT,527078,162759
SM5 4JU,527108,162854
SM5 4JW,527238,162789
SM5 4JX,527147,162933
SM5 4JZ,528685,163962
SM5 4LA,527091,163038
SM5 4LB,528034,162928
SM5 4LD,528151,163326
SM5 4LE,528066,163191
SM5 4LF,528098,163194
SM5 4LG,528015,163217
SM5 4LH,528156,163087
SM5 4LJ,528072,162972
SM5 4LL,528054,163067
SM5 4LN,528045,162795
SM5 4LP,528117,162952
SM5 4LQ,528013,163251
SM5 4LR,528169,162890
SM5 4LS,528128,162822
SM5 4LT,528174,162816
SM5 4LU,528044,162851
SM5 4LW,528088,162854
SM5 4LX,527936,162840
SM5 4LY,527752,162850
SM5 4LZ,527701,162976
SM5 4NA,527769,163044
SM5 4NB,527810,162999
SM5 4NG,527971,163178
SM5 4NH,527928,163202
SM5 4NJ,527730,163125
SM5 4NL,527756,163185
SM5 4NN,527838,162674
SM5 4NP,527617,163164
SM5 4NQ,527893,163131
SM5 4NR,527838,162674
SM5 4NX,527535,163080
SM5 4NY,527620,162967
SM5 4NZ,527554,162959
SM5 4PA,527636,162802
SM5 4PB,527501,162844
SM5 4PD,527402,162818
SM5 4PE,527427,162948
SM5 4PF,527295,163028
SM5 4PG,527262,162978
SM5 4PH,528077,162687
SM5 4PL,528345,163357
SM5 4PN,528405,163352
SM5 4PP,528309,163233
SM5 4PQ,527313,163130
SM5 4PR,528382,162851
SM5 4PS,528344,162857
SM5 4PT,528325,162713
SM5 4PU,528430,162709
SM5 4PW,528356,163204
SM5 4PX,528395,162607
SM5 4PY,528164,162678
SM5 4QB,528344,162563
SM5 4QE,528250,162580
SM5 4QH,528230,162833
SM5 4QJ,528196,163194
SM5 4QL,528239,163212
SM5 4QQ,528269,162842
SM5 4QW,528685,163962
SM5 4WB,528685,163962
SM5 4WL,528685,163962
SM5 4WS,528685,163962
SM5 4WY,528685,163962
SM5 4WZ,528685,163962
SM5 4XA,528685,163962
SM5 4XT,528685,163962
SM5 9AA,0,0
SM5 9AB,0,0
SM5 9AG,0,0
SM5 9AH,0,0
SM5 9AJ,0,0
SM5 9AP,0,0
SM5 9AQ,0,0
SM5 9AR,0,0
SM5 9AT,0,0
SM5 9AU,0,0
SM5 9AW,0,0
SM5 9AX,0,0
SM5 9AY,0,0
SM6 0AA,528671,164599
SM6 0AB,528749,164455
SM6 0AD,528799,164275
SM6 0AE,528782,164326
SM6 0AG,528699,164427
SM6 0AH,528565,164436
SM6 0AN,528758,164292
SM6 0AQ,528706,164468
SM6 0AS,528630,164323
SM6 0AU,528563,164396
SM6 0AW,528728,164296
SM6 0AX,528508,164315
SM6 0AY,528551,164304
SM6 0AZ,528598,164065
SM6 0BA,528553,164073
SM6 0BB,528610,164195
SM6 0BD,528636,164153
SM6 0BE,528783,164188
SM6 0BG,528714,164226
SM6 0BQ,528789,164247
SM6 0BW,528671,164684
SM6 0BX,528824,164351
SM6 0BY,528723,164674
SM6 0DA,528867,164041
SM6 0DD,528864,164203
SM6 0DE,528872,164168
SM6 0DS,528848,164092
SM6 0DW,528828,164157
SM6 0DX,528867,164041
SM6 0DZ,528816,164021
SM6 0EB,528657,164094
SM6 0EF,528642,164040
SM6 0EG,528810,164073
SM6 0EH,528887,163664
SM6 0EL,528792,164062
SM6 0EN,528642,163970
SM6 0EP,528675,164114
SM6 0EQ,528685,163962
SM6 0ES,528551,163655
SM6 0ET,528597,163539
SM6 0EU,528771,163606
SM6 0EW,528716,164125
SM6 0EX,528887,163664
SM6 0HA,528887,163664
SM6 0HD,528653,163745
SM6 0HG,528905,163604
SM6 0HH,528883,163564
SM6 0HJ,528782,163541
SM6 0HL,528648,163501
SM6 0HN,528700,163653
SM6 0HP,528720,163849
SM6 0HR,528747,163859
SM6 0HS,528756,163863
SM6 0HU,528881,163856
SM6 0HW,528639,163850
SM6 0HX,528779,163703
SM6 0HY,528839,163714
SM6 0HZ,528779,163703
SM6 0JA,528779,163703
SM6 0JB,528790,163770
SM6 0JD,528754,163799
SM6 0JE,528740,163797
SM6 0JF,528694,163764
SM6 0JG,528571,163757
SM6 0JQ,528786,163894
SM6 0JY,528918,163969
SM6 0LG,528961,163818
SM6 0LH,528949,163877
SM6 0LN,528949,163877
SM6 0LT,528967,163736
SM6 0LY,528910,163793
SM6 0NB,528908,163725
SM6 0NF,528908,163754
SM6 0NG,528907,163773
SM6 0NJ,528896,163865
SM6 0NN,528887,163956
SM6 0NR,528889,163905
SM6 0NW,528890,163893
SM6 0NX,529095,162989
SM6 0NY,529095,162989
SM6 0NZ,529097,162980
SM6 0PA,529005,163293
SM6 0PB,529014,163131
SM6 0PD,529024,163176
SM6 0PE,529027,163096
SM6 0PF,528976,163439
SM6 0PG,529041,163046
SM6 0PH,529016,162617
SM6 0PJ,529028,162746
SM6 0PL,528983,163636
SM6 0PN,528995,163604
SM6 0PP,529074,163175
SM6 0PQ,529051,162959
SM6 0PR,529030,163539
SM6 0PS,529032,163482
SM6 0PU,529088,163101
SM6 0PW,529005,163580
SM6 0PX,529088,163060
SM6 0PY,528941,163555
SM6 0PZ,529061,163234
SM6 0QA,529094,162927
SM6 0QB,528913,163115
SM6 0QD,529087,162658
SM6 0QE,529117,162485
SM6 0QF,529091,162858
SM6 0QG,529180,162394
SM6 0QH,529153,162242
SM6 0QJ,529088,162848
SM6 0QL,529086,162836
SM6 0QN,529228,162002
SM6 0QQ,529227,162164
SM6 0QR,528902,163017
SM6 0QS,528888,163070
SM6 0QT,528791,162964
SM6 0QU,528672,162876
SM6 0QX,529052,163287
SM6 0QY,528595,162825
SM6 0QZ,528551,162817
SM6 0RA,528604,162643
SM6 0RD,528850,162703
SM6 0RG,528940,162805
SM6 0RJ,528880,162829
SM6 0RL,529045,162839
SM6 0RQ,528832,162814
SM6 0RT,528954,162895
SM6 0RU,528848,162936
SM6 0RW,528738,162877
SM6 0RX,529019,162967
SM6 0RZ,528771,163099
SM6 0SA,528803,163201
SM6 0SB,528738,163331
SM6 0SD,528776,163377
SM6 0SE,528758,163458
SM6 0SF,528759,163507
SM6 0SH,528490,162030
SM6 0SN,528918,163426
SM6 0SR,528865,162105
SM6 0SU,529050,162487
SM6 0SW,528728,161839
SM6 0SX,528865,163485
SM6 0SY,528611,163404
SM6 0SZ,528517,163426
SM6 0TA,528494,163281
SM6 0TB,528619,163272
SM6 0TD,528904,163298
SM6 0TE,528504,162936
SM6 0TF,528611,163145
SM6 0TG,528956,163162
SM6 0TH,528851,163153
SM6 0TL,528466,164282
SM6 0TN,528506,164020
SM6 0TP,528954,163271
SM6 0TQ,528921,163208
SM6 0TT,528623,164635
SM6 0TU,528578,164508
SM6 0TW,528584,164638
SM6 0TX,528548,164505
SM6 0TY,528639,164519
SM6 0TZ,528662,164498
SM6 0UA,528653,164458
SM6 0UB,528874,163240
SM6 0UL,528685,163962
SM6 0WG,528685,163962
SM6 0WJ,528685,163962
SM6 0WZ,528685,163962
SM6 0XU,528685,163962
SM6 0ZL,528685,163962
SM6 6AA,0,0
SM6 6AB,0,0
SM6 6AD,0,0
SM6 6AE,0,0
SM6 6AF,0,0
SM6 6AH,0,0
SM6 6AJ,0,0
SM6 6AN,0,0
SM6 6AP,0,0
SM6 6AR,0,0
SM6 6AT,0,0
SM6 6AU,0,0
SM6 6AW,0,0
SM6 6AX,0,0
SM6 6AY,0,0
SM6 6AZ,0,0
SM6 7AE,529765,165198
SM6 7AF,529762,165257
SM6 7AG,528707,165342
SM6 7AH,528373,165594
SM6 7AL,529981,164997
SM6 7AP,528119,165909
SM6 7AQ,529795,165196
SM6 7AR,528113,166008
SM6 7AU,528242,165978
SM6 7AW,529764,165242
SM6 7AX,528325,165981
SM6 7AY,528347,166072
SM6 7AZ,528318,166123
SM6 7BA,528302,166153
SM6 7BB,528208,166044
SM6 7BD,528147,166087
SM6 7BG,528278,166203
SM6 7BH,528318,166335
SM6 7BJ,528582,165948
SM6 7BP,528710,165436
SM6 7BQ,528251,166223
SM6 7BS,528709,165476
SM6 7BT,528756,165256
SM6 7BW,528820,165494
SM6 7BY,528704,165059
SM6 7BZ,528401,166404
SM6 7DA,528452,166395
SM6 7DB,528601,164912
SM6 7DD,528585,164982
SM6 7DE,528442,166420
SM6 7DF,528372,166461
SM6 7DG,528588,165050
SM6 7DH,528642,165116
SM6 7DJ,528693,165185
SM6 7DN,528631,165184
SM6 7DQ,528774,165395
SM6 7DR,528623,165263
SM6 7DT,528754,165358
SM6 7DU,528785,165432
SM6 7DW,528618,165231
SM6 7EA,528677,165649
SM6 7ED,529190,165080
SM6 7EF,528637,165537
SM6 7EG,528623,165610
SM6 7EJ,528599,165341
SM6 7EL,528427,165835
SM6 7EN,528492,165419
SM6 7EP,528499,165533
SM6 7EQ,528524,165591
SM6 7ER,528529,165615
SM6 7ET,528575,165726
SM6 7EW,528626,165482
SM6 7EX,528742,165502
SM6 7FJ,528497,166417
SM6 7GH,528601,165692
SM6 7HA,528531,166150
SM6 7HB,528434,166299
SM6 7HD,528444,166353
SM6 7HE,528626,165421
SM6 7HF,528429,166232
SM6 7HH,528476,166240
SM6 7HJ,528562,166504
SM6 7HL,528579,166402
SM6 7HN,528526,166086
SM6 7HP,528507,166299
SM6 7HQ,528424,166153
SM6 7HW,528497,166051
SM6 7HX,528522,164886
SM6 7HY,528494,164837
SM6 7HZ,528457,164872
SM6 7JA,528487,164905
SM6 7JB,528430,164899
SM6 7JD,528367,165017
SM6 7JE,528311,165119
SM6 7JF,528407,165028
SM6 7JG,528502,165023
SM6 7JH,528525,165150
SM6 7JJ,528496,166429
SM6 7JL,528431,165208
SM6 7JN,528487,165236
SM6 7JP,528323,165301
SM6 7JQ,528460,165094
SM6 7JR,528574,166347
SM6 7JS,528346,165278
SM6 7JT,528399,165227
SM6 7JU,528582,166256
SM6 7JW,528403,165117
SM6 7JY,528674,164974
SM6 7JZ,528671,164888
SM6 7LA,528755,164934
SM6 7LB,528994,164913
SM6 7LD,529098,164928
SM6 7LE,529111,164948
SM6 7LF,529179,164974
SM6 7LG,529156,164933
SM6 7LH,529995,165214
SM6 7LJ,529111,165029
SM6 7LN,529157,165054
SM6 7LP,529312,164905
SM6 7LQ,529190,165031
SM6 7LR,529330,165018
SM6 7LS,529490,165036
SM6 7LU,529536,165035
SM6 7LW,529322,164940
SM6 7LX,529936,165009
SM6 7LY,529950,165176
SM6 7LZ,529913,165141
SM6 7NA,530002,165145
SM6 7NB,530026,165105
SM6 7ND,529864,165195
SM6 7NE,529840,165122
SM6 7NF,529823,165266
SM6 7NG,529875,165263
SM6 7NH,529621,165296
SM6 7NJ,529614,165374
SM6 7NL,529338,165066
SM6 7NN,529584,165437
SM6 7NP,529790,165143
SM6 7NQ,529849,165169
SM6 7NR,528689,164810
SM6 7NS,528590,164837
SM6 7NT,528559,164812
SM6 7NU,528536,164757
SM6 7NW,529588,165366
SM6 7NX,528541,164701
SM6 7NY,528669,164762
SM6 7PB,528716,164762
SM6 7PD,528868,164869
SM6 7PF,528785,164810
SM6 7PH,528934,164954
SM6 7PJ,528954,164784
SM6 7QA,528685,163962
SM6 8AA,528965,164380
SM6 8AB,529125,164448
SM6 8AD,529157,164460
SM6 8AE,529179,164349
SM6 8AF,529165,164273
SM6 8AG,529121,164335
SM6 8AH,529010,164349
SM6 8AJ,528878,164307
SM6 8AL,528978,164284
SM6 8AN,529052,164269
SM6 8AP,529241,164234
SM6 8AQ,529136,164383
SM6 8AR,528912,164639
SM6 8AT,528799,164679
SM6 8AU,528842,164587
SM6 8AW,528864,164347
SM6 8AX,528858,164527
SM6 8AY,528848,164480
SM6 8AZ,528882,164617
SM6 8BA,528851,164780
SM6 8BB,528817,164626
SM6 8BD,528730,164606
SM6 8BE,529198,164788
SM6 8BF,529187,164259
SM6 8BG,528828,164420
SM6 8BJ,528929,164513
SM6 8BL,529033,164512
SM6 8BN,529117,164472
SM6 8BP,529023,164555
SM6 8BQ,528931,164447
SM6 8BS,529102,164570
SM6 8BT,529019,164600
SM6 8BU,529071,164676
SM6 8BW,529139,164565
SM6 8BX,528994,164455
SM6 8BY,529006,164511
SM6 8BZ,529111,164812
SM6 8DD,529058,164841
SM6 8DE,529204,164691
SM6 8DF,529211,164639
SM6 8DG,529172,164743
SM6 8DH,529334,164770
SM6 8DN,529237,164757
SM6 8DP,529334,164740
SM6 8DQ,529198,164583
SM6 8DR,529344,164685
SM6 8DS,529349,164638
SM6 8DT,529352,164609
SM6 8DX,529446,164805
SM6 8DY,529436,164998
SM6 8DZ,529398,164980
SM6 8ED,529683,164975
SM6 8EE,529599,163938
SM6 8EG,529642,164905
SM6 8EH,529496,164907
SM6 8EJ,529460,164506
SM6 8EL,529579,164946
SM6 8EN,529574,164705
SM6 8EP,529328,164560
SM6 8EQ,529647,165015
SM6 8ER,529340,164524
SM6 8ES,529566,164536
SM6 8ET,529531,164514
SM6 8EU,529345,164450
SM6 8EW,529545,164787
SM6 8EX,529352,164416
SM6 8EY,529556,164363
SM6 8EZ,529525,164370
SM6 8HB,529737,164900
SM6 8HD,529659,164862
SM6 8HE,529663,164718
SM6 8HF,529748,164734
SM6 8HG,529721,164730
SM6 8HL,529663,164519
SM6 8HN,529668,164576
SM6 8HP,529695,164615
SM6 8HQ,529769,164543
SM6 8HR,529937,164684
SM6 8HS,529950,164656
SM6 8HW,529626,164603
SM6 8HX,529995,164756
SM6 8HY,529875,164803
SM6 8HZ,529908,164787
SM6 8JA,530018,164814
SM6 8JB,530035,164846
SM6 8JD,529953,164902
SM6 8JE,529874,164943
SM6 8JF,529828,164772
SM6 8JH,529953,164312
SM6 8JN,530075,164410
SM6 8JQ,530145,164604
SM6 8JS,530279,164323
SM6 8JT,530312,164261
SM6 8JU,528685,163962
SM6 8JW,530148,164241
SM6 8JX,530016,164258
SM6 8JY,530011,164213
SM6 8JZ,529890,164154
SM6 8LA,529835,164130
SM6 8LB,529855,164213
SM6 8LD,529802,164144
SM6 8LE,529720,164194
SM6 8LF,529620,164185
SM6 8LG,529718,164217
SM6 8LH,529912,164262
SM6 8LJ,530042,164295
SM6 8LL,530011,164305
SM6 8LN,530198,164226
SM6 8LP,530333,164101
SM6 8LQ,529830,164248
SM6 8LR,530257,164134
SM6 8LS,530275,164063
SM6 8LT,530308,164083
SM6 8LU,530313,164044
SM6 8LW,530322,164187
SM6 8LX,530070,164347
SM6 8LY,530568,164320
SM6 8LZ,530425,164246
SM6 8NA,530668,164304
SM6 8NB,530770,164268
SM6 8ND,530832,164274
SM6 8NE,530790,164302
SM6 8NF,530754,164357
SM6 8NG,530752,164423
SM6 8NH,530804,164478
SM6 8NP,530666,164429
SM6 8NQ,530822,164382
SM6 8NR,530559,164445
SM6 8NS,530509,164447
SM6 8NT,530461,164362
SM6 8NU,530395,164434
SM6 8NW,530566,164360
SM6 8NX,530389,164301
SM6 8NY,530303,164369
SM6 8NZ,530352,164436
SM6 8PB,530276,164430
SM6 8PD,530182,164379
SM6 8PF,530487,164084
SM6 8PH,530463,164172
SM6 8PJ,530523,164228
SM6 8PL,530701,164232
SM6 8PN,530714,164173
SM6 8PP,529601,164100
SM6 8PQ,530631,164207
SM6 8PR,529572,164092
SM6 8PS,529696,164129
SM6 8PT,529685,164025
SM6 8PU,529386,163926
SM6 8PW,529462,164019
SM6 8PX,529286,163835
SM6 8PY,529525,163988
SM6 8PZ,529245,163952
SM6 8QA,529307,163884
SM6 8QB,529195,164005
SM6 8QD,529164,163927
SM6 8QE,529134,163990
SM6 8QF,528955,163984
SM6 8QG,528986,163963
SM6 8QH,530251,164245
SM6 8QJ,529075,163969
SM6 8QL,528925,163935
SM6 8QN,529185,164042
SM6 8QP,529430,164139
SM6 8QQ,529552,164033
SM6 8QR,529324,164060
SM6 8QS,529441,164083
SM6 8QT,529512,164105
SM6 8QU,529087,164022
SM6 8QW,529263,164079
SM6 8QX,529042,163919
SM6 8QZ,529028,163842
SM6 8RA,528981,163875
SM6 8RB,528949,163877
SM6 8RE,529137,163868
SM6 8RF,529103,163940
SM6 8RG,529003,163776
SM6 8RH,528976,163804
SM6 8RP,528961,163794
SM6 8RW,529058,163772
SM6 8RZ,528762,164412
SM6 8SA,528974,164055
SM6 8SB,528974,164055
SM6 8SD,528974,164055
SM6 8SE,529017,164075
SM6 8SF,528948,164111
SM6 8SH,529127,164162
SM6 8SJ,529080,164102
SM6 8SL,529138,164136
SM6 8SN,529144,164100
SM6 8SP,529278,164167
SM6 8SQ,529002,164143
SM6 8SR,529262,164196
SM6 8SS,529428,164211
SM6 8ST,529428,164246
SM6 8SU,529334,164307
SM6 8SW,529174,164114
SM6 8SX,529356,164349
SM6 8SY,528956,164082
SM6 8TB,529063,164190
SM6 8TE,529034,164219
SM6 8TF,529078,164185
SM6 8TG,529024,164177
SM6 8TH,529358,164003
SM6 8TJ,529405,164001
SM6 8UX,528685,163962
SM6 8WQ,528685,163962
SM6 8XD,528685,163962
SM6 8XE,528685,163962
SM6 9AA,529156,163776
SM6 9AD,530326,163380
SM6 9AF,530326,163247
SM6 9AG,529010,163662
SM6 9AJ,529059,163677
SM6 9AN,529168,163721
SM6 9AP,529354,163801
SM6 9AQ,529029,163660
SM6 9AR,529327,163792
SM6 9AS,529399,163749
SM6 9AT,529283,163643
SM6 9AU,529338,163667
SM6 9AW,530286,163279
SM6 9AX,529280,163716
SM6 9AY,529359,163845
SM6 9BE,529141,163711
SM6 9BF,530037,163350
SM6 9BN,529548,163866
SM6 9BP,529972,163415
SM6 9BS,529666,163933
SM6 9BT,529674,163896
SM6 9BU,529885,163924
SM6 9BW,529545,163923
SM6 9BX,530154,163975
SM6 9BY,530331,163632
SM6 9BZ,529879,163372
SM6 9DA,529992,163239
SM6 9DB,529992,163239
SM6 9DE,529773,163392
SM6 9DF,530030,163247
SM6 9DG,529726,163379
SM6 9DH,529662,163333
SM6 9DJ,530197,163504
SM6 9DL,530157,163482
SM6 9DN,529867,163618
SM6 9DP,530009,163675
SM6 9DQ,529696,163259
SM6 9DR,530078,163473
SM6 9DS,530089,163518
SM6 9DT,530057,163676
SM6 9DU,529859,163706
SM6 9DW,530030,163247
SM6 9DX,529890,163431
SM6 9DY,530160,163912
SM6 9DZ,530160,163870
SM6 9EA,529886,163862
SM6 9EB,529890,163821
SM6 9ED,530268,163028
SM6 9EN,529882,163273
SM6 9EP,529949,163309
SM6 9EQ,530010,163397
SM6 9ER,530104,163279
SM6 9ES,530191,163047
SM6 9ET,530213,163129
SM6 9EW,529932,163222
SM6 9FB,530465,163730
SM6 9FD,530423,163701
SM6 9FN,530462,163179
SM6 9FP,530395,163226
SM6 9FQ,530442,163353
SM6 9FR,530409,163339
SM6 9FS,530457,163351
SM6 9FT,530481,163315
SM6 9FW,530498,163377
SM6 9FX,530404,163394
SM6 9FY,530502,163408
SM6 9FZ,530409,163428
SM6 9GA,530573,163600
SM6 9GB,530608,163550
SM6 9GD,530606,163515
SM6 9GF,530571,163442
SM6 9GG,530614,163394
SM6 9GH,530603,163335
SM6 9GL,530505,163278
SM6 9GN,530472,163153
SM6 9GP,530574,163169
SM6 9GQ,530544,163137
SM6 9GR,530456,163085
SM6 9GS,530611,163429
SM6 9GT,530567,163343
SM6 9GU,530505,163431
SM6 9GW,530400,163448
SM6 9GX,530342,163195
SM6 9GY,530430,163471
SM6 9GZ,530517,163483
SM6 9HB,530050,163069
SM6 9HD,530148,163380
SM6 9HG,530032,163210
SM6 9HH,530377,163589
SM6 9HJ,530215,163372
SM6 9HL,530300,163369
SM6 9HP,530068,163325
SM6 9HX,530455,163504
SM6 9HY,530448,163557
SM6 9JH,530184,163271
SM6 9JJ,530209,163220
SM6 9JL,530287,163229
SM6 9JN,530265,163145
SM6 9JP,530276,163507
SM6 9JQ,530145,163241
SM6 9JR,530308,163454
SM6 9JS,530327,163523
SM6 9JT,530375,163582
SM6 9JU,529595,163101
SM6 9JW,530432,163861
SM6 9JX,529598,163153
SM6 9JY,529776,163125
SM6 9JZ,529831,162887
SM6 9LA,530032,162664
SM6 9LB,530021,162585
SM6 9LD,530159,162783
SM6 9LE,530320,162602
SM6 9LF,530290,162866
SM6 9LG,530230,162880
SM6 9LH,530418,162662
SM6 9LJ,529667,162608
SM6 9LL,529621,162640
SM6 9LN,529736,162812
SM6 9LP,529613,162982
SM6 9LQ,530114,162890
SM6 9LR,529628,163034
SM6 9LS,530061,162794
SM6 9LT,529370,162779
SM6 9LU,529411,162759
SM6 9LW,529774,162822
SM6 9LX,529318,162451
SM6 9LY,529415,162496
SM6 9LZ,529319,162819
SM6 9NA,530255,162813
SM6 9NB,530202,162957
SM6 9ND,529688,162527
SM6 9NE,529903,162562
SM6 9NF,529553,162452
SM6 9NG,529461,162657
SM6 9NH,529550,162799
SM6 9NJ,529641,162726
SM6 9NL,530306,162956
SM6 9NN,529144,162681
SM6 9NP,529220,162635
SM6 9NQ,529548,162882
SM6 9NR,529301,162963
SM6 9NS,529323,163132
SM6 9NT,529266,162959
SM6 9NU,529230,163094
SM6 9NW,529322,162917
SM6 9NX,529369,163305
SM6 9NY,529405,163247
SM6 9NZ,530099,163238
SM6 9PA,529232,162557
SM6 9PE,529355,162358
SM6 9PF,529337,162210
SM6 9PG,529036,163370
SM6 9PH,529191,163658
SM6 9PJ,529261,163586
SM6 9PL,529223,163690
SM6 9PN,529307,163485
SM6 9PP,529242,163466
SM6 9PQ,529274,162687
SM6 9PR,529174,163477
SM6 9PS,529242,163303
SM6 9PT,529322,163278
SM6 9PU,529192,163232
SM6 9PW,529305,163334
SM6 9PX,529178,163126
SM6 9PY,529193,162970
SM6 9PZ,529226,162851
SM6 9QA,529212,162812
SM6 9QB,529152,162830
SM6 9QD,529082,162741
SM6 9QE,529155,162970
SM6 9QF,529182,163018
SM6 9QG,529134,163144
SM6 9QH,529151,163335
SM6 9QJ,529193,163389
SM6 9QL,529142,163583
SM6 9QN,529098,163562
SM6 9QQ,529108,163324
SM6 9QR,529638,163733
SM6 9QT,529597,163731
SM6 9QU,529699,163676
SM6 9QW,529188,163579
SM6 9QX,529756,163773
SM6 9QY,529735,163640
SM6 9QZ,529609,163485
SM6 9RA,529557,163496
SM6 9RB,530102,163167
SM6 9RD,530123,163104
SM6 9RE,529598,163318
SM6 9RF,529536,163297
SM6 9RG,529511,163177
SM6 9RH,529498,163538
SM6 9RJ,529434,163556
SM6 9RL,529345,163624
SM6 9RN,529386,163598
SM6 9RP,529528,163671
SM6 9RQ,529441,163234
SM6 9RR,529590,163243
SM6 9RS,530086,163051
SM6 9RT,529904,162673
SM6 9RU,529685,163851
SM6 9RW,529485,163686
SM6 9RY,530093,162958
SM6 9SH,528685,163962
SM6 9UY,528685,163962
SM6 9WG,528685,163962
SM6 9WS,528685,163962
SM6 9WY,530472,163675
SM6 9XY,528685,163962
SM6 9XZ,528685,163962
SM6 9ZQ,528685,163962
SM7 1AA,524588,159285
SM7 1AB,524549,158814
SM7 1AD,524481,158659
SM7 1AE,524637,158883
SM7 1AF,524760,158844
SM7 1AG,524465,158828
SM7 1AH,524619,158790
SM7 1AJ,524486,158999
SM7 1AN,524804,159746
SM7 1AR,525290,159638
SM7 1AS,524502,159257
SM7 1AT,524760,159133
SM7 1AU,524760,159133
SM7 1AW,524670,159335
SM7 1AX,524522,159184
SM7 1AZ,524750,159063
SM7 1BA,524749,159003
SM7 1BB,524750,158949
SM7 1BD,524750,158949
SM7 1BE,524739,158772
SM7 1BL,523931,159631
SM7 1BN,524252,159321
SM7 1BP,524647,159414
SM7 1BQ,524713,159392
SM7 1BS,524724,159449
SM7 1BT,524676,158903
SM7 1BU,524616,158665
SM7 1BW,524572,159010
SM7 1DA,524628,159245
SM7 1DB,524560,159154
SM7 1DF,524603,159118
SM7 1DG,524440,159091
SM7 1DN,524230,158974
SM7 1DQ,524357,158968
SM7 1DR,524239,159052
SM7 1DS,524309,159150
SM7 1DX,524293,159253
SM7 1DY,524148,159210
SM7 1DZ,524045,159157
SM7 1EA,523924,159359
SM7 1EB,523946,159422
SM7 1ED,523973,159860
SM7 1EE,523985,159808
SM7 1EF,523988,159903
SM7 1EG,523722,159874
SM7 1EH,523772,159836
SM7 1EJ,523611,159880
SM7 1EL,523894,159404
SM7 1EP,524536,159648
SM7 1EQ,523896,159767
SM7 1ER,524575,159525
SM7 1ES,524392,159479
SM7 1ET,524485,159451
SM7 1EW,524557,159609
SM7 1EZ,524443,159303
SM7 1HA,524397,159295
SM7 1HB,524148,159344
SM7 1HD,524152,159399
SM7 1HE,524159,159552
SM7 1HF,524348,159788
SM7 1HG,524406,159783
SM7 1HL,524409,160103
SM7 1HN,524225,159914
SM7 1HP,524014,159614
SM7 1HQ,524414,159709
SM7 1HR,523893,159565
SM7 1HW,524316,159929
SM7 1JB,523830,159419
SM7 1JG,523600,159350
SM7 1JH,523521,159520
SM7 1JJ,523574,159627
SM7 1JL,523675,159581
SM7 1JN,523635,159424
SM7 1JP,523760,159524
SM7 1JQ,523335,159443
SM7 1JR,523715,159745
SM7 1JS,523739,159560
SM7 1JT,523718,159656
SM7 1JW,523789,159706
SM7 1LA,524047,160068
SM7 1LB,523622,160020
SM7 1LD,523740,160319
SM7 1LE,523815,160347
SM7 1LF,523876,160358
SM7 1LG,524083,160028
SM7 1LH,523906,160286
SM7 1LJ,524007,160320
SM7 1LL,524163,160349
SM7 1LN,523637,159728
SM7 1LP,523389,159586
SM7 1LQ,523721,159977
SM7 1LR,523399,159705
SM7 1LS,523616,159769
SM7 1LT,523441,159988
SM7 1LU,523412,159912
SM7 1LW,523465,159555
SM7 1LX,523489,159898
SM7 1LY,523610,160268
SM7 1LZ,523659,160309
SM7 1NA,523243,160060
SM7 1NB,523513,160246
SM7 1ND,524372,160267
SM7 1NE,523614,160099
SM7 1NG,524188,160237
SM7 1NH,523453,160123
SM7 1NJ,523963,160250
SM7 1NL,523224,160109
SM7 1NN,523941,160385
SM7 1NP,524030,160387
SM7 1NQ,523835,160205
SM7 1NR,524247,160200
SM7 1NS,524587,159924
SM7 1NT,523946,160110
SM7 1NW,523964,160317
SM7 1NX,524596,159789
SM7 1NY,524556,160043
SM7 1NZ,524368,160171
SM7 1PB,524450,160217
SM7 1PF,524109,160617
SM7 1PJ,523764,160134
SM7 1PL,524215,160518
SM7 1PN,524096,160144
SM7 1PP,524177,160133
SM7 1PQ,523772,160957
SM7 1PS,523604,161044
SM7 1PW,523868,160785
SM7 1PZ,524523,160431
SM7 1QE,524344,160732
SM7 1QG,523871,161067
SM7 1QH,523747,161186
SM7 1QL,523982,161302
SM7 1QR,524102,161179
SM7 1QT,524020,161140
SM7 1QW,524172,161173
SM7 1QX,524060,161106
SM7 1QZ,524044,161037
SM7 1RB,524376,160786
SM7 1RD,524492,160701
SM7 1RF,524598,160923
SM7 1RN,524524,160212
SM7 1RP,524483,160235
SM7 1RQ,524746,160461
SM7 1RR,524628,160208
SM7 1RW,524528,160264
SM7 1WF,525290,159638
SM7 1WH,525290,159638
SM7 1WL,525290,159638
SM7 1WP,525290,159638
SM7 1WW,525290,159638
SM7 2AA,524995,160226
SM7 2AB,524922,160243
SM7 2AD,524947,160095
SM7 2AE,525028,160027
SM7 2AF,525092,159796
SM7 2AG,525025,160121
SM7 2AH,524865,159953
SM7 2AJ,525086,159689
SM7 2AL,524847,159985
SM7 2AN,524811,159868
SM7 2AP,524813,160030
SM7 2AQ,524888,159989
SM7 2AR,525261,159567
SM7 2AS,524899,159648
SM7 2AT,524839,160036
SM7 2AU,525192,159528
SM7 2AW,525125,159605
SM7 2AX,525320,159325
SM7 2AY,525401,159329
SM7 2AZ,525574,159211
SM7 2BA,525336,159190
SM7 2BB,525573,158904
SM7 2BD,525410,159047
SM7 2BE,525554,159034
SM7 2BF,525310,159340
SM7 2BG,524983,159754
SM7 2BH,525669,159025
SM7 2BJ,525579,159121
SM7 2BL,524845,160058
SM7 2BN,524882,160048
SM7 2BP,525041,159501
SM7 2BQ,524997,159656
SM7 2BR,524870,160029
SM7 2BS,524866,160076
SM7 2BT,525771,158903
SM7 2BU,524877,160116
SM7 2BW,526239,158127
SM7 2BX,524814,160097
SM7 2BY,526654,158369
SM7 2BZ,524855,159785
SM7 2DA,524812,160163
SM7 2DB,524857,160175
SM7 2DD,524869,160143
SM7 2DE,525622,159915
SM7 2DF,525694,159956
SM7 2DG,525528,159874
SM7 2DH,525559,160023
SM7 2DJ,524769,159237
SM7 2DL,525553,159973
SM7 2DN,525646,160034
SM7 2DP,525770,160066
SM7 2DQ,525430,159901
SM7 2DR,525784,160115
SM7 2DS,525840,160024
SM7 2DT,525807,159947
SM7 2DW,525732,160026
SM7 2DX,525267,159361
SM7 2DY,524845,159168
SM7 2DZ,525204,159381
SM7 2EA,525057,159330
SM7 2EB,524966,159308
SM7 2ED,524869,159212
SM7 2EE,524907,159299
SM7 2EF,524848,159207
SM7 2EG,524832,159381
SM7 2EH,524918,159209
SM7 2EJ,525229,159183
SM7 2EP,525231,159004
SM7 2EQ,524868,159281
SM7 2ER,525073,159096
SM7 2ES,525019,159048
SM7 2ET,524887,159120
SM7 2EU,524980,159020
SM7 2EW,525182,159184
SM7 2EX,524881,159047
SM7 2EY,524836,158965
SM7 2EZ,524887,158936
SM7 2FA,526292,158092
SM7 2FB,526335,158116
SM7 2FD,526233,158009
SM7 2FE,526180,158033
SM7 2FF,526187,158028
SM7 2GD,525232,159682
SM7 2GJ,525365,159565
SM7 2HA,525251,158784
SM7 2HB,525013,158951
SM7 2HD,524788,158982
SM7 2HE,525437,158899
SM7 2HF,524845,158856
SM7 2HG,524881,158873
SM7 2HH,524828,158794
SM7 2HJ,525060,158790
SM7 2HL,524886,158708
SM7 2HN,524962,158816
SM7 2HR,524939,158886
SM7 2HS,525070,158909
SM7 2HT,525014,158797
SM7 2HU,525084,158875
SM7 2HX,525225,158885
SM7 2HY,525236,158848
SM7 2HZ,525133,158822
SM7 2JA,525343,159587
SM7 2JE,525216,159818
SM7 2JF,525177,159825
SM7 2JG,525129,159819
SM7 2JH,525120,159905
SM7 2JJ,525096,160131
SM7 2JL,525093,160001
SM7 2JN,525071,159934
SM7 2JP,525790,160262
SM7 2JQ,525151,160106
SM7 2JR,525455,160526
SM7 2JW,525560,160326
SM7 2JX,525781,159877
SM7 2JY,525696,160463
SM7 2JZ,525610,160508
SM7 2LA,525321,160396
SM7 2LB,525536,160425
SM7 2LD,525562,160383
SM7 2LJ,525243,159609
SM7 2LQ,525290,159638
SM7 2LS,525311,159641
SM7 2LU,525334,159653
SM7 2LX,525374,159664
SM7 2NB,525620,159746
SM7 2NE,525260,159665
SM7 2NG,525484,159712
SM7 2NH,525308,159681
SM7 2NJ,525552,159788
SM7 2NL,525459,159743
SM7 2NN,525542,159730
SM7 2NP,525451,159743
SM7 2NQ,525545,159593
SM7 2NR,525543,159794
SM7 2NS,525635,159831
SM7 2NT,525727,159889
SM7 2NU,525322,159648
SM7 2NY,525665,159790
SM7 2NZ,525719,159833
SM7 2PA,525703,159772
SM7 2PB,525622,159676
SM7 2PD,525564,159660
SM7 2PE,525601,159628
SM7 2PF,525616,159639
SM7 2PG,525380,159517
SM7 2PH,525374,159469
SM7 2PJ,525518,159428
SM7 2PL,525448,159415
SM7 2PN,525451,159511
SM7 2PP,525641,159512
SM7 2PQ,525283,159525
SM7 2PR,525572,159494
SM7 2PS,525807,159812
SM7 2PT,524758,158908
SM7 2PW,525545,159546
SM7 2PX,525290,159638
SM7 2PY,525334,159863
SM7 2PZ,525293,159853
SM7 2QA,525246,160122
SM7 2QB,525445,159796
SM7 2QD,525286,160140
SM7 2QE,525160,160269
SM7 2QJ,525245,160339
SM7 2QL,525347,160293
SM7 2QR,525592,160265
SM7 2QT,525755,160218
SM7 2QU,525540,160082
SM7 2QW,525570,160181
SM7 2QX,525541,160127
SM7 2QY,525376,160189
SM7 2QZ,525604,160189
SM7 2RA,525445,160136
SM7 2RL,525290,159638
SM7 2WA,525290,159638
SM7 2WS,525290,159638
SM7 2WW,525290,159638
SM7 2ZT,525290,159638
SM7 3AA,525898,159942
SM7 3AB,525897,159988
SM7 3AD,526009,160061
SM7 3AE,526139,160129
SM7 3AF,525991,160169
SM7 3AG,525980,160254
SM7 3AH,527020,159872
SM7 3AJ,525876,159831
SM7 3AN,526242,160481
SM7 3AP,525821,160163
SM7 3AQ,525290,159638
SM7 3AR,527940,159551
SM7 3AS,526671,160760
SM7 3AT,527077,160995
SM7 3AU,527047,161132
SM7 3BA,527501,161185
SM7 3BE,527298,160959
SM7 3BG,527095,160888
SM7 3BH,527036,160733
SM7 3BJ,526998,160853
SM7 3BL,526899,160771
SM7 3BN,526860,160705
SM7 3BQ,527087,160758
SM7 3BS,525868,159885
SM7 3BT,525894,159786
SM7 3BW,526593,160673
SM7 3BX,525894,159786
SM7 3BY,525981,159726
SM7 3DB,526075,159765
SM7 3DD,525865,159714
SM7 3DE,525930,159664
SM7 3DH,525969,159651
SM7 3DL,525966,159591
SM7 3DN,526087,159496
SM7 3DS,526218,159172
SM7 3DT,526135,159152
SM7 3DX,527719,160987
SM7 3DZ,526219,159206
SM7 3EA,525290,159638
SM7 3EE,526281,159249
SM7 3EF,526554,158987
SM7 3EH,526183,158922
SM7 3EL,526486,158768
SM7 3ER,526712,158706
SM7 3ES,526054,159957
SM7 3EU,525290,159638
SM7 3EX,526064,160026
SM7 3EY,526588,159984
SM7 3EZ,526465,159954
SM7 3HA,527154,159971
SM7 3HB,527220,160059
SM7 3HD,526998,159941
SM7 3HE,526625,159909
SM7 3HF,526474,159799
SM7 3HG,526667,159813
SM7 3HH,526050,160019
SM7 3HJ,526886,159879
SM7 3HQ,526797,159878
SM7 3HR,527634,160163
SM7 3HS,527714,160137
SM7 3HT,527719,160097
SM7 3HU,527670,160360
SM7 3HX,527703,160247
SM7 3HY,527614,160510
SM7 3HZ,527688,160621
SM7 3JA,527628,160796
SM7 3JB,527622,160339
SM7 3JD,527704,160201
SM7 3JE,527565,160526
SM7 3JF,527790,161063
SM7 3JH,527641,159762
SM7 3JJ,527619,159520
SM7 3JL,527601,159290
SM7 3JN,527573,158957
SM7 3JP,527599,159766
SM7 3JR,527579,159515
SM7 3JS,527562,159348
SM7 3JT,527484,159329
SM7 3JU,527554,159246
SM7 3JW,527653,158750
SM7 3JX,527469,159241
SM7 3JY,527364,159309
SM7 3LA,527331,159407
SM7 3LH,527665,158696
SM7 3LJ,527425,158683
SM7 3LQ,527530,158944
SM7 3LU,527141,159849
SM7 3LY,527008,159804
SM7 3NA,527040,159776
SM7 3NB,527079,159732
SM7 3ND,527187,159824
SM7 3NE,527227,159836
SM7 3NF,527293,159787
SM7 3NG,527393,159780
SM7 3NH,527377,159866
SM7 3NJ,527466,159905
SM7 3NL,527493,159916
SM7 3NN,527549,159919
SM7 3NP,527613,159952
SM7 3NQ,527408,159834
SM7 3NR,527681,159932
SM7 3NW,527605,159938
SM7 3NX,527789,160030
SM7 3NY,527730,160042
SM7 3PA,527920,159701
SM7 3PB,527912,159787
SM7 3PD,527959,159726
SM7 3PE,527821,159315
SM7 3PF,527765,159168
SM7 3PG,527763,159292
SM7 3PH,527750,159368
SM7 3PJ,527686,159294
SM7 3PL,527649,159157
SM7 3PN,527699,159123
SM7 3PP,527878,159068
SM7 3PQ,527718,159278
SM7 3PT,527815,159062
SM7 3PU,527637,158983
SM7 3PW,527837,159103
SM7 3PX,527714,159019
SM7 3PY,527755,158912
SM7 3PZ,527689,158853
SM7 3QA,527771,158863
SM7 3QG,527025,158744
SM7 3QL,525889,160177
SM7 3QN,525876,160238
SM7 3QP,526018,160374
SM7 3QR,526055,160492
SM7 3QS,525846,160122
SM7 3QU,525867,160369
SM7 3QW,525915,160337
SM7 3QX,525865,160553
SM7 3QY,525886,160462
SM7 3QZ,525795,160474
SM7 3RA,525977,160525
SM7 3RB,525879,160671
SM7 3RD,525773,160572
SM7 3RE,525790,160697
SM7 3RF,525674,160695
SM7 3RG,525932,160757
SM7 3SA,525972,160664
SM7 3WL,525290,159638
SM7 3WN,525290,159638
SM7 3WY,525290,159638
SM7 3ZS,525290,159638
SM7 9AB,0,0
SM7 9AE,0,0
SM7 9AF,0,0
SM7 9AG,0,0
SM7 9AH,0,0
SM7 9AJ,0,0
SM7 9AL,0,0
SM7 9AN,0,0
SM7 9AP,0,0
SM7 9AQ,0,0
SM7 9AS,0,0
