TD1 1AA,349144,636283
TD1 1AB,348945,636297
TD1 1BA,349183,636213
TD1 1BD,349287,636126
TD1 1BE,349149,636267
TD1 1BG,349231,636114
TD1 1BH,349269,636210
TD1 1BJ,349225,636241
TD1 1BL,349339,636129
TD1 1BN,349291,636159
TD1 1BP,349205,636394
TD1 1BQ,349166,636257
TD1 1BT,349137,636409
TD1 1BU,349192,636373
TD1 1BW,349279,636339
TD1 1BX,349217,636339
TD1 1BY,349310,636316
TD1 1BZ,349180,636268
TD1 1DD,348882,636613
TD1 1DH,348989,635940
TD1 1DL,349265,636131
TD1 1DP,349254,636119
TD1 1DQ,348849,635997
TD1 1DR,349227,636139
TD1 1DS,349231,636134
TD1 1DT,349054,635971
TD1 1DU,348953,636059
TD1 1DX,348954,636092
TD1 1DY,348978,636121
TD1 1DZ,349010,636120
TD1 1EA,349080,635994
TD1 1EB,349065,636085
TD1 1ED,349039,636037
TD1 1EL,349103,636191
TD1 1EN,349172,636145
TD1 1EP,349264,636042
TD1 1ER,349234,636086
TD1 1ES,349169,636052
TD1 1ET,349155,636067
TD1 1EU,349150,636038
TD1 1EW,349187,636136
TD1 1EX,349160,636024
TD1 1EZ,349006,636143
TD1 1HA,348902,636243
TD1 1HB,348828,636259
TD1 1HD,348856,636210
TD1 1HE,348786,636305
TD1 1HF,348740,636300
TD1 1HG,348745,636321
TD1 1HH,348625,636277
TD1 1HJ,348627,636241
TD1 1HL,348674,636296
TD1 1HP,348725,636229
TD1 1HQ,348723,636280
TD1 1HR,348769,636176
TD1 1HS,348642,636208
TD1 1HT,348666,636198
TD1 1HW,348798,636211
TD1 1HX,349155,636182
TD1 1HY,348605,636162
TD1 1HZ,348605,636162
TD1 1JA,348720,636356
TD1 1JD,348846,636087
TD1 1JE,348922,636166
TD1 1JF,348771,636061
TD1 1JG,348715,635943
TD1 1JH,348444,635850
TD1 1JJ,348438,635768
TD1 1JL,348319,635843
TD1 1JN,348286,635850
TD1 1JP,348515,635924
TD1 1JQ,348480,635862
TD1 1JR,348501,635989
TD1 1JS,348558,635974
TD1 1JT,348629,635970
TD1 1JU,348677,635962
TD1 1JW,348550,635925
TD1 1JX,348666,636070
TD1 1JY,348497,636101
TD1 1JZ,348503,636067
TD1 1LA,348423,636116
TD1 1LB,348378,636083
TD1 1LD,348324,636075
TD1 1LJ,348178,636256
TD1 1LL,348733,636134
TD1 1LN,348690,636115
TD1 1LP,348389,636208
TD1 1LQ,348272,636296
TD1 1LR,348098,636131
TD1 1LS,348280,636210
TD1 1LT,348207,636152
TD1 1LU,348480,636213
TD1 1LW,348540,636137
TD1 1LX,348573,636229
TD1 1LY,348465,636285
TD1 1LZ,348354,636306
TD1 1NA,348329,636405
TD1 1NB,348226,636593
TD1 1ND,348309,636528
TD1 1NE,348275,636517
TD1 1NF,348482,636342
TD1 1NH,348683,636379
TD1 1NJ,348634,636447
TD1 1NL,348691,636508
TD1 1NN,348607,636302
TD1 1NQ,348703,636428
TD1 1NR,348050,636713
TD1 1NS,348404,636522
TD1 1NU,348916,636504
TD1 1NW,348112,636803
TD1 1NY,348915,636470
TD1 1NZ,348883,636497
TD1 1PA,348802,636538
TD1 1PB,348916,636402
TD1 1PD,348793,636699
TD1 1PE,348882,636370
TD1 1PF,348887,636422
TD1 1PG,348832,636453
TD1 1PH,348895,636462
TD1 1PJ,348809,636486
TD1 1PL,348679,636711
TD1 1PQ,348813,636431
TD1 1PR,348577,636682
TD1 1PW,348613,636746
TD1 1PX,348249,636927
TD1 1PY,348542,636863
TD1 1PZ,348344,636975
TD1 1QA,348371,636805
TD1 1QD,348400,636709
TD1 1QF,348397,636799
TD1 1QH,348421,636749
TD1 1QJ,348724,636678
TD1 1QL,348663,636627
TD1 1QP,348198,637032
TD1 1QR,348125,636990
TD1 1QS,347932,637218
TD1 1QT,347863,637098
TD1 1QU,348017,637077
TD1 1QW,347953,637143
TD1 1QX,347911,637090
TD1 1QY,347704,637253
TD1 1QZ,347773,637168
TD1 1RA,348081,636930
TD1 1RB,347422,637373
TD1 1RD,347630,637221
TD1 1RE,348010,637009
TD1 1RF,348190,636807
TD1 1RG,348448,636561
TD1 1RH,347931,636968
TD1 1RJ,348572,636416
TD1 1RL,347768,637128
TD1 1RN,347834,637104
TD1 1RP,347947,636990
TD1 1RQ,348408,636484
TD1 1RT,348921,636592
TD1 1RW,347753,637105
TD1 1RY,349074,636244
TD1 1RZ,348964,636361
TD1 1SB,348948,636391
TD1 1SD,349113,636239
TD1 1SE,349051,636331
TD1 1SN,348966,636474
TD1 1SP,349072,636413
TD1 1SQ,348984,636409
TD1 1SS,349017,636350
TD1 1ST,349133,636321
TD1 1SU,349082,636325
TD1 1SW,349056,636372
TD1 1TA,348323,636569
TD1 1TB,347116,637621
TD1 1TD,348945,636297
TD1 1TE,348016,635919
TD1 1TF,348051,636110
TD1 1TG,347889,636685
TD1 1TH,346843,637679
TD1 1TJ,342180,637105
TD1 1TL,342686,637576
TD1 1TN,343388,639834
TD1 1TP,340057,641042
TD1 1TQ,347180,637512
TD1 1TR,343397,637339
TD1 1TW,342334,638595
TD1 1TZ,347308,638111
TD1 1UA,346798,637710
TD1 1UB,346583,637836
TD1 1UE,344434,635565
TD1 1UF,344436,636872
TD1 1UG,343806,637096
TD1 1UH,345415,639974
TD1 1UJ,345376,639997
TD1 1UQ,346404,638980
TD1 1WB,349144,636283
TD1 2AD,349569,636184
TD1 2AE,349705,636135
TD1 2AF,349766,636002
TD1 2AG,349631,636008
TD1 2AJ,349774,635843
TD1 2AL,350002,635706
TD1 2AN,350125,635654
TD1 2AP,350129,635697
TD1 2AR,350022,635763
TD1 2AS,350139,635802
TD1 2AT,350014,635935
TD1 2AU,349992,635824
TD1 2AW,350210,635701
TD1 2AX,349921,635898
TD1 2AY,349864,635937
TD1 2AZ,349807,636122
TD1 2BA,349660,636267
TD1 2BB,349697,636198
TD1 2BD,349451,636343
TD1 2BE,349533,636229
TD1 2BF,349337,636623
TD1 2BG,349431,636434
TD1 2BH,349457,636244
TD1 2BJ,349057,636649
TD1 2BL,349207,636583
TD1 2BN,349294,636597
TD1 2BP,349689,635863
TD1 2BQ,349275,636446
TD1 2BS,350264,635733
TD1 2BT,350423,635663
TD1 2BU,350435,635754
TD1 2BW,349111,636557
TD1 2BX,351100,635614
TD1 2BY,351557,635595
TD1 2BZ,351633,635538
TD1 2DA,351404,635407
TD1 2DB,351179,635463
TD1 2DD,351093,635496
TD1 2DE,351107,635421
TD1 2DF,350947,635495
TD1 2DG,350902,635466
TD1 2DH,350830,635503
TD1 2DJ,350876,635543
TD1 2DL,351031,635531
TD1 2DN,351104,635568
TD1 2DP,351069,635889
TD1 2DQ,350854,635452
TD1 2DR,351538,635646
TD1 2DS,351652,635878
TD1 2DW,351309,635546
TD1 2DY,350798,635570
TD1 2DZ,350757,635534
TD1 2EA,350657,635560
TD1 2EB,350698,635433
TD1 2ED,350929,635388
TD1 2EE,350902,635420
TD1 2EF,351025,635411
TD1 2EG,351216,635379
TD1 2EH,351329,635495
TD1 2EJ,351325,635394
TD1 2EL,351295,635336
TD1 2EQ,351209,635440
TD1 2EU,348301,637173
TD1 2EX,348239,637196
TD1 2EY,347972,637483
TD1 2EZ,347805,637656
TD1 2HA,348137,637267
TD1 2HB,348084,637339
TD1 2HD,347832,637484
TD1 2HN,347964,637588
TD1 2HP,348839,636740
TD1 2HQ,348098,637157
TD1 2HR,348940,636662
TD1 2HS,348675,636891
TD1 2HT,348649,636869
TD1 2HU,348587,636904
TD1 2HW,348831,636778
TD1 2HX,348510,637015
TD1 2HY,348517,636965
TD1 2HZ,348408,637013
TD1 2JB,348366,637095
TD1 2JD,348807,636849
TD1 2JE,348847,636855
TD1 2JF,348645,636940
TD1 2JG,348719,636915
TD1 2JH,348424,637084
TD1 2JJ,348977,636794
TD1 2JL,349152,636853
TD1 2JN,349053,636816
TD1 2JP,348566,637059
TD1 2JQ,348586,637015
TD1 2JR,348605,637009
TD1 2JS,348723,636860
TD1 2JW,348797,636925
TD1 2JY,350884,635685
TD1 2JZ,350942,635727
TD1 2LA,350788,635691
TD1 2LB,350702,635678
TD1 2LD,350586,635703
TD1 2LE,350807,635770
TD1 2LF,350643,635746
TD1 2LG,350552,635765
TD1 2LH,351014,635732
TD1 2LJ,351184,635725
TD1 2LL,351199,635768
TD1 2LN,351234,635697
TD1 2LP,351419,635699
TD1 2LQ,351160,635852
TD1 2LR,351207,635814
TD1 2LS,351395,635833
TD1 2LT,351189,635792
TD1 2LU,351196,635923
TD1 2LW,351202,635660
TD1 2LY,351256,635898
TD1 2LZ,351086,635947
TD1 2NA,351221,635913
TD1 2NB,350970,635691
TD1 2ND,348393,638659
TD1 2NE,347794,638446
TD1 2NF,345642,640259
TD1 2NG,346629,639478
TD1 2NJ,349481,636635
TD1 2NP,351453,638732
TD1 2NQ,347094,640717
TD1 2NR,351750,638002
TD1 2NS,351863,638223
TD1 2NT,352097,636207
TD1 2NU,351918,635840
TD1 2NX,351795,635830
TD1 2NY,351883,635584
TD1 2NZ,350795,636637
TD1 2PA,351549,639692
TD1 2PB,351159,639874
TD1 2PD,351711,639713
TD1 2PE,352433,640030
TD1 2PF,354720,644331
TD1 2PG,353038,639649
TD1 2PH,355973,639775
TD1 2PJ,355386,640541
TD1 2PL,354741,641681
TD1 2PN,355086,642312
TD1 2PP,354905,643299
TD1 2PQ,354972,639706
TD1 2PR,354646,643748
TD1 2PS,354132,644073
TD1 2PT,353424,643097
TD1 2PU,352981,641906
TD1 2PW,355249,643165
TD1 2PY,351105,642817
TD1 2PZ,351355,641227
TD1 2QA,349547,642096
TD1 2QB,349097,643745
TD1 2QD,349405,641006
TD1 2QF,354781,643658
TD1 2QL,346505,644659
TD1 2QN,346002,644619
TD1 2QP,346174,644548
TD1 2QR,346179,644486
TD1 2QS,346006,644565
TD1 2QT,346134,644454
TD1 2QU,345959,644463
TD1 2QW,346076,644731
TD1 2QX,345888,644527
TD1 2QY,345298,645241
TD1 2RA,345755,645017
TD1 2RB,345679,644952
TD1 2RD,345805,644887
TD1 2RE,345892,644879
TD1 2RF,345652,645144
TD1 2RG,345691,645178
TD1 2RH,345743,645295
TD1 2RJ,345756,645200
TD1 2RL,346063,644539
TD1 2RN,345803,645291
TD1 2RP,344403,645725
TD1 2RQ,345438,645228
TD1 2RS,345865,645357
TD1 2RW,346001,645823
TD1 2RX,344115,649204
TD1 2RY,343334,649998
TD1 2RZ,345021,650749
TD1 2SB,346675,646797
TD1 2SD,345743,644861
TD1 2SE,345719,644973
TD1 2SF,346045,644444
TD1 2SH,345693,644640
TD1 2SJ,345578,644495
TD1 2SL,343039,649382
TD1 2SN,345732,643321
TD1 2SP,344617,641749
TD1 2SQ,345692,644578
TD1 2SR,344325,643662
TD1 2SS,345496,644517
TD1 2ST,343983,646162
TD1 2SU,343823,648284
TD1 2SW,345279,641619
TD1 2SX,343119,649152
TD1 2SY,343049,649287
TD1 2SZ,343241,649515
TD1 2TA,342922,649211
TD1 2TB,342729,649794
TD1 2TD,342357,650755
TD1 2TE,342175,650303
TD1 2TH,341903,649284
TD1 2TJ,343322,651074
TD1 2UA,349516,636099
TD1 2UB,349951,635725
TD1 2UD,349882,635772
TD1 2UE,350269,635601
TD1 2UF,349801,635910
TD1 2UH,351655,635699
TD1 3AA,349305,636034
TD1 3AD,349331,635991
TD1 3AE,349337,635997
TD1 3AF,349377,636078
TD1 3AG,349416,636053
TD1 3AN,349349,636125
TD1 3AP,349565,635866
TD1 3AQ,349416,636053
TD1 3AS,349337,635919
TD1 3AT,349355,635916
TD1 3AU,349618,635738
TD1 3AW,349329,636170
TD1 3AX,349588,635756
TD1 3AY,349803,635612
TD1 3BE,349840,635641
TD1 3BF,350045,635575
TD1 3BG,349912,635606
TD1 3BH,349537,635736
TD1 3BJ,349613,635709
TD1 3BL,349630,635643
TD1 3BN,349665,635709
TD1 3BP,349733,635585
TD1 3BQ,349550,635760
TD1 3BS,349834,635474
TD1 3BT,349877,635469
TD1 3BU,349896,635446
TD1 3BW,349702,635665
TD1 3BX,349829,635524
TD1 3BY,350685,634740
TD1 3BZ,349798,635212
TD1 3DA,349766,635253
TD1 3DB,349657,635262
TD1 3DD,349705,635356
TD1 3DE,349578,635403
TD1 3DF,350071,635308
TD1 3DH,350286,634593
TD1 3DL,349341,635877
TD1 3DN,349435,635729
TD1 3DP,349555,635677
TD1 3DR,349719,635510
TD1 3DS,349638,635457
TD1 3DT,349669,635437
TD1 3DU,350102,635378
TD1 3DW,349382,635829
TD1 3DX,350177,635236
TD1 3DY,350201,635207
TD1 3DZ,350322,635279
TD1 3EA,350339,635224
TD1 3EB,350379,635135
TD1 3ED,350104,635169
TD1 3EE,350090,635128
TD1 3EF,350246,635134
TD1 3EG,350206,635098
TD1 3EH,350397,635380
TD1 3EJ,350338,635442
TD1 3EL,350359,635391
TD1 3EN,350333,635383
TD1 3EP,350642,634692
TD1 3EQ,350248,635090
TD1 3ER,350526,634700
TD1 3ES,350582,634654
TD1 3ET,350546,635095
TD1 3EU,350434,635111
TD1 3EW,349994,635245
TD1 3EX,350299,635142
TD1 3EY,350482,635271
TD1 3HB,350271,634957
TD1 3HE,350707,635136
TD1 3HF,350707,635136
TD1 3HG,350636,634945
TD1 3HH,351030,634887
TD1 3HJ,351074,635145
TD1 3HL,349424,635340
TD1 3HN,350334,634764
TD1 3HP,350207,634855
TD1 3HR,349960,635114
TD1 3HS,349537,635455
TD1 3HT,349171,635549
TD1 3HU,348898,635766
TD1 3HW,349979,635227
TD1 3HX,349408,635437
TD1 3HY,350657,634682
TD1 3HZ,349325,635591
TD1 3JA,349200,635631
TD1 3JB,349840,635095
TD1 3JD,349952,635015
TD1 3JE,350566,634771
TD1 3JF,350586,634735
TD1 3JG,349096,635804
TD1 3JH,349298,635823
TD1 3JJ,349321,635780
TD1 3JL,349387,635719
TD1 3JN,349349,635705
TD1 3JP,349286,635692
TD1 3JQ,349270,635905
TD1 3JR,349279,635734
TD1 3JS,349182,635835
TD1 3JT,349235,635868
TD1 3JU,349125,635824
TD1 3JW,349373,635668
TD1 3JX,349137,635950
TD1 3JY,349220,635968
TD1 3LA,343414,634917
TD1 3LB,344965,636480
TD1 3LD,344917,636372
TD1 3LE,344802,636205
TD1 3LG,344947,634891
TD1 3LH,343449,634997
TD1 3LJ,342888,635112
TD1 3LL,341091,633441
TD1 3LN,341243,636341
TD1 3LP,343340,635016
TD1 3LT,345102,636632
TD1 3LU,345040,636611
TD1 3LW,343120,635447
TD1 3LX,345046,636477
TD1 3LY,344897,636237
TD1 3LZ,344778,636344
TD1 3NA,344842,636448
TD1 3NB,344894,636524
TD1 3ND,344915,636789
TD1 3NE,344798,636625
TD1 3NF,344763,636432
TD1 3NG,345033,636723
TD1 3NH,344678,636423
TD1 3NJ,350752,634629
TD1 3NL,350210,634592
TD1 3NN,350145,634412
TD1 3NP,349764,634104
TD1 3NQ,350373,634833
TD1 3NR,349863,633936
TD1 3NS,350122,633844
TD1 3NT,349665,633487
TD1 3NU,349709,633408
TD1 3NW,350294,634384
TD1 3NX,349243,633111
TD1 3NY,349007,632906
TD1 3NZ,348539,631406
TD1 3PA,348621,631235
TD1 3PB,348451,631312
TD1 3PD,347744,630721
TD1 3PE,348143,631277
TD1 3PF,348457,631585
TD1 3PG,347849,631908
TD1 3PH,347321,630983
TD1 3PJ,347288,630702
TD1 3PL,347341,631503
TD1 3PN,347169,632194
TD1 3PP,345649,632793
TD1 3PQ,347372,631382
TD1 3PR,345691,633083
TD1 3PS,348148,632377
TD1 3PU,348391,633915
TD1 3PW,345292,632772
TD1 3RA,352198,634626
TD1 3RB,351962,634999
TD1 3RD,351912,635015
TD1 3RE,351926,634931
TD1 3RF,351819,634932
TD1 3RG,351749,635095
TD1 3RH,351763,634991
TD1 3RJ,351826,635082
TD1 3RL,351737,635060
TD1 3RN,351703,634998
TD1 3RP,351783,634719
TD1 3RQ,351645,635041
TD1 3RR,351719,634719
TD1 3RS,352473,634600
TD1 3RT,351597,634997
TD1 3RU,351849,635103
TD1 3RW,351686,635006
TD1 3RX,351325,634707
TD1 3RY,351576,634555
TD1 3RZ,351464,634538
TD1 3SA,351377,634531
TD1 3SB,351342,634592
TD1 3SD,351632,634911
TD1 3SE,351751,634811
TD1 3SF,351868,634875
TD1 3SG,351688,634810
TD1 3SH,351200,634691
TD1 3SL,350649,634591
TD1 3SN,352081,634768
TD1 3SP,352226,634838
TD1 3SQ,351228,634656
TD1 3SS,352138,634834
TD1 3ST,352079,634982
TD1 3SU,352053,634817
TD1 3SW,352022,634754
TD1 3SX,351864,634582
TD1 3SY,351857,634451
TD1 3SZ,351881,634623
TD1 3TA,351956,634667
TD1 3TB,351621,634759
TD1 3TD,352631,634853
TD1 3TE,352680,634750
TD1 3WD,349144,636283
TD1 3WL,349144,636283
TD1 3WS,349144,636283
TD1 3YE,349144,636283
TD1 9AA,349144,636283
TD1 9AB,0,0
TD10 6AB,371013,646079
TD10 6UA,371084,645953
TD10 6UB,371094,645877
TD10 6UD,371109,646013
TD10 6UF,371297,646032
TD10 6UG,371545,645903
TD10 6UH,373129,645325
TD10 6UJ,375556,645108
TD10 6UL,376842,643727
TD10 6UN,374203,643246
TD10 6UP,370890,643252
TD10 6UR,370381,651819
TD10 6UW,371982,641958
TD10 6XA,370967,645966
TD10 6XB,371183,646356
TD10 6XD,370988,645930
TD10 6XE,370911,645756
TD10 6XF,370710,645896
TD10 6XH,370817,645995
TD10 6XJ,371065,646165
TD10 6XL,371123,646192
TD10 6XN,371051,646246
TD10 6XP,370596,646787
TD10 6XR,367286,648542
TD10 6XS,367700,645412
TD10 6XT,365422,647915
TD10 6XW,371669,646719
TD10 6XX,371013,646137
TD10 6XY,371032,646009
TD10 6YE,371196,646108
TD10 6YF,371305,646049
TD10 6YG,371285,646176
TD10 6YH,371710,646115
TD10 6YJ,372669,646819
TD10 6YL,374726,648537
TD10 6YP,375077,650418
TD10 6YQ,371624,646135
TD10 6YR,374605,650203
TD10 6YS,373997,650873
TD10 6YT,372688,648842
TD10 6YW,376062,649940
TD11 3AA,378385,653788
TD11 3AB,378421,653779
TD11 3AD,378332,653828
TD11 3AE,378294,653793
TD11 3AF,378262,653751
TD11 3AG,378143,653643
TD11 3AH,378466,653839
TD11 3AJ,378484,653821
TD11 3AL,378490,653870
TD11 3AP,378417,653840
TD11 3AQ,378225,653633
TD11 3AR,378438,653892
TD11 3AS,378346,653900
TD11 3AU,378258,653888
TD11 3AW,378477,653845
TD11 3AX,378515,653829
TD11 3AZ,378290,653950
TD11 3BA,379149,653868
TD11 3BB,378328,654039
TD11 3BD,378388,654135
TD11 3BE,378411,654148
TD11 3BF,379029,653867
TD11 3BG,378522,653718
TD11 3BH,378458,653684
TD11 3BJ,378398,653740
TD11 3BL,378319,653705
TD11 3BN,378243,653987
TD11 3BP,379055,653806
TD11 3BQ,378447,653620
TD11 3BS,378625,653128
TD11 3BT,378483,653928
TD11 3BU,386899,656132
TD11 3BX,378545,653855
TD11 3BY,378507,653923
TD11 3BZ,378542,653924
TD11 3DA,378563,653925
TD11 3DB,378599,653893
TD11 3DD,378592,653867
TD11 3DE,378590,653815
TD11 3DF,378607,653848
TD11 3DG,378430,654044
TD11 3DH,378780,653712
TD11 3DJ,378793,653739
TD11 3DL,378690,653875
TD11 3DN,378690,654010
TD11 3DP,378514,653960
TD11 3DQ,378595,653753
TD11 3DR,378513,653873
TD11 3DS,378500,653941
TD11 3DT,378376,653963
TD11 3DU,378418,653996
TD11 3DW,378642,654007
TD11 3DX,378508,654179
TD11 3DY,378658,654226
TD11 3DZ,378932,654411
TD11 3EA,378691,654197
TD11 3EB,378661,654107
TD11 3ED,378586,653910
TD11 3EE,378578,654064
TD11 3EF,378554,653970
TD11 3EG,378621,653915
TD11 3EH,378790,654202
TD11 3EJ,378761,653419
TD11 3EL,378681,653305
TD11 3EN,378484,654111
TD11 3EP,378689,653484
TD11 3EQ,378618,654116
TD11 3ER,378897,653738
TD11 3ES,378863,653789
TD11 3ET,378512,653821
TD11 3EU,379024,653657
TD11 3EW,378595,653373
TD11 3EX,379053,653725
TD11 3EY,378918,653668
TD11 3EZ,379023,653596
TD11 3FR,378868,653606
TD11 3GA,378566,653200
TD11 3GR,378868,653730
TD11 3GZ,378611,653169
TD11 3HA,378982,653549
TD11 3HB,379103,653532
TD11 3HD,379246,653655
TD11 3HE,379203,653647
TD11 3HF,379159,653643
TD11 3HG,379101,653629
TD11 3HH,379103,653441
TD11 3HJ,378891,653790
TD11 3HL,379232,653537
TD11 3HN,378920,653341
TD11 3HP,378654,653537
TD11 3HQ,379247,653760
TD11 3HR,379558,653467
TD11 3HS,378870,653079
TD11 3HT,378831,651803
TD11 3HU,379624,650491
TD11 3HW,378653,653251
TD11 3HX,379910,647198
TD11 3HY,381903,647246
TD11 3HZ,383456,649488
TD11 3JA,381997,649301
TD11 3JB,383264,647307
TD11 3JD,383265,647255
TD11 3JE,383922,647491
TD11 3JF,383688,647446
TD11 3JG,383683,647526
TD11 3JH,383417,647386
TD11 3JJ,383522,647463
TD11 3JL,382729,648058
TD11 3JN,383629,648390
TD11 3JQ,383517,647375
TD11 3JR,383738,647434
TD11 3JS,384671,646751
TD11 3JU,384943,656114
TD11 3JW,385092,656211
TD11 3JX,386442,654929
TD11 3JY,386494,654244
TD11 3JZ,386593,654330
TD11 3LA,386545,654250
TD11 3LD,388325,656372
TD11 3LE,389614,655604
TD11 3LF,387701,657752
TD11 3LG,384982,658677
TD11 3LJ,385316,656641
TD11 3LP,379347,653675
TD11 3LQ,385233,656660
TD11 3LR,379294,653857
TD11 3LS,380735,653697
TD11 3LT,380890,652157
TD11 3LU,382032,650792
TD11 3LX,384359,652276
TD11 3LY,386803,653241
TD11 3LZ,387599,653564
TD11 3NA,386464,650664
TD11 3NB,386541,650666
TD11 3ND,387196,650425
TD11 3NE,387895,650749
TD11 3NF,386227,649379
TD11 3NG,385718,650332
TD11 3NH,377039,653523
TD11 3NN,376771,653402
TD11 3NP,377342,653247
TD11 3NQ,385026,650540
TD11 3NR,376722,653523
TD11 3NS,374443,653869
TD11 3NT,370937,656134
TD11 3NU,370225,657147
TD11 3NW,377776,654385
TD11 3NX,370015,658310
TD11 3NY,368975,659565
TD11 3NZ,369233,657406
TD11 3PA,369302,657320
TD11 3PB,369355,657087
TD11 3PD,369145,657339
TD11 3PE,369207,657314
TD11 3PF,364788,658172
TD11 3PG,367817,656405
TD11 3PP,381167,655216
TD11 3PR,381694,654159
TD11 3PS,381542,653495
TD11 3PT,383614,653504
TD11 3PU,382957,655213
TD11 3PW,379719,655394
TD11 3PX,382940,655698
TD11 3PY,385336,654652
TD11 3PZ,383661,656498
TD11 3QA,382759,658186
TD11 3QB,382139,656549
TD11 3QD,383947,655584
TD11 3QE,377098,653309
TD11 3QG,377953,653575
TD11 3QH,377478,653336
TD11 3QJ,377803,652655
TD11 3QL,377046,653123
TD11 3QN,375595,652882
TD11 3QP,376750,652091
TD11 3QQ,377741,653389
TD11 3QR,376845,652169
TD11 3QS,376929,652142
TD11 3QT,376886,652202
TD11 3QU,377101,652235
TD11 3QW,375914,651561
TD11 3QX,377251,650696
TD11 3RA,377779,649215
TD11 3RB,377565,648158
TD11 3RD,378174,646294
TD11 3RE,376188,647510
TD11 3RH,379687,658425
TD11 3RJ,381301,660068
TD11 3RL,382080,663751
TD11 3RN,381107,665627
TD11 3RP,381804,665817
TD11 3RR,382689,664475
TD11 3RS,379706,664662
TD11 3RT,380006,667129
TD11 3RU,376081,664304
TD11 3RW,380929,665496
TD11 3RX,377865,666787
TD11 3RY,377594,661343
TD11 3SA,386516,656247
TD11 3SB,386541,656217
TD11 3SE,373514,659156
TD11 3SF,372455,659203
TD11 3SG,373056,660375
TD11 3SH,370259,660579
TD11 3SJ,368283,661790
TD11 3SL,368523,663135
TD11 3SN,365149,663974
TD11 3SP,362353,664124
TD11 3SQ,370755,659906
TD11 3SR,368431,666001
TD11 3ST,386576,656092
TD11 3SU,386555,656107
TD11 3SW,363136,666433
TD11 3SX,386475,656133
TD11 3SY,379765,654777
TD11 3SZ,378678,655051
TD11 3TA,379123,655191
TD11 3TB,378968,656326
TD11 3TD,378926,657021
TD11 3TE,386590,656201
TD11 3TF,378972,657106
TD11 3TG,379538,657328
TD11 3TH,379057,657395
TD11 3TJ,379169,657351
TD11 3TL,378246,657670
TD11 3TN,376629,657824
TD11 3TP,376510,655935
TD11 3TQ,379158,657308
TD11 3TR,375302,657532
TD11 3TS,376861,658759
TD11 3TT,375031,658269
TD11 3TU,374516,658667
TD11 3TW,376567,657345
TD11 3TX,375749,662231
TD11 3TY,374383,663286
TD11 3TZ,379308,657376
TD11 3UA,386984,656631
TD11 3UB,386555,656119
TD11 3UD,386583,656459
TD11 3UE,387071,656586
TD11 3UF,386958,656580
TD11 3UG,386811,656551
TD11 3UH,386903,656528
TD11 3UJ,386706,656500
TD11 3UL,386378,656478
TD11 3UN,386533,656364
TD11 3UP,386568,656364
TD11 3UQ,386547,656509
TD11 3UR,386600,656366
TD11 3US,386464,656238
TD11 3UT,386761,656402
TD11 3UU,386640,656343
TD11 3UW,386458,656344
TD11 3UX,386644,656449
TD11 3UY,386474,656296
TD11 3UZ,386718,656483
TD11 3WA,378421,653779
TD11 3WS,378421,653779
TD11 3WW,386770,656234
TD11 3WX,378421,653779
TD11 3XA,386773,656457
TD11 3XB,386697,656441
TD11 3XD,386850,656491
TD11 3XE,386888,656192
TD11 3XF,386751,656007
TD11 3XG,386771,656060
TD11 3XH,386901,655953
TD11 3XJ,386959,655925
TD11 3XL,386922,656080
TD11 3XN,386952,656329
TD11 3XP,386941,656460
TD11 3XQ,386787,656587
TD11 3XR,387158,656553
TD11 3XS,387465,656610
TD11 3XT,387833,656817
TD11 3XU,387520,656661
TD11 3XW,386995,656403
TD11 3XX,387478,656645
TD11 3XY,387247,656605
TD11 3XZ,387170,656589
TD11 3YA,387140,656593
TD11 3YB,386895,656305
TD11 3YD,386825,656302
TD11 3YE,387060,656633
TD11 3YF,387679,656672
TD11 3YG,387706,656741
TD11 3YL,378421,653779
TD11 3YN,378421,653779
TD11 3YQ,386835,656641
TD11 3YU,385814,656269
TD11 3YW,378421,653779
TD11 9AA,378421,653779
TD12 4AA,384233,639934
TD12 4AD,384259,639872
TD12 4AE,384299,639883
TD12 4AF,384414,640018
TD12 4AG,384396,639916
TD12 4AH,384272,639850
TD12 4AL,384363,639968
TD12 4AN,384289,639790
TD12 4AP,384070,639704
TD12 4AQ,384332,639846
TD12 4AR,384012,639675
TD12 4AS,384063,639667
TD12 4AT,384502,640006
TD12 4AX,384545,640040
TD12 4AY,384393,639723
TD12 4AZ,384388,639712
TD12 4BA,384385,639680
TD12 4BB,384348,639642
TD12 4BD,384308,639682
TD12 4BE,384286,639680
TD12 4BF,383691,640191
TD12 4BG,384281,639636
TD12 4BH,384215,639665
TD12 4BJ,384171,639596
TD12 4BL,384201,639596
TD12 4BN,384058,639559
TD12 4BP,384188,639666
TD12 4BQ,384294,639645
TD12 4BS,384106,639633
TD12 4BT,384106,639655
TD12 4BU,384220,639721
TD12 4BW,384149,639651
TD12 4BX,383659,640102
TD12 4BY,383744,640097
TD12 4BZ,383771,640238
TD12 4DA,384254,640081
TD12 4DB,383671,640066
TD12 4DD,384229,639820
TD12 4DE,384238,639842
TD12 4DF,384164,639897
TD12 4DG,384232,639759
TD12 4DH,384265,639800
TD12 4DJ,384211,639873
TD12 4DL,384233,639812
TD12 4DN,383993,640067
TD12 4DP,384042,640079
TD12 4DR,383926,640255
TD12 4DT,383907,639961
TD12 4DU,383804,639974
TD12 4DW,384131,639831
TD12 4DX,383787,639885
TD12 4DY,383819,639836
TD12 4DZ,383994,640170
TD12 4EA,384018,640188
TD12 4EB,384061,640238
TD12 4ED,384095,640294
TD12 4EE,384335,640175
TD12 4EF,383665,639916
TD12 4EG,383607,639906
TD12 4EH,383985,640435
TD12 4EP,384631,640131
TD12 4EQ,384368,640274
TD12 4ER,384559,640160
TD12 4ES,384274,641012
TD12 4ET,384857,640357
TD12 4EU,385180,641033
TD12 4EW,384545,640116
TD12 4EX,385189,640867
TD12 4EY,384780,641644
TD12 4EZ,386737,643032
TD12 4HA,385867,642832
TD12 4HB,385292,643519
TD12 4HD,384186,643470
TD12 4HE,387303,644940
TD12 4HF,386867,645339
TD12 4HG,385296,645445
TD12 4HH,382465,646127
TD12 4HJ,382524,644912
TD12 4HQ,383579,644840
TD12 4HT,383807,640439
TD12 4HX,382850,642506
TD12 4HY,382578,643123
TD12 4HZ,381397,642582
TD12 4JA,379573,642119
TD12 4JB,379480,643531
TD12 4JD,378550,643440
TD12 4JE,378081,643678
TD12 4JF,378371,644512
TD12 4JG,378897,644155
TD12 4JH,379182,644314
TD12 4JJ,379014,644144
TD12 4JL,378965,644158
TD12 4JN,378998,644150
TD12 4JP,379771,644744
TD12 4JQ,378987,644183
TD12 4JR,380393,645214
TD12 4JS,381261,645830
TD12 4JT,381241,644531
TD12 4JU,382167,644484
TD12 4JW,379048,645169
TD12 4JX,381328,643731
TD12 4JY,379061,644261
TD12 4JZ,379032,644224
TD12 4LA,379455,644235
TD12 4LF,384011,639378
TD12 4LG,383659,639377
TD12 4LH,383720,639445
TD12 4LJ,383889,639529
TD12 4LL,383757,639540
TD12 4LN,382060,639318
TD12 4LP,382945,640746
TD12 4LQ,383497,639396
TD12 4LR,382143,640639
TD12 4LS,381648,640409
TD12 4LT,381377,641124
TD12 4LU,380701,641455
TD12 4LW,382774,640243
TD12 4LX,379675,641610
TD12 4LY,377543,642535
TD12 4LZ,377739,643115
TD12 4NA,377646,640554
TD12 4NB,379055,640386
TD12 4ND,380190,639611
TD12 4NE,379045,639027
TD12 4NF,379255,639103
TD12 4NG,379040,639160
TD12 4NH,377526,639133
TD12 4NJ,383620,639706
TD12 4NL,383940,639473
TD12 4NQ,378523,638822
TD12 4NS,384458,640170
TD12 4NT,384850,640188
TD12 4NU,384339,639736
TD12 4QA,386012,639255
TD12 4QB,386315,637630
TD12 4QD,387769,635949
TD12 4QE,390649,636701
TD12 4QF,389910,636003
TD12 4QG,389852,634093
TD12 4QH,388484,633509
TD12 4QJ,386509,634027
TD12 4QL,385069,633618
TD12 4QN,384234,633047
TD12 4QP,384301,630330
TD12 4QQ,389309,632486
TD12 4QR,385860,632939
TD12 4QS,388321,632383
TD12 4QT,386719,630420
TD12 4QW,383872,631816
TD12 4RA,385704,639116
TD12 4RB,385042,637559
TD12 4RD,382634,637448
TD12 4RE,382597,638599
TD12 4RF,382490,638750
TD12 4RG,382428,638676
TD12 4RH,382523,638728
TD12 4RJ,382424,637988
TD12 4RP,380590,638072
TD12 4RQ,382666,638567
TD12 4RR,381903,636567
TD12 4RS,383544,635907
TD12 4RT,386145,635407
TD12 4RW,379918,638417
TD12 4SA,386172,639404
TD12 4SB,386322,639519
TD12 4SD,386292,639258
TD12 4SF,387549,638595
TD12 4SG,389812,639018
TD12 4SH,391099,638252
TD12 4SJ,390303,637851
TD12 4SL,389482,637652
TD12 4SN,389295,637491
TD12 4SP,389392,637525
TD12 4SQ,390812,639040
TD12 4SR,389533,637665
TD12 4SS,388935,637843
TD12 4ST,391697,638134
TD12 4SW,389489,637615
TD12 4SX,391698,638209
TD12 4SY,391605,638152
TD12 4SZ,391723,638196
TD12 4TA,391529,638173
TD12 4TB,392005,637992
TD12 4TD,391429,638086
TD12 4TE,392371,637241
TD12 4TF,391128,636452
TD12 4TG,392352,636671
TD12 4TH,392501,637561
TD12 4TJ,393236,638079
TD12 4TL,392771,639418
TD12 4TN,392657,639333
TD12 4TP,393766,639426
TD12 4TQ,393233,636781
TD12 4TR,394283,638232
TD12 4TS,386278,639523
TD12 4TW,392540,639462
TD12 4TX,385909,639270
TD12 4UA,385870,639189
TD12 4UB,385878,639329
TD12 4UD,385605,639222
TD12 4UE,385731,639344
TD12 4UF,386094,639482
TD12 4UG,386142,639497
TD12 4UH,385862,639302
TD12 4UJ,385970,639281
TD12 4UN,386968,639969
TD12 4UP,387284,641647
TD12 4UQ,385901,639214
TD12 4UR,387848,642531
TD12 4US,385775,639367
TD12 4UT,388300,642736
TD12 4UU,388524,642780
TD12 4UW,386979,641288
TD12 4UX,388602,643153
TD12 4UY,388936,643608
TD12 4UZ,387545,643637
TD12 4WB,386073,639365
TD12 4XA,389148,644155
TD12 4XB,389807,643367
TD12 4XD,390956,642099
TD12 4XF,388735,642525
TD12 4XG,388584,641778
TD12 4XH,389002,640093
TD12 4XJ,391224,639512
TD12 4XL,392138,639888
TD12 4XN,387174,641490
TD12 4XQ,389986,641911
TD13 5JW,377582,671396
TD13 5WD,367956,678773
TD13 5XA,377584,671193
TD13 5XB,377566,671648
TD13 5XD,377948,671768
TD13 5XE,377327,672288
TD13 5XF,376569,671915
TD13 5XG,376309,672662
TD13 5XH,375549,672434
TD13 5XJ,375044,671213
TD13 5XL,374099,671626
TD13 5XN,374084,670590
TD13 5XP,373218,670974
TD13 5XQ,375410,673656
TD13 5XR,377584,671324
TD13 5XS,377482,671143
TD13 5XT,377457,671159
TD13 5XU,377431,671080
TD13 5XW,374059,670115
TD13 5XX,377393,671093
TD13 5XY,377304,671083
TD13 5XZ,377165,670960
TD13 5YA,377183,670932
TD13 5YB,377267,670909
TD13 5YD,377347,670923
TD13 5YE,377489,671007
TD13 5YF,377517,671134
TD13 5YG,377536,671015
TD13 5YH,377163,670044
TD13 5YJ,375903,668860
TD13 5YL,372753,664519
TD13 5YN,375180,669615
TD13 5YP,378524,670991
TD13 5YQ,377541,670747
TD13 5YR,380507,669604
TD13 5YS,381223,669883
TD13 5YT,378892,669932
TD13 5YU,378531,669468
TD13 5YW,377046,670810
TD13 5YX,375269,669608
TD13 5YY,377147,670818
TD13 9AA,367956,678773
TD13 9AB,367956,678773
TD14 5AA,394320,664298
TD14 5AB,394246,664358
TD14 5AD,394294,664285
TD14 5AE,394256,664257
TD14 5AF,394185,664313
TD14 5AG,394274,664187
TD14 5AH,394192,664226
TD14 5AJ,394132,664273
TD14 5AL,394107,664188
TD14 5AN,393996,664069
TD14 5AP,394061,664294
TD14 5AQ,394224,664159
TD14 5AR,393936,664228
TD14 5AS,393887,664308
TD14 5AT,394005,664403
TD14 5AU,394011,664353
TD14 5AW,394033,664224
TD14 5AX,393937,664498
TD14 5AY,394190,664504
TD14 5AZ,394198,664566
TD14 5BA,394127,664603
TD14 5BB,394182,664630
TD14 5BD,394179,664623
TD14 5BE,394138,664671
TD14 5BG,394111,664460
TD14 5BH,393753,664376
TD14 5BJ,393775,664307
TD14 5BL,393741,664414
TD14 5BN,394122,664573
TD14 5BP,394349,664256
TD14 5BQ,393804,664463
TD14 5BS,394351,664238
TD14 5BU,394331,664186
TD14 5BW,394067,664547
TD14 5BX,394250,664139
TD14 5BY,394259,664026
TD14 5BZ,394325,664087
TD14 5DA,394358,664139
TD14 5DB,394416,664120
TD14 5DD,394373,664204
TD14 5DE,394423,664234
TD14 5DF,394459,664304
TD14 5DH,394491,664219
TD14 5DJ,394425,663702
TD14 5DL,394488,663828
TD14 5DN,394461,663716
TD14 5DP,394527,663808
TD14 5DQ,394473,663934
TD14 5DR,394685,664019
TD14 5DS,394714,663998
TD14 5DT,394623,663981
TD14 5DU,394742,664180
TD14 5DW,394522,663720
TD14 5DX,394804,664193
TD14 5DZ,394688,664215
TD14 5EA,394650,664130
TD14 5EB,394651,664066
TD14 5ED,394693,664066
TD14 5EE,394003,664492
TD14 5EF,393831,664270
TD14 5EG,393638,664386
TD14 5EH,393525,664455
TD14 5EJ,393662,664474
TD14 5EL,394359,664320
TD14 5EN,394434,664312
TD14 5EP,394257,664416
TD14 5EQ,393684,664559
TD14 5ER,394238,664523
TD14 5ES,394310,664511
TD14 5ET,394253,664573
TD14 5EU,394419,664429
TD14 5EW,394302,664417
TD14 5EX,394584,664412
TD14 5EY,394384,664405
TD14 5EZ,394392,664385
TD14 5GN,393797,663948
TD14 5GY,392163,661087
TD14 5GZ,387691,662081
TD14 5HA,394464,664350
TD14 5HB,394436,664381
TD14 5HD,394437,664346
TD14 5HE,394517,664341
TD14 5HF,394574,664289
TD14 5HG,394532,664331
TD14 5HH,394580,664386
TD14 5HJ,394631,664403
TD14 5HL,394614,664422
TD14 5HN,394559,664377
TD14 5HP,394548,664383
TD14 5HR,394642,664412
TD14 5HS,394650,664403
TD14 5HT,394626,664347
TD14 5HU,394587,664268
TD14 5HW,394556,664391
TD14 5HY,394512,664178
TD14 5HZ,394531,664232
TD14 5JA,394507,664147
TD14 5JB,394471,664064
TD14 5JD,394361,663961
TD14 5JE,394548,664252
TD14 5JF,394037,663723
TD14 5JG,394596,664360
TD14 5JH,394030,664581
TD14 5JL,389847,661965
TD14 5JN,388360,662006
TD14 5JP,387831,662127
TD14 5JQ,393479,664407
TD14 5JR,387932,662105
TD14 5JS,388216,662126
TD14 5JT,387956,662031
TD14 5JU,387426,662097
TD14 5JW,388402,662169
TD14 5JX,387453,662081
TD14 5JY,387814,662097
TD14 5JZ,387732,662017
TD14 5LA,387231,662187
TD14 5LB,388121,662145
TD14 5LD,387297,662057
TD14 5LE,386796,662467
TD14 5LF,387002,661538
TD14 5LG,383321,660629
TD14 5LH,394601,663511
TD14 5LJ,394641,663794
TD14 5LL,394562,663674
TD14 5LN,386101,661694
TD14 5LP,384102,660780
TD14 5LQ,393575,664028
TD14 5LR,382582,660369
TD14 5LS,385121,660733
TD14 5LT,385747,660164
TD14 5LU,387881,660548
TD14 5LW,383410,663111
TD14 5LX,394477,664340
TD14 5LY,394679,663701
TD14 5LZ,394619,663259
TD14 5NA,390678,666156
TD14 5NB,390628,666018
TD14 5ND,390244,666149
TD14 5NE,390349,665910
TD14 5NF,390369,666152
TD14 5NG,390246,665910
TD14 5NH,390308,665791
TD14 5NJ,390431,666107
TD14 5NL,390310,666024
TD14 5NN,390368,666037
TD14 5NP,390151,665964
TD14 5NQ,390314,666100
TD14 5NR,390590,666169
TD14 5NS,390083,666033
TD14 5NT,389673,666151
TD14 5NU,390432,665814
TD14 5NW,390347,665813
TD14 5NX,390702,666275
TD14 5NY,390632,666280
TD14 5NZ,391608,666776
TD14 5PA,391572,666616
TD14 5PB,390573,665682
TD14 5PD,390345,665849
TD14 5PE,390086,666103
TD14 5PH,391876,667293
TD14 5PJ,392019,667153
TD14 5PL,391788,667421
TD14 5PN,391905,667193
TD14 5PP,391984,667157
TD14 5PQ,391931,667101
TD14 5PR,391984,667207
TD14 5PT,391858,667115
TD14 5PW,391934,667282
TD14 5PX,391495,665161
TD14 5PY,390797,665678
TD14 5PZ,390901,664743
TD14 5QA,389543,665715
TD14 5QB,390179,666320
TD14 5QD,391424,666116
TD14 5QE,389478,668040
TD14 5QF,391436,667859
TD14 5QG,389327,668182
TD14 5QH,392432,660980
TD14 5QJ,392441,660951
TD14 5QL,392344,661081
TD14 5QN,392308,661051
TD14 5QP,392214,661136
TD14 5QQ,392054,660840
TD14 5QR,392074,661247
TD14 5QS,392290,661054
TD14 5QT,392377,661177
TD14 5QU,392032,661087
TD14 5QW,392269,661144
TD14 5QX,392261,661270
TD14 5QY,392170,660861
TD14 5QZ,392218,660950
TD14 5RA,392456,661077
TD14 5RB,392518,661132
TD14 5RD,392964,661535
TD14 5RE,393753,662744
TD14 5RG,391436,660902
TD14 5RH,392529,660681
TD14 5RJ,393316,660401
TD14 5RL,392295,659845
TD14 5RN,392152,658670
TD14 5RP,390187,661115
TD14 5RQ,392458,660836
TD14 5RR,392066,661310
TD14 5RS,395293,661006
TD14 5RT,395325,661032
TD14 5RW,391904,659680
TD14 5RZ,393915,664385
TD14 5SA,393853,664501
TD14 5SB,393832,664391
TD14 5SD,394724,664549
TD14 5SE,394254,663544
TD14 5SF,394485,663603
TD14 5SG,394129,662038
TD14 5SH,394619,661371
TD14 5SJ,395441,660921
TD14 5SL,395378,660977
TD14 5SN,395390,661150
TD14 5SP,395984,660846
TD14 5SQ,394865,660851
TD14 5SR,395771,661228
TD14 5SS,396185,660546
TD14 5ST,395697,661010
TD14 5SU,395371,661209
TD14 5SW,396118,660587
TD14 5SX,395440,661017
TD14 5SY,395516,661094
TD14 5SZ,395837,660229
TD14 5TA,393592,664190
TD14 5TB,393483,664272
TD14 5TD,394752,664295
TD14 5TG,393270,663526
TD14 5TH,390136,663899
TD14 5TJ,389884,664769
TD14 5TL,389091,663608
TD14 5TN,387619,662660
TD14 5TP,384308,663829
TD14 5TQ,391916,662276
TD14 5TR,386671,663624
TD14 5TS,387172,665343
TD14 5TT,385711,666149
TD14 5TU,385833,666598
TD14 5TW,385407,663373
TD14 5TX,385289,667132
TD14 5TY,385603,670443
TD14 5TZ,387369,666380
TD14 5UA,387763,667588
TD14 5UB,389394,666462
TD14 5UD,388129,664060
TD14 5UE,389992,666240
TD14 5UH,390217,665824
TD14 5UL,395228,660966
TD14 5WT,394349,664256
TD14 5YB,394349,664256
TD14 9AA,0,0
TD15 1AA,400019,652871
TD15 1AB,399911,652826
TD15 1AF,399896,652817
TD15 1AH,399770,652819
TD15 1AJ,399832,652871
TD15 1AL,399728,652807
TD15 1AN,399742,652816
TD15 1AP,399723,652856
TD15 1AQ,399839,652788
TD15 1AR,399708,652832
TD15 1AS,399795,652902
TD15 1AT,399901,652868
TD15 1AW,399715,652818
TD15 1AX,399845,652917
TD15 1AY,399880,652958
TD15 1BA,399782,652961
TD15 1BE,399688,652950
TD15 1BG,399746,652961
TD15 1BH,399690,653020
TD15 1BN,399841,652990
TD15 1BT,393689,655577
TD15 1BU,399641,653281
TD15 1BW,400019,652871
TD15 1BX,399905,653015
TD15 1BY,399776,653125
TD15 1BZ,399759,653114
TD15 1DA,399812,653159
TD15 1DB,399773,653053
TD15 1DD,399888,653141
TD15 1DE,399842,653208
TD15 1DF,400027,653095
TD15 1DG,400128,653081
TD15 1DH,400025,652830
TD15 1DJ,399860,653090
TD15 1DN,399776,652872
TD15 1DP,399973,652849
TD15 1DQ,400080,652949
TD15 1DR,399715,653082
TD15 1DS,399772,653084
TD15 1DT,399808,652834
TD15 1DU,399990,653016
TD15 1DW,399870,652904
TD15 1DX,399980,652947
TD15 1DY,399973,652923
TD15 1DZ,399980,652947
TD15 1EA,399917,652695
TD15 1EB,399917,653194
TD15 1ED,399962,653196
TD15 1EE,399956,652986
TD15 1EF,399939,652925
TD15 1EG,399935,652911
TD15 1EJ,399959,652789
TD15 1EN,399920,652722
TD15 1EP,399876,652699
TD15 1EQ,399950,652827
TD15 1ER,399856,652660
TD15 1ES,399817,652765
TD15 1ET,399914,653080
TD15 1EW,399917,652695
TD15 1EY,399899,652774
TD15 1EZ,399793,652775
TD15 1HA,399745,652792
TD15 1HB,399812,652698
TD15 1HD,399771,652749
TD15 1HE,399810,652661
TD15 1HG,399937,652633
TD15 1HH,400122,652691
TD15 1HN,399919,652597
TD15 1HP,399994,652508
TD15 1HQ,399944,652671
TD15 1HR,399941,652598
TD15 1HS,400046,652617
TD15 1HT,399993,652638
TD15 1HU,399993,652700
TD15 1HW,399912,652517
TD15 1HX,400053,652766
TD15 1HY,400082,652670
TD15 1HZ,400113,652657
TD15 1JA,400203,652668
TD15 1JB,400539,652736
TD15 1JD,400431,652708
TD15 1JE,400355,652697
TD15 1JG,400144,652863
TD15 1JS,399624,653121
TD15 1JT,399608,653262
TD15 1JX,399586,653374
TD15 1JZ,399585,653547
TD15 1LA,399622,653613
TD15 1LB,399664,653419
TD15 1LD,399598,653662
TD15 1LE,399554,653602
TD15 1LF,399550,653268
TD15 1LG,399642,653153
TD15 1LJ,399713,653190
TD15 1LL,399709,653229
TD15 1LP,399721,653324
TD15 1LQ,399651,653177
TD15 1LR,399679,653352
TD15 1LS,399720,653275
TD15 1LT,399809,653340
TD15 1LU,399863,653337
TD15 1LW,399674,653239
TD15 1LX,399909,653410
TD15 1LY,399941,653437
TD15 1LZ,399797,653444
TD15 1NA,399634,653433
TD15 1NB,399628,653473
TD15 1ND,399691,653481
TD15 1NE,399885,653589
TD15 1NF,399494,653341
TD15 1NG,399539,653208
TD15 1NH,399534,653240
TD15 1NL,398689,654020
TD15 1NN,398737,654019
TD15 1NP,399284,653658
TD15 1NR,399189,653609
TD15 1NS,399188,653845
TD15 1NT,399303,653817
TD15 1NU,399348,653982
TD15 1NW,399087,654253
TD15 1NX,399184,654105
TD15 1NY,399123,654075
TD15 1NZ,398898,653845
TD15 1PB,398606,653834
TD15 1PE,398381,653242
TD15 1PF,398523,653954
TD15 1PG,399064,654305
TD15 1PH,399078,654391
TD15 1PJ,399417,653670
TD15 1PL,399420,653878
TD15 1PQ,399159,654389
TD15 1PR,399469,654088
TD15 1PS,399531,654142
TD15 1PT,399519,653998
TD15 1PU,399557,654011
TD15 1PW,399366,653869
TD15 1PX,399453,654312
TD15 1PY,399490,654203
TD15 1PZ,399536,654428
TD15 1QA,399569,654419
TD15 1QB,399371,654522
TD15 1QD,399489,654448
TD15 1QE,399428,654369
TD15 1QF,399414,654352
TD15 1QG,399414,654456
TD15 1QQ,399416,654229
TD15 1QR,400218,651844
TD15 1QS,400132,651830
TD15 1QT,400154,651836
TD15 1QU,400175,651733
TD15 1QX,400257,651801
TD15 1QY,400379,651716
TD15 1RB,400470,651712
TD15 1RD,400579,651467
TD15 1RE,400364,651838
TD15 1RF,400418,651812
TD15 1RG,400569,651652
TD15 1RJ,400609,651683
TD15 1RL,400604,651550
TD15 1RN,400617,651558
TD15 1RP,400757,651319
TD15 1RQ,400485,651696
TD15 1RR,400816,651160
TD15 1RS,400848,651121
TD15 1RT,400905,651034
TD15 1RU,400019,652871
TD15 1RW,400717,651378
TD15 1RX,400564,651447
TD15 1RY,400593,651299
TD15 1RZ,400407,651640
TD15 1SA,400449,651606
TD15 1SB,400322,651679
TD15 1SE,400704,651497
TD15 1SJ,399270,654607
TD15 1SL,399411,654643
TD15 1SN,399368,654743
TD15 1SP,399166,654722
TD15 1SU,388571,646390
TD15 1SW,399325,654826
TD15 1SX,396665,652722
TD15 1SY,396204,652624
TD15 1SZ,393303,652519
TD15 1TA,398834,655266
TD15 1TB,398917,655114
TD15 1TD,391711,652806
TD15 1TE,393388,653012
TD15 1TF,393536,653066
TD15 1TG,393517,652874
TD15 1TH,393309,652913
TD15 1TJ,393354,653710
TD15 1TL,393402,652973
TD15 1TN,391876,654323
TD15 1TP,390831,653691
TD15 1TQ,399102,655054
TD15 1TR,390770,653754
TD15 1TS,390770,653863
TD15 1TT,389209,654417
TD15 1TU,399151,655131
TD15 1TW,390833,653733
TD15 1TX,399113,655004
TD15 1UB,398329,654208
TD15 1UD,398144,654355
TD15 1UE,395463,655078
TD15 1UF,393656,655453
TD15 1UG,393634,656827
TD15 1UH,392640,655869
TD15 1UJ,392162,655676
TD15 1UL,391908,655575
TD15 1UN,399050,655040
TD15 1UP,399253,654989
TD15 1UQ,399145,654536
TD15 1UR,398935,654835
TD15 1US,393547,655525
TD15 1UT,397809,656175
TD15 1UU,397712,654863
TD15 1UX,397826,653690
TD15 1UY,395097,653570
TD15 1UZ,394498,654771
TD15 1XA,394906,656108
TD15 1XB,396558,657955
TD15 1XG,389705,652519
TD15 1XH,389575,650845
TD15 1XJ,389753,649478
TD15 1XL,388785,647647
TD15 1XN,389758,648630
TD15 1XQ,391793,651023
TD15 1XW,387935,646638
TD15 1XX,399736,653094
TD15 1YG,400019,652871
TD15 1YH,400019,652871
TD15 1YT,400019,652871
TD15 1YY,400019,652871
TD15 2AA,399447,652534
TD15 2AB,399565,652537
TD15 2AD,399475,652376
TD15 2AE,399271,652354
TD15 2AF,399346,652264
TD15 2AG,399280,652218
TD15 2AH,399469,652303
TD15 2AJ,399509,652303
TD15 2AL,399584,652194
TD15 2AN,399486,652211
TD15 2AQ,399454,652266
TD15 2AS,399576,651782
TD15 2AU,399734,651693
TD15 2AW,399417,652110
TD15 2AX,399839,651636
TD15 2AY,399928,651864
TD15 2AZ,399907,651873
TD15 2BA,399585,652048
TD15 2BB,399611,652148
TD15 2BD,399637,652174
TD15 2BE,399692,652172
TD15 2BG,399536,652329
TD15 2BH,399585,652267
TD15 2BJ,399504,652323
TD15 2BL,399571,652246
TD15 2BN,399629,651718
TD15 2BP,399493,652374
TD15 2BQ,399561,652224
TD15 2BS,399051,650998
TD15 2BT,399158,651092
TD15 2BU,399063,651085
TD15 2BW,399715,651728
TD15 2BX,399241,651126
TD15 2BY,399257,651162
TD15 2BZ,399255,651195
TD15 2DA,399272,651229
TD15 2DB,399442,651268
TD15 2DD,399264,651295
TD15 2DE,399343,651453
TD15 2DF,399259,651359
TD15 2DG,399279,651574
TD15 2DH,399285,651658
TD15 2DJ,399677,651599
TD15 2DL,399879,651528
TD15 2DN,400016,651561
TD15 2DP,399514,651258
TD15 2DQ,399390,651685
TD15 2DR,398427,651590
TD15 2DS,399565,652128
TD15 2DT,398849,651083
TD15 2DU,399065,651242
TD15 2DW,399878,651610
TD15 2DX,398896,651430
TD15 2DY,398940,651543
TD15 2DZ,398718,651585
TD15 2EA,398951,651638
TD15 2EB,398922,651703
TD15 2ED,398970,651464
TD15 2EE,399257,651822
TD15 2EF,399030,651839
TD15 2EG,399418,651898
TD15 2EH,399223,651680
TD15 2EJ,399179,651427
TD15 2EL,399136,651249
TD15 2EN,399258,651545
TD15 2EQ,399374,651885
TD15 2ER,398856,651282
TD15 2ES,398972,651102
TD15 2ET,399438,651854
TD15 2EU,399377,652355
TD15 2EW,399244,651430
TD15 2EX,399332,652507
TD15 2EZ,399420,652448
TD15 2FB,398922,651261
TD15 2FD,398124,651158
TD15 2FE,398803,651261
TD15 2FF,398516,651200
TD15 2FG,399452,651320
TD15 2FJ,398783,651310
TD15 2FL,398431,651140
TD15 2FN,398520,651103
TD15 2FQ,399050,650676
TD15 2FW,398447,651023
TD15 2GA,395547,649857
TD15 2GH,400019,652871
TD15 2GY,400797,649157
TD15 2GZ,399628,652239
TD15 2HA,399423,652537
TD15 2HB,399358,652597
TD15 2HD,399407,652649
TD15 2HE,399336,652787
TD15 2HF,399358,652792
TD15 2HG,399364,652842
TD15 2HH,399280,652883
TD15 2HJ,399230,652928
TD15 2HL,399155,652759
TD15 2HP,398901,652851
TD15 2HQ,399316,652926
TD15 2HR,399142,652638
TD15 2HS,399192,652464
TD15 2HT,399290,652468
TD15 2HU,399265,652555
TD15 2HW,399136,652870
TD15 2HX,399183,652685
TD15 2HY,399245,652725
TD15 2HZ,399274,652652
TD15 2JA,400510,651132
TD15 2JD,399153,652994
TD15 2JE,399095,652705
TD15 2JF,399881,651447
TD15 2JG,399978,651481
TD15 2JH,400153,651370
TD15 2JJ,400246,651202
TD15 2JL,400335,651063
TD15 2JN,400150,651187
TD15 2JP,400068,651569
TD15 2JQ,400117,651502
TD15 2JR,400208,650967
TD15 2JS,400271,651018
TD15 2JT,400375,651286
TD15 2JU,400425,651117
TD15 2JW,400076,651592
TD15 2JX,394357,649058
TD15 2JY,391628,648044
TD15 2JZ,390023,647179
TD15 2LA,390124,647305
TD15 2LB,389817,647243
TD15 2LD,389879,647388
TD15 2LE,389792,647350
TD15 2LF,389731,647327
TD15 2LG,390021,647473
TD15 2LH,389922,647369
TD15 2LJ,390044,647316
TD15 2LL,390238,647371
TD15 2LN,390105,647355
TD15 2LP,394674,648074
TD15 2LQ,390116,647398
TD15 2LR,390206,647401
TD15 2LS,397991,651214
TD15 2LU,398183,651673
TD15 2LW,392905,646979
TD15 2LX,397946,651595
TD15 2LY,397727,651504
TD15 2LZ,397450,650736
TD15 2NA,398041,651287
TD15 2NB,398078,651342
TD15 2ND,398950,650669
TD15 2NE,399049,650971
TD15 2NF,399066,650077
TD15 2NG,398114,648974
TD15 2NJ,395475,646496
TD15 2NL,390779,645912
TD15 2NN,391628,644816
TD15 2NQ,395185,646575
TD15 2NR,394389,644202
TD15 2NS,398046,651546
TD15 2NT,398581,651541
TD15 2NU,398417,651519
TD15 2NW,399666,651236
TD15 2NX,398411,651436
TD15 2NY,398440,651374
TD15 2NZ,404080,643712
TD15 2PA,404205,643680
TD15 2PB,406090,642747
TD15 2PD,405326,642085
TD15 2PE,403965,640708
TD15 2PF,404965,640172
TD15 2PG,405550,640122
TD15 2PH,406611,640042
TD15 2PJ,406602,640133
TD15 2PL,407202,640552
TD15 2PN,397816,651440
TD15 2PP,398841,643662
TD15 2PQ,406644,640118
TD15 2PR,393976,641803
TD15 2PS,393710,642648
TD15 2PT,392531,642953
TD15 2PW,398530,651291
TD15 2PX,394649,637390
TD15 2PY,393973,636643
TD15 2PZ,395485,637408
TD15 2QA,394847,637607
TD15 2QB,394771,637884
TD15 2QD,397018,639026
TD15 2QE,400821,638659
TD15 2QF,397794,636920
TD15 2QG,394742,637608
TD15 2QH,399551,651422
TD15 2QJ,399615,651270
TD15 2QN,399948,650716
TD15 2QP,400005,650707
TD15 2QQ,401379,646915
TD15 2QR,400708,651068
TD15 2QS,400866,650753
TD15 2QT,399924,650070
TD15 2QU,400374,649808
TD15 2QW,399554,650597
TD15 2QX,400417,649677
TD15 2QY,400576,649542
TD15 2QZ,400900,649486
TD15 2RA,400595,649331
TD15 2RB,400752,649220
TD15 2RD,400567,649291
TD15 2RE,400540,649162
TD15 2RF,400637,649142
TD15 2RG,400590,649095
TD15 2RH,400648,648947
TD15 2RJ,401642,649309
TD15 2RL,402132,645944
TD15 2RN,402841,644555
TD15 2RQ,400656,649083
TD15 2RR,400487,649321
TD15 2RS,400288,650874
TD15 2RT,400470,649366
TD15 2RU,412625,641880
TD15 2RW,404578,645808
TD15 2RX,412563,641874
TD15 2RZ,412486,641877
TD15 2SA,412510,642008
TD15 2SB,412495,642059
TD15 2SD,412550,641993
TD15 2SE,412619,642210
TD15 2SF,413075,642319
TD15 2SG,412740,642017
TD15 2SH,413638,641751
TD15 2SJ,412669,641982
TD15 2SL,412645,641939
TD15 2SP,412791,641931
TD15 2SQ,412567,642022
TD15 2SR,412662,641917
TD15 2SS,410050,643660
TD15 2ST,412619,641914
TD15 2SU,412555,641961
TD15 2SW,412696,641912
TD15 2SX,407118,644943
TD15 2SY,401680,647924
TD15 2SZ,400548,647494
TD15 2TA,400527,646920
TD15 2TB,398274,645922
TD15 2TD,396565,645629
TD15 2TE,400007,645180
TD15 2TF,400898,644650
TD15 2TG,396826,642386
TD15 2TH,397361,646447
TD15 2TJ,399306,641836
TD15 2TL,402885,643447
TD15 2TN,399298,641736
TD15 2TP,401518,641486
TD15 2TQ,397333,640859
TD15 2TR,400223,639863
TD15 2TT,401485,639750
TD15 2TU,401553,639790
TD15 2TW,399163,641782
TD15 2TX,401529,639602
TD15 2TY,401484,639543
TD15 2TZ,401399,639483
TD15 2UA,401641,639714
TD15 2UB,401868,639853
TD15 2UD,401522,639706
TD15 2UE,401913,639775
TD15 2UF,401641,639786
TD15 2UG,401420,639449
TD15 2UJ,404142,636163
TD15 2UL,403340,635451
TD15 2UN,400896,634789
TD15 2UP,402515,639779
TD15 2UQ,401692,637650
TD15 2UR,401218,639753
TD15 2UT,398805,652708
TD15 2UW,401560,639347
TD15 2UX,398964,652374
TD15 2UY,399087,652201
TD15 2UZ,398745,651922
TD15 2WJ,400019,652871
TD15 2WT,400019,652871
TD15 2WU,400019,652871
TD15 2WZ,400651,649199
TD15 2XA,400019,652871
TD15 2XB,398806,652211
TD15 2XD,398597,652070
TD15 2XF,398572,652039
TD15 2XG,398639,652222
TD15 2XH,392882,650021
TD15 2XJ,393088,649889
TD15 2XL,392855,649824
TD15 2XN,392864,649674
TD15 2XP,392911,650010
TD15 2XQ,395969,650560
TD15 2XR,392923,649939
TD15 2XS,393019,649954
TD15 2XT,393566,650399
TD15 2XU,398745,652414
TD15 2XW,392947,649853
TD15 2XY,393138,649951
TD15 2XZ,398745,651886
TD15 2YA,398440,651266
TD15 2YB,398602,651462
TD15 2YD,398550,651474
TD15 2YE,398608,651517
TD15 2YF,398669,651515
TD15 2YG,398694,651436
TD15 2YH,398558,651365
TD15 2YL,399042,650873
TD15 2YN,399095,650897
TD15 2YP,399109,650936
TD15 2YQ,398618,651406
TD15 2YR,399191,650974
TD15 2YS,399112,650838
TD15 2YT,398819,651189
TD15 2YU,395997,650278
TD15 2YW,395458,649981
TD15 2YX,398091,651628
TD15 2YY,398948,651155
TD15 9AD,400019,652871
TD15 9AJ,400019,652871
TD15 9AP,400019,652871
TD15 9AR,400019,652871
TD15 9BB,400019,652871
TD15 9BE,400019,652871
TD15 9BF,400019,652871
TD15 9BG,400019,652871
TD15 9SA,399962,653196
TD15 9SB,399962,653196
TD15 9SD,399962,653196
TD15 9SE,399962,653196
TD15 9SF,399962,653196
TD15 9SG,399962,653196
TD15 9SH,399962,653196
TD15 9SJ,399962,653196
TD15 9SL,399962,653196
TD15 9SN,399962,653196
TD15 9SP,399962,653196
TD15 9SQ,399962,653196
TD15 9SR,399962,653196
TD15 9SS,399962,653196
TD15 9ST,399962,653196
TD15 9SU,399962,653196
TD15 9SW,399962,653196
TD2 6AB,352645,647618
TD2 6AD,352730,647475
TD2 6NZ,349893,653392
TD2 6PA,352503,648049
TD2 6PB,352590,648098
TD2 6PD,352474,648371
TD2 6PE,352580,649668
TD2 6PF,351585,650944
TD2 6PG,350709,651140
TD2 6PH,349746,653512
TD2 6PJ,349757,653425
TD2 6PL,349713,653441
TD2 6PN,349610,653488
TD2 6PP,349655,653562
TD2 6PQ,349642,650921
TD2 6PR,350034,653508
TD2 6PS,349346,653443
TD2 6PT,348140,654531
TD2 6PU,346829,653659
TD2 6PW,349804,653517
TD2 6PX,348404,653838
TD2 6PY,348956,652874
TD2 6PZ,351058,649100
TD2 6QA,350017,647869
TD2 6QB,352244,648117
TD2 6QD,352399,647929
TD2 6QE,352794,647726
TD2 6QF,353124,647267
TD2 6QH,352820,647689
TD2 6QJ,352929,647635
TD2 6QL,352892,647609
TD2 6QN,353023,647424
TD2 6QP,354253,647293
TD2 6QQ,353359,647363
TD2 6QR,355027,646644
TD2 6QS,355478,647251
TD2 6QT,354834,648225
TD2 6QU,353186,650125
TD2 6QW,353201,647414
TD2 6QX,354248,651473
TD2 6QY,352483,651623
TD2 6QZ,352128,653249
TD2 6RA,350837,653432
TD2 6RB,349041,655288
TD2 6RD,350154,655108
TD2 6RE,351232,658343
TD2 6RF,351788,647443
TD2 6RG,351399,644861
TD2 6RJ,352952,647437
TD2 6RL,352987,647613
TD2 6RN,349648,653374
TD2 6RP,353433,647369
TD2 6RQ,352862,647606
TD2 6RS,352979,645895
TD2 6RT,353540,647370
TD2 6RU,353386,647903
TD2 6RW,352558,647484
TD2 6RX,354121,646684
TD2 6RY,355482,645774
TD2 6RZ,356135,644607
TD2 6SA,355147,643825
TD2 6SB,357116,645487
TD2 6SD,358147,647637
TD2 6SE,358128,648054
TD2 6SF,356731,647883
TD2 6SG,356024,646983
TD2 6SH,358585,648291
TD2 6SJ,358494,649657
TD2 6SL,353151,647344
TD2 6SN,352932,647331
TD2 6SP,352966,647352
TD2 6SQ,359269,647525
TD2 6SR,353047,647584
TD2 6SS,353198,647530
TD2 6ST,353186,647597
TD2 6SU,353250,647465
TD2 6SW,353046,647344
TD2 6SX,353145,647516
TD2 6SY,353119,647489
TD2 6SZ,353160,647532
TD2 6TB,353121,647557
TD2 6TD,353023,647679
TD2 6TE,352928,647697
TD2 6TF,352933,647740
TD2 6TG,352939,647738
TD2 6TH,352892,647910
TD2 6TJ,352822,647825
TD2 6TL,352704,647794
TD2 6TN,352522,647764
TD2 6TP,352524,647829
TD2 6TQ,352905,647851
TD2 6TR,352360,647710
TD2 6TS,353345,647189
TD2 6TT,353412,647202
TD2 6TU,353474,647240
TD2 6TW,352643,647904
TD2 6TX,353347,647230
TD2 6TY,353355,647287
TD2 6UA,353426,647085
TD2 6UB,353366,647057
TD2 6UD,353439,647307
TD2 6WU,353060,647571
TD2 6WW,353060,647571
TD3 6ER,364796,643245
TD3 6JL,364393,642998
TD3 6JN,364608,643064
TD3 6JP,364441,643010
TD3 6JQ,364797,643366
TD3 6JR,364752,643029
TD3 6JS,364908,643126
TD3 6JT,364785,643107
TD3 6JU,366094,643034
TD3 6JW,364610,643089
TD3 6JX,367878,643584
TD3 6JY,366969,644044
TD3 6JZ,364832,645124
TD3 6LA,364260,644150
TD3 6LB,365701,643761
TD3 6LD,364417,641327
TD3 6LE,363357,639873
TD3 6LF,364911,639474
TD3 6LG,364812,639185
TD3 6LH,364625,643066
TD3 6LN,364426,643065
TD3 6LP,364667,643289
TD3 6LQ,366550,640557
TD3 6LR,364756,643278
TD3 6LS,364542,643285
TD3 6LT,361027,646373
TD3 6LU,363171,645977
TD3 6LW,364640,643174
TD3 6LX,362959,647295
TD3 6LY,360534,647607
TD3 6LZ,363314,648488
TD3 6NA,363622,649155
TD3 6NB,363286,650018
TD3 6ND,363356,650074
TD3 6NE,363370,650026
TD3 6NF,362177,649071
TD3 6NG,361284,648583
TD3 6NH,360715,651128
TD3 6NJ,362234,652005
TD3 6NL,364218,649605
TD3 6NN,365598,650485
TD3 6NQ,360192,649621
TD3 6NR,363522,649973
TD3 6NS,363443,649944
TD3 6NW,364410,651939
TD4 6AA,357967,637203
TD4 6AB,359210,636355
TD4 6AD,358279,635739
TD4 6AE,357580,638127
TD4 6AF,357299,639696
TD4 6AG,357441,637043
TD4 6AH,356422,638443
TD4 6AJ,356069,639252
TD4 6AL,356265,639874
TD4 6AN,356364,640990
TD4 6AP,355720,643098
TD4 6AQ,356746,636926
TD4 6AR,356472,642190
TD4 6AS,358564,643308
TD4 6AT,359472,643516
TD4 6AU,360603,644212
TD4 6AW,356019,641588
TD4 6AX,359605,642392
TD4 6AY,360061,640961
TD4 6AZ,360108,640759
TD4 6BA,360793,642162
TD4 6BB,361904,643084
TD4 6BD,361690,640530
TD4 6BE,361807,638722
TD4 6BG,359924,639390
TD4 6BH,358941,638420
TD4 6BJ,357234,638794
TD4 6BL,357462,638203
TD4 6BN,357463,638172
TD4 6BP,357467,638322
TD4 6BQ,358555,639835
TD4 6BS,357576,638551
TD4 6BT,357573,638518
TD4 6BU,357573,638518
TD4 6BW,357504,638139
TD4 6BX,357525,638485
TD4 6BY,357522,638430
TD4 6BZ,357546,638367
TD4 6DA,357610,638207
TD4 6DB,357449,638526
TD4 6DE,357394,638500
TD4 6DF,357123,638271
TD4 6DG,357184,638350
TD4 6DH,357164,638327
TD4 6DJ,357114,638026
TD4 6DL,357231,638283
TD4 6DN,357297,638314
TD4 6DP,357298,638411
TD4 6DQ,357242,638398
TD4 6DR,357299,638526
TD4 6DS,357410,638597
TD4 6DT,357381,638571
TD4 6DU,357413,638571
TD4 6DW,357303,638354
TD4 6DX,357394,638622
TD4 6DY,357440,638657
TD4 6DZ,357364,638634
TD4 6EA,357353,638675
TD4 6EB,357267,638684
TD4 6ED,357302,638635
TD4 6EE,357197,638725
TD4 6EF,357077,638629
TD4 6EG,357084,638660
TD4 6EH,357533,638686
TD4 6EJ,357491,638750
TD4 6EL,357398,638708
TD4 6EN,357456,638754
TD4 6EP,357539,638648
TD4 6EQ,357193,638610
TD4 6ER,357515,638617
TD4 6ES,357616,638640
TD4 6ET,357842,638676
TD4 6EU,357786,638694
TD4 6EW,357399,638769
TD4 6EX,357698,638717
TD4 6EY,357883,638746
TD4 6EZ,357873,638770
TD4 6FA,357047,638361
TD4 6FD,358214,638735
TD4 6GZ,358091,638624
TD4 6HA,357796,638762
TD4 6HB,357726,638798
TD4 6HD,357769,638773
TD4 6HE,357658,638504
TD4 6HG,357722,638554
TD4 6HH,357781,638596
TD4 6HJ,357826,638592
TD4 6HL,357914,638616
TD4 6HN,357940,638638
TD4 6HP,357977,638675
TD4 6HQ,357725,638585
TD4 6HR,358033,638650
TD4 6HS,358046,638684
TD4 6HT,357115,638674
TD4 6HU,358144,638706
TD4 6HW,357975,638615
TD4 6HX,357345,638789
TD4 6HY,358366,638902
TD4 6HZ,356694,638895
TD4 6JA,358183,638691
TD4 6JD,357464,638574
TD4 6JE,357336,638557
TD4 6JF,357218,638570
TD4 6JG,358204,638782
TD4 6JJ,357358,638514
TD4 6JN,357996,638619
TD4 6JP,358457,638549
TD4 6JQ,357811,638472
TD5 7AA,372898,634064
TD5 7AD,372931,634114
TD5 7AE,372889,634091
TD5 7AF,372856,634078
TD5 7AG,372921,634055
TD5 7AH,372911,634034
TD5 7AJ,372998,634001
TD5 7AL,373054,634051
TD5 7AN,373238,634054
TD5 7AP,373010,634073
TD5 7AR,372777,634229
TD5 7AS,372746,634207
TD5 7AT,372820,633956
TD5 7AU,372996,633743
TD5 7AW,373180,634094
TD5 7AX,372860,634012
TD5 7AY,372788,633966
TD5 7AZ,372915,634004
TD5 7BA,372951,633947
TD5 7BB,373076,633876
TD5 7BD,373116,633706
TD5 7BE,372719,634330
TD5 7BF,373071,634246
TD5 7BG,372805,634083
TD5 7BH,372989,633888
TD5 7BJ,372901,633826
TD5 7BL,373176,633744
TD5 7BN,373165,633937
TD5 7BP,373126,634329
TD5 7BQ,373057,633923
TD5 7BS,372988,634273
TD5 7BT,372819,634251
TD5 7BU,372747,634399
TD5 7BW,373236,634237
TD5 7BX,372855,634316
TD5 7BY,372907,634166
TD5 7DA,372854,634123
TD5 7DB,372971,634404
TD5 7DD,372931,634088
TD5 7DE,373130,634628
TD5 7DF,373186,634657
TD5 7DG,373039,634501
TD5 7DH,372659,634009
TD5 7DN,372676,634027
TD5 7DP,372707,634044
TD5 7DQ,373117,634056
TD5 7DR,372675,634070
TD5 7DS,372581,634175
TD5 7DT,372520,634251
TD5 7DU,372401,634321
TD5 7DX,372572,634121
TD5 7DY,372425,634267
TD5 7DZ,372430,634374
TD5 7EA,372430,634374
TD5 7EB,372599,634196
TD5 7ED,372543,634322
TD5 7EE,372519,634353
TD5 7EF,372337,634462
TD5 7EG,372509,634573
TD5 7EH,372502,634450
TD5 7EJ,372362,634609
TD5 7EL,372314,634546
TD5 7EN,372192,634588
TD5 7EP,372353,634670
TD5 7EQ,372578,634357
TD5 7ER,372552,634664
TD5 7ES,373504,634512
TD5 7ET,372303,634806
TD5 7EU,372675,634018
TD5 7EW,372706,634008
TD5 7EX,373074,634689
TD5 7EY,373296,634073
TD5 7FB,372605,634137
TD5 7FD,372629,634156
TD5 7HA,372790,634026
TD5 7HB,372824,634029
TD5 7HD,372837,634035
TD5 7HE,372849,634013
TD5 7HF,372789,633969
TD5 7HG,372785,633919
TD5 7HH,372713,633928
TD5 7HL,372733,633999
TD5 7HP,372711,633927
TD5 7HQ,372785,633919
TD5 7HS,372721,633892
TD5 7HT,372784,633836
TD5 7HW,372780,634008
TD5 7HX,372749,633869
TD5 7HY,372824,633669
TD5 7JA,372787,633788
TD5 7JB,372799,633713
TD5 7JD,372793,633865
TD5 7JE,372909,633769
TD5 7JF,372828,633942
TD5 7JH,372682,634115
TD5 7JJ,372678,634170
TD5 7JL,372664,634181
TD5 7JP,372789,634492
TD5 7JR,372598,634254
TD5 7JS,372806,634573
TD5 7JT,372698,634454
TD5 7JU,372700,633907
TD5 7JW,372602,634319
TD5 7JX,372726,634076
TD5 7JY,372842,633729
TD5 7LA,373114,635214
TD5 7LE,372421,634902
TD5 7LF,372976,634533
TD5 7LH,372973,634614
TD5 7LJ,372871,634671
TD5 7LL,372732,634672
TD5 7LN,372648,634635
TD5 7LP,372954,634823
TD5 7LQ,372871,634628
TD5 7LR,372883,634845
TD5 7LS,372847,634754
TD5 7LT,372956,634745
TD5 7LU,372840,634832
TD5 7LW,372721,634541
TD5 7LX,372845,634953
TD5 7LY,372784,634868
TD5 7LZ,372712,634790
TD5 7NA,372686,634949
TD5 7NB,372642,634919
TD5 7ND,372627,634999
TD5 7NE,372497,634885
TD5 7NF,372483,634983
TD5 7NG,372560,634913
TD5 7NH,372706,635019
TD5 7NJ,372733,635039
TD5 7NL,372567,635049
TD5 7NN,372612,635038
TD5 7NP,372969,635051
TD5 7NQ,372531,634800
TD5 7NR,372950,635196
TD5 7NS,372211,635016
TD5 7NT,372235,634832
TD5 7NU,372359,634891
TD5 7NW,373077,635141
TD5 7NX,371679,635571
TD5 7NY,369703,634894
TD5 7NZ,369055,633985
TD5 7PA,367095,632378
TD5 7PB,366902,633190
TD5 7PD,365715,633093
TD5 7PE,365514,632185
TD5 7PF,365412,635003
TD5 7PG,364074,634646
TD5 7PH,364840,636393
TD5 7PJ,364225,636124
TD5 7PL,363031,636304
TD5 7PN,363169,635800
TD5 7PQ,365040,636535
TD5 7PR,373512,634814
TD5 7PT,376473,641472
TD5 7PU,373518,634459
TD5 7PW,373637,637229
TD5 7PX,373423,634267
TD5 7PY,373688,634559
TD5 7PZ,374173,635107
TD5 7QA,375188,636360
TD5 7QB,376142,637482
TD5 7QD,376488,637999
TD5 7QE,374354,637183
TD5 7QF,373597,636832
TD5 7QG,373787,637251
TD5 7QJ,373841,637292
TD5 7QL,373731,637192
TD5 7QN,373719,638426
TD5 7QP,376248,641394
TD5 7QQ,373637,637336
TD5 7QR,376529,641562
TD5 7QS,376434,641385
TD5 7QT,374536,641569
TD5 7QU,373821,641547
TD5 7QW,375152,639572
TD5 7QX,372915,641318
TD5 7QY,372878,640458
TD5 7QZ,373398,639756
TD5 7RA,373713,640390
TD5 7RB,373459,634585
TD5 7RD,373383,634684
TD5 7RE,373623,634566
TD5 7RF,373595,634412
TD5 7RG,373875,637385
TD5 7RH,373833,634744
TD5 7RL,372201,634420
TD5 7RN,370631,634880
TD5 7RP,368620,634952
TD5 7RR,367695,634051
TD5 7RT,366285,636471
TD5 7RU,368742,636651
TD5 7RW,371112,634667
TD5 7RX,369478,636540
TD5 7RY,367978,637337
TD5 7RZ,368655,638975
TD5 7SA,366625,637863
TD5 7SB,365049,638127
TD5 7SD,364014,637778
TD5 7SE,362861,637987
TD5 7SF,371111,634728
TD5 7SG,373121,635349
TD5 7SH,373311,634626
TD5 7SJ,373264,634668
TD5 7SL,372909,635017
TD5 7SN,373023,634930
TD5 7SP,373168,634555
TD5 7SQ,373105,633942
TD5 7SR,373325,634891
TD5 7SS,373456,634937
TD5 7ST,374086,635624
TD5 7SU,373777,636290
TD5 7SW,373479,634881
TD5 7SX,372398,636026
TD5 7SY,370644,636693
TD5 7SZ,372431,637666
TD5 7TA,371253,638456
TD5 7TB,371343,638252
TD5 7TD,371390,638451
TD5 7TE,371984,638955
TD5 7TF,371228,638645
TD5 7TG,371682,638529
TD5 7TH,373255,635229
TD5 7TJ,370791,639414
TD5 7TL,370364,640291
TD5 7TN,371488,640567
TD5 7TP,370618,641643
TD5 7TQ,373331,635188
TD5 7TR,370394,641440
TD5 7TS,369326,641060
TD5 7TT,368288,641032
TD5 7TU,373261,635100
TD5 7TW,371105,641267
TD5 7TZ,373404,635184
TD5 7UB,373052,635268
TD5 7UD,373188,635290
TD5 7UE,373334,634955
TD5 7UH,373867,634916
TD5 7UJ,373376,635006
TD5 7WS,372856,634078
TD5 8AA,375398,628813
TD5 8AB,376491,628229
TD5 8AD,377615,625484
TD5 8AE,377232,626585
TD5 8AF,377189,627107
TD5 8AG,378004,625953
TD5 8AH,378408,622720
TD5 8AJ,377970,620427
TD5 8AL,377827,619250
TD5 8AN,376980,617675
TD5 8AP,376093,619849
TD5 8AQ,377896,623977
TD5 8AT,373408,633270
TD5 8AW,378873,617493
TD5 8AY,372882,633397
TD5 8AZ,372801,633351
TD5 8BA,372623,633254
TD5 8BB,372584,633085
TD5 8BE,372457,633114
TD5 8BF,372467,633007
TD5 8BH,373493,632406
TD5 8BJ,375790,632309
TD5 8BL,377151,631834
TD5 8BN,378877,632858
TD5 8BP,380749,632247
TD5 8BQ,373493,632406
TD5 8BR,372446,632900
TD5 8BS,379598,631103
TD5 8BT,378276,629415
TD5 8BU,379743,629884
TD5 8BW,381150,634755
TD5 8BX,380151,628952
TD5 8BY,381113,629240
TD5 8BZ,382888,629521
TD5 8DA,381409,630570
TD5 8DB,383970,629713
TD5 8DD,372661,633062
TD5 8DG,372925,633297
TD5 8DH,373013,633156
TD5 8DJ,372876,633177
TD5 8DL,372925,633037
TD5 8DN,372879,633067
TD5 8DQ,373029,633293
TD5 8DS,372725,633061
TD5 8DW,373320,633104
TD5 8DY,373008,632231
TD5 8DZ,374095,630819
TD5 8EA,373129,628692
TD5 8EB,372314,627434
TD5 8ED,372838,625947
TD5 8EE,374996,625859
TD5 8EF,374301,625170
TD5 8EG,373345,623675
TD5 8EH,375938,625070
TD5 8EJ,375227,627357
TD5 8EQ,375731,624441
TD5 8ER,372948,633447
TD5 8ES,373118,633365
TD5 8ET,373435,633698
TD5 8EU,373091,633347
TD5 8EX,373367,633401
TD5 8EY,373460,633558
TD5 8EZ,373156,633364
TD5 8HA,373280,633476
TD5 8HB,373279,633272
TD5 8HD,373183,633294
TD5 8HE,375567,635077
TD5 8HF,374548,634475
TD5 8HG,374074,633730
TD5 8HH,375952,634743
TD5 8HJ,375623,635345
TD5 8HL,375620,635186
TD5 8HN,375487,635042
TD5 8HP,375650,635368
TD5 8HQ,375658,633350
TD5 8HR,377058,635678
TD5 8HS,377666,637348
TD5 8HT,379564,636618
TD5 8HU,378784,636051
TD5 8HW,375955,635300
TD5 8HX,373029,633433
TD5 8HY,373492,633617
TD5 8JB,375414,635051
TD5 8JD,375541,635057
TD5 8JE,372804,633288
TD5 8JF,372648,633089
TD5 8JG,372584,632928
TD5 8JP,372242,630605
TD5 8JQ,372706,633216
TD5 8JR,371288,630707
TD5 8JS,371214,630529
TD5 8JT,371249,630657
TD5 8JU,371330,630584
TD5 8JW,371941,632067
TD5 8JY,370455,630187
TD5 8JZ,370391,629128
TD5 8LA,370638,631537
TD5 8LB,371153,629013
TD5 8LD,370403,627261
TD5 8LE,370736,627197
TD5 8LF,371342,626325
TD5 8LG,370925,626113
TD5 8LH,369495,625142
TD5 8LJ,370188,624047
TD5 8LL,368976,623482
TD5 8LN,370865,626084
TD5 8LP,371679,633200
TD5 8LQ,370795,625745
TD5 8LR,371808,633302
TD5 8LS,371658,633013
TD5 8LT,371882,633646
TD5 8LU,370392,632697
TD5 8LW,371808,633211
TD5 8LX,368778,632279
TD5 8LY,369768,631056
TD5 8LZ,369924,630715
TD5 8NA,370031,630632
TD5 8NB,370053,630748
TD5 8ND,369877,630692
TD5 8NE,369851,630634
TD5 8NF,370201,630860
TD5 8NG,371665,633111
TD5 8NH,371764,633122
TD5 8NJ,369063,629678
TD5 8NL,368243,630197
TD5 8NN,367603,630949
TD5 8NP,364527,630551
TD5 8NQ,371882,633211
TD5 8NR,366199,630077
TD5 8NS,365118,628355
TD5 8NT,364435,628045
TD5 8NW,365170,631618
TD5 8PA,374824,631501
TD5 8PB,376996,630730
TD5 8PD,379983,628286
TD5 8PE,382632,628157
TD5 8PF,382646,628104
TD5 8PG,382598,628314
TD5 8PH,382780,628130
TD5 8PJ,382715,628116
TD5 8PL,382793,628325
TD5 8PP,384104,626965
TD5 8PQ,382749,628249
TD5 8PR,381368,626561
TD5 8PS,380417,626199
TD5 8PT,384074,624362
TD5 8PU,381466,624808
TD5 8PX,381744,622563
TD5 8PY,381672,620661
TD5 8PZ,384594,620230
TD5 8QA,385434,617950
TD5 8QB,376956,624893
TD5 8QF,377015,625092
TD5 8QG,377109,624943
TD5 8QH,377069,624994
TD5 8QJ,377045,624980
TD5 8QL,377090,625029
TD5 8QN,377166,624993
TD5 8QP,377008,624814
TD5 8QQ,377152,624904
TD5 8QR,377139,625014
TD5 8QU,376723,624374
TD5 8QW,377040,624809
TD5 8QX,376026,622331
TD5 8RA,381956,628085
TD5 8RB,382009,628234
TD5 8RD,382062,628268
TD5 8RE,382056,628213
TD5 8RF,382010,628087
TD5 8RG,381922,627903
TD5 8RH,381867,627937
TD5 8RL,381838,627699
TD5 8RN,381822,627752
TD5 8RP,381822,627804
TD5 8RQ,381918,627954
TD5 8RR,381803,627861
TD5 8RS,381850,627974
TD5 8RT,381972,627942
TD5 8RU,382026,628008
TD5 8RW,381866,628070
TD5 8RX,382051,627917
TD5 8RY,381988,627873
TD5 8RZ,381993,627807
TD5 8SA,382052,628151
TD5 8SB,382051,628025
TD5 8SD,381861,627754
TD5 8SG,381908,628148
TD5 8SH,381498,627802
TD5 8SJ,382150,628168
TD5 8TP,371200,630387
TD5 8WU,372856,634078
TD5 8XX,373509,633378
TD5 8YE,372856,634078
TD5 8ZW,372856,634078
TD5 9AB,0,0
TD5 9AD,0,0
TD5 9AF,0,0
TD6 0AA,359362,630989
TD6 0AB,359301,630974
TD6 0AD,359320,631033
TD6 0AE,359245,630892
TD6 0AH,359369,630851
TD6 0AJ,359413,630893
TD6 0AL,359466,630931
TD6 0AN,359634,630797
TD6 0AP,359423,631105
TD6 0AQ,359338,630794
TD6 0AT,359460,631094
TD6 0AU,359516,631151
TD6 0AW,359724,631096
TD6 0AX,359476,631221
TD6 0AY,359558,631177
TD6 0AZ,359623,631217
TD6 0BA,359573,631157
TD6 0BB,359690,631207
TD6 0BD,359798,631211
TD6 0BE,359679,631240
TD6 0BF,359629,631134
TD6 0BG,359712,631259
TD6 0BH,359889,631438
TD6 0BJ,359900,631244
TD6 0BL,359895,631168
TD6 0BN,359886,631190
TD6 0BP,359867,631096
TD6 0BQ,359775,631269
TD6 0BS,359832,631042
TD6 0BT,359776,630995
TD6 0BU,359738,631006
TD6 0BW,359846,631124
TD6 0BX,359672,630970
TD6 0BY,359621,630916
TD6 0BZ,359614,630992
TD6 0DA,359578,631011
TD6 0DB,359582,631046
TD6 0DD,359747,630751
TD6 0DE,359580,631209
TD6 0DF,359497,630753
TD6 0DG,359549,630761
TD6 0DH,359709,630871
TD6 0DJ,359362,629963
TD6 0DL,359370,629664
TD6 0DN,359834,630793
TD6 0DP,359857,630913
TD6 0DQ,359436,630871
TD6 0DS,359536,630844
TD6 0DT,359834,630916
TD6 0DU,359994,631549
TD6 0DW,359893,630845
TD6 0DX,360897,632012
TD6 0DY,361262,632542
TD6 0DZ,360431,632688
TD6 0EA,361786,631734
TD6 0EB,362321,632092
TD6 0ED,363714,633121
TD6 0EE,363079,634119
TD6 0EF,361909,632954
TD6 0EG,358246,631663
TD6 0EL,358663,631342
TD6 0EP,359425,630616
TD6 0EQ,359952,630493
TD6 0ER,359378,630625
TD6 0ES,359302,630766
TD6 0ET,359306,630645
TD6 0EU,359952,630493
TD6 0EW,359023,630818
TD6 0EX,360380,630436
TD6 0EY,361273,629226
TD6 0HA,359481,630683
TD6 0HB,358991,630681
TD6 0HD,359032,630577
TD6 0HE,359060,630631
TD6 0HF,358766,630640
TD6 0HG,358805,630255
TD6 0HH,358388,629583
TD6 0HJ,356970,629195
TD6 0HP,355833,630357
TD6 0PA,357791,631604
TD6 0PB,357820,631586
TD6 0PD,357834,631593
TD6 0PE,357846,631598
TD6 0PF,357837,631624
TD6 0PG,357898,631588
TD6 0PH,357940,631627
TD6 0PJ,357958,631543
TD6 0PL,357955,631501
TD6 0PN,357756,631591
TD6 0PP,357741,631702
TD6 0PQ,357952,631651
TD6 0PS,357526,631578
TD6 0PU,357442,631583
TD6 0PW,357789,631641
TD6 0PX,357535,631414
TD6 0PY,357537,631697
TD6 0PZ,357501,631526
TD6 0QA,357476,631436
TD6 0QB,357566,631467
TD6 0QD,357612,631752
TD6 0QE,357917,631560
TD6 0QF,357211,631767
TD6 0QG,357226,631827
TD6 0QH,357449,631689
TD6 0QJ,357414,631640
TD6 0QL,357280,631707
TD6 0QN,357389,631599
TD6 0QP,357273,632014
TD6 0QQ,357484,631687
TD6 0QR,357432,631788
TD6 0QS,357372,631771
TD6 0QT,357480,631762
TD6 0QU,357451,631854
TD6 0QW,357335,631741
TD6 0QX,357395,631868
TD6 0QY,357474,631874
TD6 0QZ,357492,631914
TD6 0RH,362904,628612
TD6 0RJ,361310,630145
TD6 0RL,361306,630173
TD6 0RN,361102,630410
TD6 0RP,362678,630832
TD6 0RQ,359262,631998
TD6 0RR,361254,630237
TD6 0RS,357706,631887
TD6 0RT,357357,632383
TD6 0RU,358028,632653
TD6 0RW,361673,629964
TD6 0RX,357642,632164
TD6 0RY,357582,631965
TD6 0RZ,357610,631838
TD6 0SA,357612,631752
TD6 0SB,357702,632264
TD6 0SD,357780,631549
TD6 0SE,357598,632135
TD6 0SF,357646,631918
TD6 0SG,358642,631861
TD6 0SH,356858,630934
TD6 0SJ,357705,631673
TD6 0SL,357723,632346
TD6 0SN,355144,630426
TD6 0SP,355171,630488
TD6 0SQ,358249,631151
TD6 0SR,355412,630655
TD6 0SS,355448,630561
TD6 0ST,355419,630485
TD6 0SU,355371,630143
TD6 0SW,355187,630460
TD6 0SX,355130,629723
TD6 0SY,355192,630418
TD6 0SZ,355519,630682
TD6 0TB,355361,630619
TD6 0YB,354709,634122
TD6 0YD,354709,634122
TD6 0YL,354709,634122
TD6 6AA,354709,634122
TD6 6AE,354709,634122
TD6 6BA,354709,634122
TD6 6SA,357612,631752
TD6 6SD,357612,631752
TD6 6SE,357612,631752
TD6 6SF,357612,631752
TD6 6SG,357612,631752
TD6 6SH,357612,631752
TD6 6SJ,357612,631752
TD6 6SL,357612,631752
TD6 6SN,357612,631752
TD6 6SP,357612,631752
TD6 6SQ,357612,631752
TD6 6SR,357612,631752
TD6 6SS,357612,631752
TD6 6ST,357612,631752
TD6 6SU,357612,631752
TD6 6SW,357612,631752
TD6 6SX,357612,631752
TD6 6SY,357612,631752
TD6 6SZ,357612,631752
TD6 6TA,357612,631752
TD6 6TB,357612,631752
TD6 6TD,357612,631752
TD6 6TE,357612,631752
TD6 6TF,357612,631752
TD6 6TG,357612,631752
TD6 6TH,357612,631752
TD6 6TJ,357612,631752
TD6 6TL,357612,631752
TD6 6TN,357612,631752
TD6 6TP,357612,631752
TD6 6TQ,357612,631752
TD6 6TR,357612,631752
TD6 6TS,357612,631752
TD6 6TT,357612,631752
TD6 6TU,357612,631752
TD6 9AA,353461,634582
TD6 9AB,353084,634590
TD6 9AD,353352,634491
TD6 9AE,353305,634446
TD6 9AF,353301,634275
TD6 9AG,353453,634454
TD6 9AH,353205,634288
TD6 9AJ,353244,634136
TD6 9AL,353152,634279
TD6 9AN,353139,634342
TD6 9AP,353151,634420
TD6 9AQ,353164,634392
TD6 9AR,353239,634249
TD6 9AS,353470,634505
TD6 9AT,353102,634205
TD6 9AU,353227,634463
TD6 9AW,353046,634408
TD6 9AX,353320,634317
TD6 9AY,353330,634210
TD6 9AZ,350252,622702
TD6 9BA,353798,633807
TD6 9BB,353155,634181
TD6 9BD,352961,633584
TD6 9BE,352068,634035
TD6 9BF,353199,634149
TD6 9BG,350315,632957
TD6 9BH,353127,633966
TD6 9BJ,352099,635354
TD6 9BL,352776,635059
TD6 9BN,352884,635312
TD6 9BQ,350818,634269
TD6 9BS,353342,633789
TD6 9BT,353311,634385
TD6 9BU,356438,634252
TD6 9BW,353430,636667
TD6 9BX,353037,633868
TD6 9BZ,355908,634530
TD6 9DA,356476,634287
TD6 9DB,353342,633789
TD6 9DD,356361,634277
TD6 9DE,356376,634133
TD6 9DF,357967,634163
TD6 9DG,356279,635118
TD6 9DH,357766,635450
TD6 9DJ,357567,635636
TD6 9DL,357974,635116
TD6 9DN,358553,634567
TD6 9DP,359556,633551
TD6 9DQ,357512,634793
TD6 9DR,361583,635064
TD6 9DS,362086,634550
TD6 9DT,361624,635388
TD6 9DU,360427,635396
TD6 9DW,359409,634759
TD6 9DX,356313,634223
TD6 9DY,356434,634296
TD6 9DZ,356333,634179
TD6 9EB,357679,635581
TD6 9ED,356388,634194
TD6 9EE,354793,633929
TD6 9EF,354965,633970
TD6 9EG,355028,634036
TD6 9EJ,355662,627511
TD6 9EL,353650,625980
TD6 9EN,354573,625730
TD6 9EP,355255,623906
TD6 9EQ,354894,633954
TD6 9ER,356008,625821
TD6 9ES,358325,627197
TD6 9ET,359862,628780
TD6 9EU,360776,628602
TD6 9EW,354306,624924
TD6 9EY,354055,633217
TD6 9EZ,354055,633217
TD6 9HA,356039,633733
TD6 9HB,357234,632737
TD6 9HD,356270,632449
TD6 9HE,356274,631926
TD6 9HF,354880,629055
TD6 9HG,354135,628929
TD6 9HH,357277,632555
TD6 9HJ,354128,633213
TD6 9HL,354196,633390
TD6 9HP,354128,633086
TD6 9HQ,352826,628623
TD6 9HR,354281,633204
TD6 9HS,354376,633193
TD6 9HT,353776,630287
TD6 9HU,354547,626196
TD6 9HW,353967,633152
TD6 9HX,353368,625123
TD6 9HY,353174,624995
TD6 9HZ,353144,625016
TD6 9JA,353057,624855
TD6 9JB,353207,624951
TD6 9JD,353510,625154
TD6 9JE,353614,625154
TD6 9JF,353235,624951
TD6 9JH,353408,625094
TD6 9JJ,354388,633401
TD6 9JL,354086,632991
TD6 9JN,353077,624063
TD6 9JP,351653,624566
TD6 9JQ,354033,632874
TD6 9JR,350326,624641
TD6 9JS,350758,623508
TD6 9JT,352148,623506
TD6 9JU,350252,622702
TD6 9JW,353402,623147
TD6 9JX,353970,633097
TD6 9JY,354049,633149
TD6 9JZ,354049,633149
TD6 9LA,354772,634085
TD6 9LB,354693,634097
TD6 9LD,354693,634097
TD6 9LE,354709,634122
TD6 9LF,354555,633980
TD6 9LG,354768,634169
TD6 9LH,354915,634203
TD6 9LJ,354573,634336
TD6 9LL,354650,634291
TD6 9LN,354574,634249
TD6 9LP,354563,634509
TD6 9LQ,354973,634206
TD6 9LR,354700,634187
TD6 9LS,356103,634222
TD6 9LT,354972,635019
TD6 9LU,354630,635355
TD6 9LW,354788,634344
TD6 9LX,354044,635454
TD6 9LY,353642,635414
TD6 9LZ,354412,634911
TD6 9NA,354120,634928
TD6 9NB,354234,634993
TD6 9ND,354155,634996
TD6 9NE,353928,635020
TD6 9NG,354312,635194
TD6 9NH,354347,635251
TD6 9NJ,354462,635114
TD6 9NL,353351,635006
TD6 9NN,353781,634911
TD6 9NP,354217,635044
TD6 9NQ,354333,635082
TD6 9NS,354475,635226
TD6 9NT,353876,635039
TD6 9NW,353680,635018
TD6 9PA,354682,634071
TD6 9PB,354654,634058
TD6 9PD,354665,634006
TD6 9PE,354611,634090
TD6 9PF,354611,634090
TD6 9PG,354741,633964
TD6 9PL,354792,633993
TD6 9PN,354726,633961
TD6 9PP,354783,633947
TD6 9PQ,354760,634021
TD6 9PR,354684,633913
TD6 9PS,354738,633943
TD6 9PT,354769,633928
TD6 9PU,354769,633928
TD6 9PW,354747,633915
TD6 9PX,354766,634053
TD6 9PY,354785,634074
TD6 9PZ,354787,634044
TD6 9QE,353817,632654
TD6 9QF,354288,633326
TD6 9QG,354431,633529
TD6 9QH,354290,633256
TD6 9QJ,354356,633429
TD6 9QL,354321,633499
TD6 9QN,354381,633367
TD6 9QP,354549,633634
TD6 9QQ,354246,633323
TD6 9QR,354484,633580
TD6 9QS,354734,633799
TD6 9QT,354519,633675
TD6 9QU,354616,633780
TD6 9QW,354487,633460
TD6 9QX,354618,633811
TD6 9QY,354715,633867
TD6 9QZ,354780,633914
TD6 9RA,354802,633952
TD6 9RB,355170,634016
TD6 9RD,355193,634067
TD6 9RE,355122,634118
TD6 9RF,354602,633861
TD6 9RG,354433,633580
TD6 9RH,354304,633570
TD6 9RJ,354758,634383
TD6 9RL,355750,634149
TD6 9RN,355909,634183
TD6 9RP,356256,634284
TD6 9RQ,355920,634116
TD6 9RR,356177,634251
TD6 9RS,354614,634053
TD6 9RU,354571,634115
TD6 9RW,356239,634200
TD6 9RX,354559,634031
TD6 9RY,354408,634182
TD6 9RZ,354363,634184
TD6 9SA,354356,634207
TD6 9SB,354275,634116
TD6 9SD,354220,634070
TD6 9SE,354290,634279
TD6 9SF,354272,634327
TD6 9SG,354208,634356
TD6 9SH,353966,634300
TD6 9SL,353950,634438
TD6 9SN,354177,634135
TD6 9SP,353906,634058
TD6 9SQ,354167,634195
TD6 9SR,354081,634002
TD6 9SS,353953,634149
TD6 9ST,354058,634358
TD6 9SU,353815,634184
TD6 9SW,353788,634026
TD6 9SX,353894,634134
TD6 9SY,354596,634099
TD6 9SZ,353918,633967
TD6 9WX,354709,634122
TD6 9YR,354709,634122
TD7 4AA,347071,628458
TD7 4AB,347106,628411
TD7 4AD,347089,628413
TD7 4AE,347117,628473
TD7 4AF,347086,628488
TD7 4AG,347136,628427
TD7 4AH,347110,628266
TD7 4AJ,347085,628301
TD7 4AL,347061,628321
TD7 4AN,347026,628317
TD7 4AP,347190,628338
TD7 4AQ,347168,628428
TD7 4AR,347161,628306
TD7 4AS,347230,628396
TD7 4AT,347242,628345
TD7 4AU,347281,628270
TD7 4AW,347066,628408
TD7 4AX,347244,628253
TD7 4AY,347570,628263
TD7 4AZ,347601,628213
TD7 4BA,347634,628142
TD7 4BB,347501,628232
TD7 4BD,347447,628355
TD7 4BE,347339,628328
TD7 4BF,347448,628830
TD7 4BG,347397,628284
TD7 4BH,347521,628130
TD7 4BJ,346981,628414
TD7 4BL,347008,628447
TD7 4BP,347023,628449
TD7 4BQ,347426,628169
TD7 4BS,346927,628469
TD7 4BT,346966,628490
TD7 4BX,346963,628486
TD7 4BY,346982,628504
TD7 4BZ,347067,628580
TD7 4DA,347023,628449
TD7 4DB,347086,628601
TD7 4DD,347097,628576
TD7 4DE,346871,628476
TD7 4DF,347056,628522
TD7 4DG,346911,628420
TD7 4DH,346821,628484
TD7 4DJ,347294,628151
TD7 4DL,347385,628024
TD7 4DN,347488,628393
TD7 4DP,347261,628806
TD7 4DQ,346879,628447
TD7 4DR,347346,628850
TD7 4DS,347442,628934
TD7 4DT,347241,629025
TD7 4DU,347268,628955
TD7 4DW,347366,627905
TD7 4DX,347164,628970
TD7 4DY,347218,628906
TD7 4DZ,347166,629077
TD7 4EA,347274,629163
TD7 4EB,347320,629073
TD7 4ED,347407,629004
TD7 4EE,347548,629031
TD7 4EF,347525,629081
TD7 4EG,347625,628924
TD7 4EH,347591,628857
TD7 4EJ,347552,628888
TD7 4EL,347536,628830
TD7 4EN,347543,628790
TD7 4EP,347675,628594
TD7 4EQ,347578,628930
TD7 4ER,347446,628766
TD7 4ES,347321,628749
TD7 4ET,347346,628690
TD7 4EU,347400,628823
TD7 4EW,347484,628693
TD7 4EX,347706,628948
TD7 4EY,347334,628959
TD7 4EZ,347095,629028
TD7 4HA,347268,628664
TD7 4HE,347447,629054
TD7 4HF,347325,629169
TD7 4HG,347393,629153
TD7 4HH,347532,629136
TD7 4HJ,347606,629125
TD7 4HL,347397,629186
TD7 4HN,347404,629246
TD7 4HP,347568,629347
TD7 4HQ,347488,629121
TD7 4HR,347543,629257
TD7 4HS,347592,629178
TD7 4HT,347632,629265
TD7 4HU,347698,629174
TD7 4HW,347480,629314
TD7 4HX,347710,629218
TD7 4HY,347680,629346
TD7 4HZ,347697,629411
TD7 4JA,347594,629374
TD7 4JB,347622,629457
TD7 4JD,347523,629460
TD7 4JE,347493,629440
TD7 4JF,347428,629321
TD7 4JP,347341,629358
TD7 4JR,347122,629054
TD7 4JS,347012,629005
TD7 4JW,347654,629572
TD7 4JX,347164,628659
TD7 4JY,347126,628687
TD7 4JZ,347086,628601
TD7 4LA,347077,628730
TD7 4LB,346977,628619
TD7 4LE,346958,628626
TD7 4LF,346975,628807
TD7 4LG,346951,628853
TD7 4LH,347046,628833
TD7 4LJ,347143,628840
TD7 4LL,347197,628835
TD7 4LN,347236,628704
TD7 4LP,347160,628567
TD7 4LQ,347031,628964
TD7 4LR,347116,628537
TD7 4LS,347224,628519
TD7 4LT,347346,628596
TD7 4LU,347365,628574
TD7 4LX,347296,628491
TD7 4LY,347261,628423
TD7 4LZ,347373,628531
TD7 4NA,347380,628493
TD7 4NB,347391,628473
TD7 4ND,347517,628491
TD7 4NE,347515,628554
TD7 4NF,347493,628469
TD7 4NH,346991,628590
TD7 4NN,347212,622456
TD7 4NP,348291,625749
TD7 4NQ,347238,628634
TD7 4NR,348577,623694
TD7 4NS,348006,623321
TD7 4NT,346628,623099
TD7 4NU,347211,622333
TD7 4NW,348062,627467
TD7 4NX,347052,622215
TD7 4NY,346477,622174
TD7 4NZ,345411,622537
TD7 4PA,347728,622412
TD7 4PB,348802,621491
TD7 4PD,347537,621916
TD7 4PE,346284,621452
TD7 4PF,346253,620905
TD7 4PG,344212,620178
TD7 4PH,345054,619657
TD7 4PJ,347046,622256
TD7 4PQ,342952,619643
TD7 4PR,348322,629320
TD7 4PS,348385,629644
TD7 4PT,348151,630416
TD7 4PU,348282,628698
TD7 4PX,347659,627927
TD7 4PY,349010,627940
TD7 4PZ,350282,627185
TD7 4QA,351632,627951
TD7 4QB,352703,627469
TD7 4QD,352555,627346
TD7 4QE,352776,627400
TD7 4QF,352744,626980
TD7 4QG,353138,627155
TD7 4QJ,353458,626969
TD7 4QL,352788,626191
TD7 4QN,351371,629615
TD7 4QW,349164,631173
TD7 4RU,347470,628041
TD7 4WE,347023,628449
TD7 5AA,346736,628375
TD7 5AB,346774,628393
TD7 5AD,346714,628513
TD7 5AE,346658,628524
TD7 5AF,346635,628558
TD7 5AG,346720,628467
TD7 5AH,346578,628527
TD7 5AJ,346439,628479
TD7 5AL,346517,628393
TD7 5AN,346646,628507
TD7 5AP,346425,628297
TD7 5AQ,346618,628585
TD7 5AR,346438,628543
TD7 5AS,346280,628447
TD7 5AT,346439,628569
TD7 5AU,346230,628652
TD7 5AW,346680,628316
TD7 5AX,345998,628379
TD7 5AY,345794,628204
TD7 5AZ,346088,628682
TD7 5BA,346007,628767
TD7 5BB,345953,628838
TD7 5BD,346384,629152
TD7 5BE,346051,628912
TD7 5BF,346127,628954
TD7 5BG,346203,628995
TD7 5BH,346111,628805
TD7 5BJ,346274,628793
TD7 5BL,346187,628836
TD7 5BN,346259,628889
TD7 5BP,346412,629074
TD7 5BQ,346066,628822
TD7 5BS,346316,629078
TD7 5BU,346390,629036
TD7 5BW,346318,629036
TD7 5BX,346472,629055
TD7 5BY,346128,628998
TD7 5BZ,346661,628555
TD7 5DA,346858,628559
TD7 5DB,346852,628635
TD7 5DD,346782,628623
TD7 5DE,346891,628709
TD7 5DF,346829,628838
TD7 5DG,346809,628624
TD7 5DH,346586,628638
TD7 5DJ,346697,628737
TD7 5DL,346606,628717
TD7 5DN,346549,628726
TD7 5DP,346664,628751
TD7 5DQ,346722,628682
TD7 5DR,346614,628792
TD7 5DS,346574,628930
TD7 5DT,346681,628855
TD7 5DU,346960,629281
TD7 5DW,346620,628698
TD7 5DX,346892,629124
TD7 5DZ,347005,629170
TD7 5EA,346779,628991
TD7 5EB,347139,629245
TD7 5ED,347306,629426
TD7 5EE,347330,629499
TD7 5EF,347419,629669
TD7 5EH,347233,629481
TD7 5EQ,347233,629481
TD7 5ES,342599,627811
TD7 5ET,342719,627958
TD7 5EU,342135,629268
TD7 5EW,347200,629467
TD7 5EY,346211,626553
TD7 5EZ,344372,626771
TD7 5FH,346216,629052
TD7 5HA,343219,624816
TD7 5HB,341270,625625
TD7 5HD,341816,626521
TD7 5HE,343757,626860
TD7 5HH,345279,627132
TD7 5HJ,341922,626056
TD7 5HL,340893,624650
TD7 5HN,339276,624459
TD7 5HP,334616,621937
TD7 5HQ,346231,627958
TD7 5HR,333323,621167
TD7 5HS,332217,619993
TD7 5HT,330565,618309
TD7 5HU,329234,616209
TD7 5HW,337360,623027
TD7 5HX,327480,614579
TD7 5HY,327804,613565
TD7 5HZ,327470,609414
TD7 5JA,326310,614440
TD7 5JB,323919,613864
TD7 5JD,320780,610828
TD7 5JE,338894,624430
TD7 5JH,339348,624677
TD7 5JJ,338945,624385
TD7 5JL,338890,624271
TD7 5JN,338788,624322
TD7 5JP,337994,620697
TD7 5JQ,338998,624481
TD7 5JR,333810,619387
TD7 5JW,337628,624268
TD7 5JY,339549,629987
TD7 5JZ,337998,628821
TD7 5LA,335819,627786
TD7 5LB,333576,625569
TD7 5LD,331703,625393
TD7 5LE,330485,624760
TD7 5LF,326480,624241
TD7 5LG,323819,623109
TD7 5LH,323731,621042
TD7 5LJ,322509,617110
TD7 5LQ,319564,623046
TD7 5LR,346830,628023
TD7 5LS,345806,628916
TD7 5LT,346629,629442
TD7 5LU,344538,627820
TD7 5LX,343689,627925
TD7 5LZ,341436,630082
TD7 5NA,340704,630044
TD7 5NB,339248,628983
TD7 5ND,336726,626960
TD7 5NE,334325,626283
TD7 5NF,333539,625206
TD7 5NG,329984,624004
TD7 5NH,330865,626182
TD7 5NJ,328064,627355
TD7 5NQ,328013,620801
TD7 5NY,346727,628866
TD7 5WE,347023,628449
TD7 5WW,347023,628449
TD7 5YB,347023,628449
TD7 5YD,347023,628449
TD8 6AA,364993,620632
TD8 6AB,365008,620695
TD8 6AD,365039,620704
TD8 6AE,365056,620673
TD8 6AF,365049,620669
TD8 6AG,365032,620649
TD8 6AH,365067,620627
TD8 6AJ,365066,620573
TD8 6AL,365070,620599
TD8 6AN,365034,620551
TD8 6AP,364995,620592
TD8 6AQ,365052,620625
TD8 6AR,364951,620495
TD8 6AS,364933,620515
TD8 6AT,364930,620558
TD8 6AU,364941,620551
TD8 6AW,364940,620569
TD8 6AX,364752,620552
TD8 6AY,364929,620521
TD8 6AZ,364922,620540
TD8 6BA,364714,620276
TD8 6BB,364881,620381
TD8 6BD,364825,620353
TD8 6BE,365050,620533
TD8 6BF,374085,617951
TD8 6BG,364946,620456
TD8 6BH,364951,620619
TD8 6BJ,364987,620595
TD8 6BL,364876,620657
TD8 6BN,364962,620812
TD8 6BP,365069,620843
TD8 6BQ,364854,620475
TD8 6BS,364935,620638
TD8 6BU,364986,620696
TD8 6BW,364997,620721
TD8 6BX,364924,620525
TD8 6BY,364945,620576
TD8 6BZ,364904,620597
TD8 6DB,364983,620677
TD8 6DF,365095,620720
TD8 6DG,365099,620672
TD8 6DH,365139,620687
TD8 6DJ,365183,620890
TD8 6DL,365172,620936
TD8 6DN,365197,620833
TD8 6DP,365297,621152
TD8 6DQ,365137,620717
TD8 6DR,365323,621084
TD8 6DS,365306,621059
TD8 6DT,365307,620981
TD8 6DU,365479,621245
TD8 6DW,365220,620851
TD8 6DX,365374,621016
TD8 6DY,365504,621222
TD8 6DZ,365273,621081
TD8 6EA,365610,621460
TD8 6EB,365581,621590
TD8 6ED,365501,621416
TD8 6EE,365641,621540
TD8 6EF,365754,621814
TD8 6EH,365199,621137
TD8 6EN,365164,620675
TD8 6EP,365125,620631
TD8 6ER,365192,620616
TD8 6ES,365243,620611
TD8 6ET,365282,620583
TD8 6EU,365300,620603
TD8 6EW,365179,620722
TD8 6EX,365309,620548
TD8 6EY,365387,620582
TD8 6HA,365331,620683
TD8 6HB,365302,620644
TD8 6HD,365368,620725
TD8 6HE,365464,620813
TD8 6HF,365513,620864
TD8 6HG,365596,621094
TD8 6HH,365424,620783
TD8 6HJ,365446,620946
TD8 6HL,365478,621066
TD8 6HN,365560,621102
TD8 6HP,365609,621199
TD8 6HQ,365461,620898
TD8 6HR,365429,621023
TD8 6HS,365493,621145
TD8 6HT,365636,620860
TD8 6HU,365110,620606
TD8 6HW,365517,621106
TD8 6HX,365351,620709
TD8 6HY,365660,621192
TD8 6JD,366164,620440
TD8 6JE,366137,620338
TD8 6JF,366115,620315
TD8 6JH,365080,620194
TD8 6JJ,365178,620301
TD8 6JL,365189,620278
TD8 6JN,365273,620040
TD8 6JP,365269,619992
TD8 6JQ,365063,620364
TD8 6JR,365322,619983
TD8 6JS,365333,619706
TD8 6JT,365403,619709
TD8 6JU,365410,619913
TD8 6JW,365175,619940
TD8 6JX,365276,619742
TD8 6JY,365471,619829
TD8 6JZ,365547,619883
TD8 6LA,365489,620038
TD8 6LB,365451,620134
TD8 6LD,365356,620179
TD8 6LE,365199,619874
TD8 6LF,365448,620400
TD8 6LG,365330,620274
TD8 6LH,365394,620410
TD8 6LJ,365569,620338
TD8 6LN,365102,621289
TD8 6LP,365135,621236
TD8 6LQ,365290,620271
TD8 6LR,365986,620865
TD8 6LS,366164,620581
TD8 6LT,368564,620922
TD8 6LU,369986,622126
TD8 6LX,369474,620899
TD8 6LY,369436,619621
TD8 6LZ,369820,618537
TD8 6NA,370516,615936
TD8 6NB,370395,617010
TD8 6ND,372472,616442
TD8 6NE,373177,611971
TD8 6NF,369114,611465
TD8 6NG,370890,610088
TD8 6NH,375784,614617
TD8 6NJ,377585,614253
TD8 6NL,376100,609922
TD8 6NN,365945,620636
TD8 6NP,365632,620222
TD8 6NQ,374309,614012
TD8 6NR,365003,619890
TD8 6NS,365124,619690
TD8 6NT,365147,619452
TD8 6NU,365638,619511
TD8 6NW,372305,611210
TD8 6NX,365387,618097
TD8 6NY,365066,619243
TD8 6NZ,364760,619308
TD8 6PA,364489,618633
TD8 6PB,364816,617863
TD8 6PD,362765,616581
TD8 6PE,364856,618191
TD8 6PF,365019,617029
TD8 6PH,365330,615462
TD8 6PJ,366340,615509
TD8 6PL,367383,613327
TD8 6PN,367788,613526
TD8 6PP,367842,611326
TD8 6PQ,365444,617120
TD8 6PR,368665,610086
TD8 6PS,367567,608668
TD8 6PT,368794,608268
TD8 6PU,371187,608457
TD8 6PW,368461,611639
TD8 6PX,365654,620090
TD8 6PY,365746,620102
TD8 6PZ,365722,620181
TD8 6QA,364529,619908
TD8 6QB,364195,620075
TD8 6QD,364626,620094
TD8 6QE,364831,620172
TD8 6QF,364854,619898
TD8 6QG,364892,619742
TD8 6QH,365338,620462
TD8 6QJ,365514,620559
TD8 6QL,365514,620492
TD8 6QN,365636,620551
TD8 6QP,366031,619870
TD8 6QQ,365335,620340
TD8 6QR,366990,618940
TD8 6QS,366676,616234
TD8 6QT,365974,616906
TD8 6QU,368785,620293
TD8 6QW,365576,620466
TD8 6QX,367488,620121
TD8 6QY,368146,620285
TD8 6QZ,369028,619523
TD8 6RA,369544,619432
TD8 6RB,370206,619925
TD8 6RD,370063,618824
TD8 6RE,369570,618147
TD8 6RF,370022,618180
TD8 6RG,370142,617408
TD8 6RH,368450,616549
TD8 6RJ,369630,615401
TD8 6RL,368265,615026
TD8 6RN,370742,613908
TD8 6RP,371589,620107
TD8 6RQ,369637,616782
TD8 6RR,372773,620729
TD8 6RS,371964,619251
TD8 6RT,365383,620345
TD8 6RU,369836,618392
TD8 6RW,368523,613607
TD8 6RX,369820,618439
TD8 6RY,363749,621025
TD8 6RZ,364696,620644
TD8 6SA,364829,620753
TD8 6SB,364886,620816
TD8 6SD,364711,620541
TD8 6SF,365237,621401
TD8 6SG,365161,621357
TD8 6SH,364290,621554
TD8 6SJ,365393,623190
TD8 6SL,365665,623510
TD8 6SN,365727,623387
TD8 6SP,365005,623956
TD8 6SQ,365163,621893
TD8 6SR,363966,623485
TD8 6SS,363071,623141
TD8 6ST,360629,621491
TD8 6SU,361980,621702
TD8 6SW,365696,623665
TD8 6SX,362166,621860
TD8 6SY,362345,620920
TD8 6SZ,361444,619997
TD8 6TA,363759,619896
TD8 6TD,364993,621110
TD8 6TE,367387,625665
TD8 6TF,366695,621840
TD8 6TG,365871,621975
TD8 6TH,365882,622743
TD8 6TJ,366468,624276
TD8 6TL,367489,624520
TD8 6TN,368278,623416
TD8 6TP,368251,625007
TD8 6TQ,366395,622820
TD8 6TR,367318,625704
TD8 6TS,367641,625961
TD8 6TT,366191,625136
TD8 6TU,364296,625028
TD8 6TW,368775,624702
TD8 6TX,363947,625235
TD8 6TY,361320,625764
TD8 6TZ,362776,626252
TD8 6UE,365578,622562
TD8 6UF,364921,624709
TD8 6UG,363207,624410
TD8 6UH,364921,624709
TD8 6UJ,361984,624743
TD8 6UL,360755,622826
TD8 6UN,360719,624541
TD8 6UP,359198,626138
TD8 6UQ,364212,624463
TD8 6UR,357311,625131
TD8 6UW,358623,624203
TD8 6UX,362603,624583
TD8 6UY,362639,624528
TD8 6UZ,362805,624501
TD8 6WB,365099,620672
TD8 6XA,362752,624440
TD8 6XB,362994,624534
TD8 6XD,363048,624512
TD8 6XE,363066,624479
TD8 6XF,363004,624597
TD8 6XG,363035,624656
TD8 6XH,362807,624621
TD8 6XJ,363157,624801
TD8 6XL,362936,624657
TD8 6XQ,362989,624640
TD8 6XR,362931,624430
TD8 6YF,365099,620672
TD8 6YJ,365099,620672
TD9 0AA,350145,614388
TD9 0AB,350124,614396
TD9 0AD,350174,614408
TD9 0AE,350206,614423
TD9 0AG,350223,614380
TD9 0AH,350136,614224
TD9 0AL,350122,614295
TD9 0AN,350142,614356
TD9 0AQ,350219,614307
TD9 0AR,350110,614302
TD9 0AS,350053,614317
TD9 0AT,349923,614176
TD9 0AU,349999,614193
TD9 0AW,350106,614285
TD9 0AX,349861,614071
TD9 0AY,349815,614139
TD9 0AZ,349760,614191
TD9 0BA,349596,614189
TD9 0BB,350052,614486
TD9 0BD,349704,614136
TD9 0BE,349736,614155
TD9 0BG,350069,614233
TD9 0BH,349985,614513
TD9 0BP,349677,614069
TD9 0BS,349589,614021
TD9 0BT,349645,614038
TD9 0BU,349680,614018
TD9 0BW,349615,614088
TD9 0BX,349567,613903
TD9 0BY,349469,613931
TD9 0BZ,349489,614030
TD9 0DA,349440,614031
TD9 0DB,349522,614060
TD9 0DD,349871,614401
TD9 0DE,349402,613974
TD9 0DF,349614,613823
TD9 0DG,349719,613945
TD9 0DH,349578,613680
TD9 0DJ,349520,613515
TD9 0DL,349764,613955
TD9 0DN,349784,613837
TD9 0DP,349648,613692
TD9 0DQ,349664,613785
TD9 0DR,349702,613814
TD9 0DS,349849,613953
TD9 0DT,349662,613463
TD9 0DU,349496,613715
TD9 0DW,349822,613846
TD9 0DX,349526,613712
TD9 0DZ,349493,613548
TD9 0EA,349482,613474
TD9 0EG,349826,614470
TD9 0EH,349522,614301
TD9 0EL,349379,614097
TD9 0EN,350225,614218
TD9 0EP,350028,613830
TD9 0ER,350032,613984
TD9 0ES,349933,613489
TD9 0ET,350121,614077
TD9 0EW,350138,614028
TD9 0EX,349933,613437
TD9 0EY,350206,614096
TD9 0EZ,350206,613995
TD9 0HA,350152,614021
TD9 0HE,350133,614480
TD9 0HF,350121,614440
TD9 0HH,349975,614425
TD9 0HJ,350048,614405
TD9 0HL,349951,614419
TD9 0HN,349924,614324
TD9 0HP,349920,614393
TD9 0HQ,350077,614488
TD9 0HR,349889,614395
TD9 0HS,349935,614307
TD9 0HT,349986,614285
TD9 0HU,350010,614344
TD9 0HW,350041,614456
TD9 0HX,349925,614205
TD9 0HY,349898,614214
TD9 0HZ,349903,614252
TD9 0JA,349907,614273
TD9 0JB,349819,614314
TD9 0JD,349887,614302
TD9 0JE,349697,614286
TD9 0JF,349756,614253
TD9 0JG,349836,614198
TD9 0JP,348762,613720
TD9 0JQ,349837,614277
TD9 0JR,348590,613887
TD9 0JS,348147,613357
TD9 0JT,346447,611668
TD9 0JU,345285,610479
TD9 0JX,344954,609333
TD9 0JY,344614,609435
TD9 0JZ,344226,608561
TD9 0LA,343074,607815
TD9 0LB,342623,607563
TD9 0LE,343624,607811
TD9 0LF,341574,606176
TD9 0LG,340694,605658
TD9 0LH,339914,604796
TD9 0LJ,340091,604926
TD9 0LL,340552,604878
TD9 0LN,340548,603536
TD9 0LP,340110,599707
TD9 0LQ,340427,605061
TD9 0LS,344634,596076
TD9 0LT,346965,597090
TD9 0LU,349707,595953
TD9 0LW,340784,601289
TD9 0LX,350726,595186
TD9 0LY,350749,595441
TD9 0LZ,351269,598122
TD9 0NA,356072,596482
TD9 0NB,350438,599208
TD9 0NJ,349461,613850
TD9 0NL,349328,613684
TD9 0NN,348706,613016
TD9 0NP,347699,612497
TD9 0NR,347254,611980
TD9 0NS,347587,612533
TD9 0NT,347579,612656
TD9 0NW,347764,612827
TD9 0NY,349461,613402
TD9 0NZ,349196,612891
TD9 0PA,349249,612291
TD9 0PB,350179,612142
TD9 0PD,348744,611035
TD9 0PE,347247,608908
TD9 0PF,345689,610454
TD9 0PG,347354,605926
TD9 0PH,346436,605156
TD9 0PJ,345602,604553
TD9 0PL,346523,607895
TD9 0PN,344727,605377
TD9 0PP,340841,606258
TD9 0PQ,346615,604381
TD9 0PR,340525,606478
TD9 0PS,338258,606267
TD9 0PT,338872,602905
TD9 0PU,337400,601915
TD9 0PW,343810,607557
TD9 0QD,348288,587522
TD9 0QE,348218,587387
TD9 0QF,348100,587304
TD9 0QG,348142,587243
TD9 0QH,348055,587153
TD9 0QJ,348015,587098
TD9 0QL,348248,587238
TD9 0QN,348217,587316
TD9 0QP,348296,587319
TD9 0QQ,348058,587282
TD9 0QR,348286,587446
TD9 0QS,348362,587440
TD9 0QT,348394,587464
TD9 0QU,348380,587559
TD9 0QW,348270,587265
TD9 0QX,348173,587584
TD9 0QY,347903,587549
TD9 0QZ,348267,587663
TD9 0RA,348419,587752
TD9 0RB,348403,587666
TD9 0RD,348463,587624
TD9 0RE,348511,587753
TD9 0RF,348493,587692
TD9 0RG,348513,587836
TD9 0RH,348425,587548
TD9 0RJ,348528,587598
TD9 0RL,348471,587481
TD9 0RN,348435,587413
TD9 0RP,348287,587223
TD9 0RQ,348560,587741
TD9 0RS,348103,587337
TD9 0RT,348168,587710
TD9 0RU,348333,587822
TD9 0RW,348364,587312
TD9 0RX,348363,587844
TD9 0RZ,348647,588182
TD9 0SA,349123,589312
TD9 0SB,349934,591506
TD9 0SD,349413,592546
TD9 0SE,350226,589643
TD9 0SF,351763,590688
TD9 0SG,352777,591993
TD9 0SH,351038,594814
TD9 0SJ,350656,593485
TD9 0SL,354633,594520
TD9 0SN,354836,595195
TD9 0SP,356792,599765
TD9 0SQ,352489,593289
TD9 0SR,359712,598169
TD9 0ST,350074,614274
TD9 0SW,356383,596659
TD9 0TA,348046,587011
TD9 0TB,349110,587996
TD9 0TD,350244,587511
TD9 0TE,349917,586653
TD9 0TF,348016,585417
TD9 0TG,347437,584568
TD9 0TH,346440,581484
TD9 0TJ,347603,582818
TD9 0TL,348197,583927
TD9 0TN,349806,585708
TD9 0TP,351905,581138
TD9 0TQ,345371,583747
TD9 0TR,351959,578767
TD9 0TS,351343,578156
TD9 0TT,351334,580229
TD9 0TU,352586,584864
TD9 0TW,351468,582046
TD9 0TX,347378,588818
TD9 0TY,349280,588212
TD9 0WW,350052,614486
TD9 0WX,350052,614486
TD9 7AA,350401,615193
TD9 7AB,350367,615203
TD9 7AD,350271,615082
TD9 7AE,350336,615417
TD9 7AH,349981,614712
TD9 7AN,350095,614575
TD9 7AQ,350164,614694
TD9 7AX,350361,615259
TD9 7AY,350342,615283
TD9 7BA,350290,615389
TD9 7BB,350304,615407
TD9 7BE,350279,615346
TD9 7BG,350157,615465
TD9 7BH,350090,615566
TD9 7BJ,350252,615718
TD9 7BL,350453,615853
TD9 7BN,350179,615613
TD9 7BP,350386,615875
TD9 7BQ,350036,615461
TD9 7BS,350468,615903
TD9 7BU,350197,615574
TD9 7BW,350443,615797
TD9 7BX,350440,615777
TD9 7BY,350471,615729
TD9 7BZ,350307,615686
TD9 7DA,350370,615961
TD9 7DB,350502,616029
TD9 7DN,350017,614846
TD9 7DP,350114,614921
TD9 7DR,349981,614794
TD9 7DS,350057,614815
TD9 7DX,349964,614881
TD9 7DY,350027,615097
TD9 7DZ,349951,614851
TD9 7EA,350150,615293
TD9 7EB,349948,614747
TD9 7ED,349901,614800
TD9 7EE,350175,615141
TD9 7EF,349978,614912
TD9 7EG,350093,615009
TD9 7EH,350149,615166
TD9 7EJ,350244,615161
TD9 7EL,350169,615230
TD9 7EN,350208,615363
TD9 7EP,349986,615254
TD9 7ER,349994,615216
TD9 7ES,350071,615257
TD9 7ET,350087,615309
TD9 7EW,349964,615319
TD9 7HD,349487,615206
TD9 7HE,349891,615395
TD9 7HF,349910,615653
TD9 7HG,350046,615631
TD9 7HH,349874,614988
TD9 7HJ,349832,614792
TD9 7HL,349789,614838
TD9 7HN,349721,614727
TD9 7HQ,350109,615252
TD9 7HR,349665,614853
TD9 7HS,349238,614735
TD9 7HT,349365,614797
TD9 7HU,349184,614689
TD9 7HY,348999,614729
TD9 7HZ,348971,614618
TD9 7JA,348951,614539
TD9 7JB,348914,614467
TD9 7JD,348884,614489
TD9 7JE,349105,614492
TD9 7JH,349502,614704
TD9 7JJ,348977,614379
TD9 7JL,349295,614589
TD9 7JQ,349619,614713
TD9 7JS,350412,615646
TD9 7JT,350542,615660
TD9 7JU,350571,615607
TD9 7JX,350552,615929
TD9 7JY,350578,615844
TD9 7JZ,350606,615769
TD9 7LA,350603,616007
TD9 7LG,349154,614423
TD9 7LH,348165,615598
TD9 7LJ,348466,614097
TD9 7LL,347495,614563
TD9 7LN,347386,613349
TD9 7LP,345120,614942
TD9 7LQ,348783,614732
TD9 7LR,344120,616699
TD9 7LS,343602,615469
TD9 7LT,343319,614585
TD9 7LU,343727,614129
TD9 7LW,345848,613706
TD9 7LX,343063,614309
TD9 7LY,342440,613838
TD9 7LZ,341310,613053
TD9 7NA,341268,613522
TD9 7NB,342143,614262
TD9 7ND,341659,614067
TD9 7NE,340519,615032
TD9 7NF,336442,616141
TD9 7NG,334780,616049
TD9 7NP,350009,617917
TD9 7NQ,332201,614045
TD9 7NR,349563,616275
TD9 7NS,349809,616232
TD9 7NT,348853,616074
TD9 7NU,347305,616645
TD9 7NX,348850,616945
TD9 7NY,349002,618069
TD9 7PE,347493,613182
TD9 7PF,345575,611748
TD9 7PG,345118,612458
TD9 7PH,341825,612231
TD9 7PJ,341024,611981
TD9 7PL,340620,612814
TD9 7PN,339221,611654
TD9 7PP,338274,609892
TD9 7PR,337030,608734
TD9 7PS,334571,607571
TD9 7PW,339825,611191
TD9 7QB,350215,615936
TD9 7QD,350294,616021
TD9 7QE,349926,615886
TD9 7QF,350180,615753
TD9 7QG,349875,615794
TD9 7QH,350241,615863
TD9 7QJ,350182,616034
TD9 7QL,350131,616110
TD9 7QN,349986,615768
TD9 7QP,350282,615958
TD9 7QQ,349908,615910
TD9 7QR,350167,615717
TD9 7QS,350276,615781
TD9 7QW,349965,615846
TD9 7YF,350052,614486
TD9 8AA,350803,615353
TD9 8AB,350726,615298
TD9 8AD,350702,615320
TD9 8AE,350666,615318
TD9 8AG,350646,615274
TD9 8AH,350696,615379
TD9 8AJ,350757,615422
TD9 8AL,350885,615419
TD9 8AN,350981,615415
TD9 8AP,351620,615789
TD9 8AQ,350634,615300
TD9 8AR,350964,615360
TD9 8AS,350929,615397
TD9 8AW,351216,615495
TD9 8AY,350589,615260
TD9 8AZ,350388,615247
TD9 8BA,350533,615474
TD9 8BB,350783,615635
TD9 8BD,350468,615385
TD9 8BE,350608,615469
TD9 8BG,350695,615555
TD9 8BH,350321,615477
TD9 8BL,357156,618287
TD9 8BQ,350401,615525
TD9 8BS,351004,615959
TD9 8BT,351081,615947
TD9 8BU,351155,616040
TD9 8BX,350986,615998
TD9 8BY,351054,616177
TD9 8BZ,351165,616076
TD9 8DA,351199,616097
TD9 8DB,351300,616054
TD9 8DD,351328,616003
TD9 8DE,351411,616097
TD9 8DF,351388,616160
TD9 8DG,351286,616112
TD9 8DH,351172,616174
TD9 8DJ,351074,616264
TD9 8DL,351028,616208
TD9 8DN,351158,616281
TD9 8DP,351215,616365
TD9 8DQ,351150,616129
TD9 8DR,351286,616413
TD9 8DS,351194,616406
TD9 8DT,351125,616321
TD9 8DU,350925,616131
TD9 8DW,351294,616338
TD9 8DX,351234,616068
TD9 8ED,350918,615739
TD9 8EE,350887,615820
TD9 8EF,351319,615962
TD9 8EG,351407,616036
TD9 8EH,351660,616159
TD9 8EJ,351554,616098
TD9 8EL,351418,615901
TD9 8EN,351641,616040
TD9 8EP,351587,616197
TD9 8EQ,351486,616114
TD9 8ER,351690,616281
TD9 8ES,351642,616325
TD9 8ET,351411,616388
TD9 8EU,351375,616369
TD9 8EW,351689,616161
TD9 8EX,351336,616271
TD9 8EY,351285,616244
TD9 8EZ,351244,616275
TD9 8HA,351496,616405
TD9 8HB,351629,616367
TD9 8HD,351710,616240
TD9 8HL,351292,615710
TD9 8HN,351242,615849
TD9 8HP,351427,615777
TD9 8HR,351449,615827
TD9 8HS,351473,615885
TD9 8HT,351643,616003
TD9 8HU,351721,616004
TD9 8HW,351269,615774
TD9 8HX,351182,615726
TD9 8HY,351164,615792
TD9 8HZ,351250,615891
TD9 8JB,358810,613374
TD9 8JD,359864,613287
TD9 8JE,360313,614358
TD9 8JF,359271,614138
TD9 8JG,358711,611740
TD9 8JJ,358585,612376
TD9 8JL,358564,612295
TD9 8JN,358561,612072
TD9 8JP,358598,611907
TD9 8JQ,358676,612538
TD9 8JR,358585,611873
TD9 8JS,358695,611702
TD9 8JT,358643,611662
TD9 8JU,358639,610861
TD9 8JW,358224,611942
TD9 8JX,358661,611579
TD9 8LA,351787,615557
TD9 8LB,351969,615523
TD9 8LD,351987,615648
TD9 8LF,352411,615990
TD9 8LG,352925,615673
TD9 8LH,353446,615653
TD9 8LJ,354060,615653
TD9 8LL,354625,615829
TD9 8LN,354603,616226
TD9 8LP,354921,617291
TD9 8LQ,353016,615183
TD9 8LR,355972,617873
TD9 8LS,356344,618198
TD9 8LT,356811,618310
TD9 8LU,356875,618169
TD9 8LW,355622,616575
TD9 8LX,356762,618367
TD9 8LY,356719,618396
TD9 8LZ,356724,618443
TD9 8NA,356766,618494
TD9 8NB,356839,618576
TD9 8ND,356801,618667
TD9 8NE,356742,618592
TD9 8NF,356929,618648
TD9 8NG,356900,618539
TD9 8NH,357125,618524
TD9 8NJ,357054,618479
TD9 8NL,357078,618414
TD9 8NN,357082,618324
TD9 8NP,357056,618315
TD9 8NQ,356965,618467
TD9 8NR,356971,618381
TD9 8NS,356895,618324
TD9 8NT,356881,618291
TD9 8NU,356862,618401
TD9 8NW,357003,618287
TD9 8NX,356574,618419
TD9 8NY,356788,617927
TD9 8NZ,356332,616574
TD9 8PA,356812,616593
TD9 8PB,356944,618783
TD9 8PD,357172,618369
TD9 8PE,356845,618678
TD9 8PF,351898,615592
TD9 8PG,356914,618485
TD9 8PH,350739,616092
TD9 8PJ,350687,616333
TD9 8PL,351654,617051
TD9 8PN,352302,617089
TD9 8PP,350902,617779
TD9 8PQ,350719,616180
TD9 8PR,351668,618224
TD9 8PS,352484,618227
TD9 8PT,352457,618458
TD9 8PU,354529,620179
TD9 8PW,351754,617531
TD9 8PX,354827,620398
TD9 8PY,353629,621362
TD9 8PZ,350798,616489
TD9 8QA,351289,620282
TD9 8QB,357045,618551
TD9 8QG,353041,614902
TD9 8QH,354122,614689
TD9 8QJ,354095,613962
TD9 8QL,354652,613906
TD9 8QN,355419,614527
TD9 8QP,355921,615469
TD9 8QQ,353444,614234
TD9 8QR,356014,615822
TD9 8QS,354561,611883
TD9 8QT,356915,611963
TD9 8QU,357279,612054
TD9 8QW,355639,615208
TD9 8QX,358791,612011
TD9 8QY,358967,611382
TD9 8QZ,359309,610717
TD9 8RA,359791,610595
TD9 8RB,360078,610260
TD9 8RD,360949,610847
TD9 8RH,352014,616278
TD9 8RJ,351778,615923
TD9 8RP,352281,616160
TD9 8RR,352359,616316
TD9 8RS,352596,616616
TD9 8RT,353557,617362
TD9 8RU,354275,618316
TD9 8RW,351953,616115
TD9 8RX,355906,619010
TD9 8RY,356772,618882
TD9 8RZ,356225,619462
TD9 8SA,356916,620035
TD9 8SB,357210,620667
TD9 8SD,356658,621641
TD9 8SE,355540,622314
TD9 8SF,356448,623262
TD9 8SG,356541,620256
TD9 8SH,359151,621423
TD9 8SJ,356441,620098
TD9 8SL,352031,615995
TD9 8ST,352962,616184
TD9 8SU,353164,616621
TD9 8SW,354617,617614
TD9 8SX,353630,616321
TD9 8SY,353648,616849
TD9 8SZ,354104,617513
TD9 8TA,358872,619814
TD9 8TB,358761,618106
TD9 8TD,359588,617322
TD9 8TE,359861,617798
TD9 8TF,361065,614471
TD9 8TG,361986,612557
TD9 8TH,362378,610731
TD9 8TJ,364270,611179
TD9 8TL,363424,610462
TD9 8TN,362607,609797
TD9 8TP,364053,608804
TD9 8TQ,362532,610626
TD9 8TS,357501,618723
TD9 8TW,363203,608629
TD9 9BD,350477,614930
TD9 9BG,350419,614824
TD9 9BJ,350398,614843
TD9 9BL,350384,614755
TD9 9BP,350337,614687
TD9 9BQ,350370,614832
TD9 9BT,350300,614650
TD9 9BU,350282,614595
TD9 9BW,350352,614754
TD9 9BX,350052,614486
TD9 9BY,350052,614486
TD9 9BZ,350228,614524
TD9 9DD,350205,614509
TD9 9DE,350220,614514
TD9 9DG,350190,614485
TD9 9DH,350214,614524
TD9 9DL,350186,614177
TD9 9DN,350278,614710
TD9 9DQ,350200,614435
TD9 9DR,350251,614170
TD9 9DT,350254,614640
TD9 9EA,350254,614443
TD9 9EE,350356,614651
TD9 9EF,350343,614559
TD9 9EG,350312,614547
TD9 9EH,350264,614511
TD9 9EN,350226,614452
TD9 9EP,350292,614491
TD9 9ER,350316,614378
TD9 9ET,350356,614419
TD9 9EU,350331,614410
TD9 9EW,350299,614413
TD9 9EX,350342,614483
TD9 9EZ,350331,614348
TD9 9HA,350485,614600
TD9 9HB,350394,614522
TD9 9HD,350407,614584
TD9 9HE,350356,614651
TD9 9HF,350289,614458
TD9 9HL,350503,614904
TD9 9HN,350512,614802
TD9 9HP,350482,614781
TD9 9HR,350388,614709
TD9 9HS,350424,614710
TD9 9HT,350450,614666
TD9 9HU,350422,614653
TD9 9HW,350468,614811
TD9 9HX,350422,614653
TD9 9HY,350494,614662
TD9 9HZ,350608,614582
TD9 9JA,350474,614496
TD9 9JD,350565,614626
TD9 9JE,350616,614611
TD9 9JF,350567,614538
TD9 9JG,350502,614434
TD9 9JH,350525,614380
TD9 9JJ,350539,614359
TD9 9JL,350598,614445
TD9 9JN,350597,614404
TD9 9JP,350607,614540
TD9 9JQ,350539,614418
TD9 9JR,350670,614578
TD9 9JS,350629,614700
TD9 9JT,350582,614716
TD9 9JU,350469,614717
TD9 9JW,350649,614472
TD9 9LE,351070,614387
TD9 9LF,350512,614986
TD9 9LG,350666,614459
TD9 9LH,350663,614784
TD9 9LJ,350677,614714
TD9 9LL,350724,614690
TD9 9LN,350750,614789
TD9 9LP,350814,614814
TD9 9LQ,350653,614860
TD9 9LR,350779,614879
TD9 9LS,350711,614594
TD9 9LT,350746,614615
TD9 9LU,350746,614578
TD9 9LW,350734,614902
TD9 9LX,350752,614470
TD9 9LY,350613,614330
TD9 9LZ,350800,614367
TD9 9NA,350633,614187
TD9 9NB,350517,614183
TD9 9ND,350595,614269
TD9 9NE,350605,614314
TD9 9NF,351203,614926
TD9 9NP,350673,614962
TD9 9NQ,350625,615126
TD9 9NR,350740,615083
TD9 9NS,350774,615065
TD9 9NT,350844,615103
TD9 9NU,350836,615002
TD9 9NW,350820,615077
TD9 9NX,350970,615115
TD9 9NY,351010,615228
TD9 9NZ,351138,615069
TD9 9PA,351271,615087
TD9 9PB,351306,615145
TD9 9PD,351346,614996
TD9 9PE,351371,614972
TD9 9PF,351380,615181
TD9 9PG,351441,615248
TD9 9PH,351384,615277
TD9 9PJ,351241,615276
TD9 9PL,351209,615350
TD9 9PN,351226,615299
TD9 9PP,351225,614979
TD9 9PQ,351205,615200
TD9 9PS,351426,615439
TD9 9PW,350585,614831
TD9 9PX,350469,615080
TD9 9PY,350592,615167
TD9 9PZ,350721,615097
TD9 9QA,350724,615182
TD9 9QB,350755,615219
TD9 9QD,350844,615255
TD9 9QE,350952,615279
TD9 9QF,350825,615241
TD9 9QG,350815,615172
TD9 9QH,350475,615134
TD9 9QJ,350364,614972
TD9 9QL,350342,615032
TD9 9QP,350418,615043
TD9 9QQ,350763,615189
TD9 9QR,350429,615052
TD9 9QS,350441,615043
TD9 9QT,350426,615097
TD9 9QU,350386,615069
TD9 9QW,350448,614968
TD9 9QX,350380,615092
TD9 9RA,351557,615204
TD9 9RB,350310,614722
TD9 9RD,350396,614915
TD9 9RE,350331,614819
TD9 9RH,350460,614856
TD9 9RL,351711,615495
TD9 9RN,351637,615408
TD9 9RP,351751,615453
TD9 9RQ,350336,614786
TD9 9RR,351770,615400
TD9 9RS,351649,615345
TD9 9RT,351853,615470
TD9 9RW,351753,615480
TD9 9RX,351783,615498
TD9 9RY,351545,615350
TD9 9RZ,358441,609722
TD9 9SA,357330,610344
TD9 9SB,356597,609781
TD9 9SD,356800,611097
TD9 9SE,353304,609453
TD9 9SF,351011,608889
TD9 9SG,350012,608441
TD9 9SL,350507,613360
TD9 9SN,350358,613401
TD9 9SP,350747,612724
TD9 9SQ,349358,609518
TD9 9SR,352289,614028
TD9 9SS,352912,613857
TD9 9ST,352379,614934
TD9 9SU,351556,614792
TD9 9SW,350801,613292
TD9 9SX,359353,610151
TD9 9SY,359650,609697
TD9 9SZ,358940,609271
TD9 9TB,358930,605912
TD9 9TD,358787,610079
TD9 9TE,358837,609956
TD9 9TF,358820,609109
TD9 9TG,358240,608360
TD9 9TH,358106,609512
TD9 9TJ,357753,608921
TD9 9TL,356536,608326
TD9 9TN,356294,608322
TD9 9TP,358848,608066
TD9 9TQ,356592,608360
TD9 9TW,355229,606842
TD9 9TY,352780,600485
TD9 9TZ,353570,604014
TD9 9UA,351714,605662
TD9 9UB,352456,606574
TD9 9UD,352454,607534
TD9 9UG,350552,612356
TD9 9UQ,350739,610825
TD9 9WX,350052,614486
