WC1A 1AB,530186,181385
WC1A 1AP,530166,181492
WC1A 1AW,530166,181492
WC1A 1AZ,530283,181380
WC1A 1BA,530292,181457
WC1A 1BH,530181,181450
WC1A 1BL,530081,181432
WC1A 1BN,530176,181447
WC1A 1BS,530052,181413
WC1A 1DB,529915,181371
WC1A 1DD,529886,181366
WC1A 1DE,530014,181395
WC1A 1DG,529991,181397
WC1A 1DR,529886,181366
WC1A 1DT,529961,181385
WC1A 1DU,529886,181366
WC1A 1EA,530008,181405
WC1A 1EP,530144,181486
WC1A 1ES,530111,181469
WC1A 1EU,530019,181451
WC1A 1GG,530292,181457
WC1A 1HB,529992,181444
WC1A 1HD,529905,181415
WC1A 1HH,529894,181411
WC1A 1HL,529856,181403
WC1A 1HN,529856,181403
WC1A 1HP,529872,181440
WC1A 1HU,530100,181478
WC1A 1JB,530005,181476
WC1A 1JD,530062,181529
WC1A 1JH,530142,181421
WC1A 1JJ,530174,181424
WC1A 1JL,530148,181518
WC1A 1JN,530166,181492
WC1A 1JR,530186,181385
WC1A 1JS,530195,181436
WC1A 1JT,530148,181518
WC1A 1JU,530148,181518
WC1A 1LG,530120,181550
WC1A 1LH,530120,181550
WC1A 1LP,530144,181564
WC1A 1LQ,530138,181576
WC1A 1LT,530155,181555
WC1A 1LU,530155,181555
WC1A 1LW,530292,181457
WC1A 1LY,530180,181525
WC1A 1LZ,530283,181380
WC1A 1NH,530109,181479
WC1A 1NJ,530091,181504
WC1A 1NL,530079,181517
WC1A 1NN,530078,181532
WC1A 1NP,530092,181543
WC1A 1NS,530109,181522
WC1A 1NT,530135,181479
WC1A 1NU,530292,181457
WC1A 1NW,530101,181492
WC1A 1PL,530148,181518
WC1A 1RG,529886,181366
WC1A 1WP,530283,181380
WC1A 1WQ,530283,181380
WC1A 1WZ,530283,181380
WC1A 1XA,530283,181380
WC1A 1YA,530283,181380
WC1A 1YT,530283,181380
WC1A 2AH,530365,181530
WC1A 2AJ,530411,181546
WC1A 2AL,530424,181526
WC1A 2BA,530314,181534
WC1A 2BP,530383,181581
WC1A 2DA,530421,181591
WC1A 2DB,530427,181578
WC1A 2DW,530425,181584
WC1A 2DZ,530314,181534
WC1A 2EA,530435,181565
WC1A 2EB,530388,181703
WC1A 2ED,530375,181566
WC1A 2EP,530452,181648
WC1A 2HH,530122,181528
WC1A 2HL,530219,181594
WC1A 2HN,530168,181563
WC1A 2HR,530130,181505
WC1A 2HS,530192,181573
WC1A 2JA,530229,181576
WC1A 2JB,530228,181606
WC1A 2JD,530194,181584
WC1A 2JH,530203,181624
WC1A 2JL,530255,181628
WC1A 2JR,530255,181628
WC1A 2JS,530277,181574
WC1A 2JU,530274,181592
WC1A 2JX,530266,181605
WC1A 2JZ,530272,181628
WC1A 2LA,530257,181557
WC1A 2LD,530246,181561
WC1A 2LH,530240,181570
WC1A 2LP,530299,181629
WC1A 2LS,530270,181658
WC1A 2LX,530321,181591
WC1A 2NE,530314,181611
WC1A 2NJ,530260,181666
WC1A 2NS,530281,181728
WC1A 2PJ,530303,181747
WC1A 2PL,530311,181751
WC1A 2PT,530168,181563
WC1A 2PX,530291,181591
WC1A 2PY,530283,181380
WC1A 2QA,530350,181778
WC1A 2QD,530452,181648
WC1A 2QH,530446,181612
WC1A 2QL,530350,181778
WC1A 2QN,530334,181768
WC1A 2QP,530362,181789
WC1A 2QR,530446,181612
WC1A 2QS,530446,181612
WC1A 2RA,530374,181596
WC1A 2RB,530409,181614
WC1A 2RJ,530311,181648
WC1A 2RL,530364,181583
WC1A 2RN,530369,181590
WC1A 2RP,530356,181573
WC1A 2SA,530184,181507
WC1A 2SD,530224,181560
WC1A 2SE,530184,181507
WC1A 2SH,530257,181504
WC1A 2SL,530291,181591
WC1A 2SN,530282,181566
WC1A 2TA,530321,181591
WC1A 2TH,530349,181559
WC1A 2WY,530283,181380
WC1A 2YQ,530283,181380
WC1A 9AA,530283,181380
WC1A 9AB,530283,181380
WC1A 9AD,530283,181380
WC1A 9AE,530283,181380
WC1A 9AL,530283,181380
WC1A 9AN,530283,181380
WC1A 9AQ,530283,181380
WC1A 9AT,530283,181380
WC1A 9AU,530283,181380
WC1A 9AX,530283,181380
WC1A 9AY,530283,181380
WC1A 9AZ,530283,181380
WC1A 9BA,530283,181380
WC1A 9BB,530283,181380
WC1A 9BD,530283,181380
WC1A 9BE,530283,181380
WC1A 9BF,530283,181380
WC1A 9BG,530283,181380
WC1A 9BH,530283,181380
WC1A 9BJ,530283,181380
WC1A 9BL,530283,181380
WC1A 9BP,530283,181380
WC1A 9BQ,530283,181380
WC1A 9BR,530283,181380
WC1A 9BS,530283,181380
WC1A 9BT,530283,181380
WC1A 9BU,530283,181380
WC1A 9BW,530283,181380
WC1A 9BX,530283,181380
WC1A 9BY,530283,181380
WC1A 9DF,530283,181380
WC1A 9DG,530283,181380
WC1A 9DH,530283,181380
WC1A 9DJ,530283,181380
WC1A 9DL,530283,181380
WC1A 9DN,0,0
WC1A 9DP,530283,181380
WC1A 9DQ,530283,181380
WC1A 9DR,530283,181380
WC1A 9DS,530283,181380
WC1A 9DT,530283,181380
WC1A 9DU,530283,181380
WC1A 9DW,530283,181380
WC1A 9DX,530283,181380
WC1A 9DY,530283,181380
WC1A 9EA,530283,181380
WC1A 9EB,530283,181380
WC1A 9ED,530283,181380
WC1A 9EE,530283,181380
WC1A 9EF,530283,181380
WC1A 9EG,530283,181380
WC1A 9EH,530283,181380
WC1A 9EJ,530283,181380
WC1A 9EL,530283,181380
WC1A 9EN,530283,181380
WC1A 9EP,530283,181380
WC1B 3AA,529917,181572
WC1B 3AD,529922,181546
WC1B 3AE,529895,181542
WC1B 3AG,529872,181529
WC1B 3AH,529813,181551
WC1B 3AJ,529872,181529
WC1B 3AN,529790,181548
WC1B 3AR,529727,181608
WC1B 3AS,529847,181583
WC1B 3AU,529778,181515
WC1B 3AX,529882,181609
WC1B 3AZ,529739,181622
WC1B 3BA,530135,181583
WC1B 3BD,530166,181593
WC1B 3BE,530183,181611
WC1B 3BF,530203,181624
WC1B 3BG,530203,181624
WC1B 3BJ,530203,181624
WC1B 3BL,530203,181624
WC1B 3BN,530234,181653
WC1B 3BP,530248,181665
WC1B 3BQ,529859,181465
WC1B 3BS,530248,181665
WC1B 3DA,530239,181701
WC1B 3DD,530179,181685
WC1B 3DE,530086,181669
WC1B 3DG,530086,181669
WC1B 3DN,529854,181588
WC1B 3DP,529896,181621
WC1B 3DR,529889,181615
WC1B 3DY,530283,181380
WC1B 3ED,529753,181633
WC1B 3EE,529762,181619
WC1B 3EF,529762,181619
WC1B 3EG,529802,181563
WC1B 3EL,529796,181569
WC1B 3ES,529781,181579
WC1B 3GH,529815,181490
WC1B 3HA,529719,181619
WC1B 3HB,529730,181662
WC1B 3HD,529696,181637
WC1B 3HE,529739,181670
WC1B 3HF,529952,181577
WC1B 3HH,529775,181696
WC1B 3HN,529763,181687
WC1B 3HP,529750,181678
WC1B 3HW,529756,181682
WC1B 3HX,529840,181578
WC1B 3JA,529821,181729
WC1B 3JH,530028,181529
WC1B 3JJ,530243,181660
WC1B 3JL,530090,181558
WC1B 3JQ,529961,181533
WC1B 3JS,529739,181634
WC1B 3JT,529770,181611
WC1B 3JU,529772,181605
WC1B 3JY,530283,181380
WC1B 3LA,529916,181516
WC1B 3LB,529978,181560
WC1B 3LD,529883,181506
WC1B 3LE,529961,181533
WC1B 3LH,529952,181532
WC1B 3LN,529954,181477
WC1B 3LQ,529954,181477
WC1B 3LS,529954,181477
WC1B 3LW,529954,181477
WC1B 3NA,529894,181509
WC1B 3NB,529902,181510
WC1B 3ND,529819,181451
WC1B 3NG,529954,181477
WC1B 3NH,529868,181467
WC1B 3NN,529914,181464
WC1B 3NP,529815,181490
WC1B 3NQ,529820,181475
WC1B 3NZ,530056,181538
WC1B 3PA,530098,181566
WC1B 3PB,530105,181567
WC1B 3PD,530086,181551
WC1B 3PE,530068,181545
WC1B 3PH,530061,181541
WC1B 3PL,530068,181545
WC1B 3PP,530044,181534
WC1B 3PR,530283,181380
WC1B 3PS,530028,181560
WC1B 3QA,530042,181514
WC1B 3QB,530033,181531
WC1B 3QD,530014,181492
WC1B 3QE,530027,181467
WC1B 3QJ,529994,181595
WC1B 3QQ,530050,181863
WC1B 3QT,529958,181643
WC1B 3QU,529944,181665
WC1B 3QW,530283,181380
WC1B 3RA,529905,181721
WC1B 3RB,529940,181672
WC1B 3RD,529926,181692
WC1B 3RE,529893,181734
WC1B 3RF,529877,181766
WC1B 3RY,529909,181514
WC1B 3RZ,530283,181380
WC1B 3SR,530056,181483
WC1B 3SS,529952,181577
WC1B 3ST,530063,181473
WC1B 3UB,529954,181477
WC1B 3WB,530283,181380
WC1B 3WE,530283,181380
WC1B 3WU,530283,181380
WC1B 3WZ,530283,181380
WC1B 3XB,530283,181380
WC1B 3XD,530283,181380
WC1B 4AA,530526,181571
WC1B 4AB,530526,181571
WC1B 4AD,530388,181703
WC1B 4AE,530519,181596
WC1B 4AP,530503,181651
WC1B 4AR,530412,181790
WC1B 4BA,530412,181790
WC1B 4BB,530405,181822
WC1B 4BH,530405,181822
WC1B 4BJ,530355,181845
WC1B 4BL,530361,181836
WC1B 4BN,530361,181836
WC1B 4BP,530355,181845
WC1B 4BS,530355,181845
WC1B 4DA,530388,181703
WC1B 4DR,530388,181703
WC1B 4EA,530388,181703
WC1B 4EE,530283,181380
WC1B 4ET,530331,181819
WC1B 4HA,530321,181827
WC1B 4HD,530291,181866
WC1B 4HH,530260,181892
WC1B 4HL,530260,181892
WC1B 4HP,530212,181910
WC1B 4HR,530216,181894
WC1B 4HS,530224,181918
WC1B 4JA,530161,181875
WC1B 4JB,530388,181703
WC1B 4JP,530136,181856
WC1B 4JU,530161,181875
WC1B 4NB,530451,181722
WC1B 4ND,530438,181758
WC1B 4QA,530283,181380
WC1B 4SE,530388,181703
WC1B 4WD,530283,181380
WC1B 5AA,530352,181861
WC1B 5AB,530346,181875
WC1B 5AD,530326,181889
WC1B 5AE,530346,181875
WC1B 5AF,530319,181914
WC1B 5AG,530306,181927
WC1B 5AJ,530306,181927
WC1B 5AL,530296,181949
WC1B 5AN,530296,181949
WC1B 5AR,530255,181968
WC1B 5BA,530244,182037
WC1B 5BB,530240,181992
WC1B 5BE,530177,182079
WC1B 5BG,530244,182037
WC1B 5BH,530191,181747
WC1B 5BJ,530148,181814
WC1B 5BL,530214,181725
WC1B 5BN,530283,181380
WC1B 5BP,530106,181797
WC1B 5BW,530239,181701
WC1B 5DA,530050,181863
WC1B 5DN,530011,181908
WC1B 5DP,529963,181974
WC1B 5DQ,529957,181980
WC1B 5DR,530011,182058
WC1B 5DS,529967,181966
WC1B 5DT,529978,181950
WC1B 5DU,530011,181908
WC1B 5EA,529969,182020
WC1B 5EE,530074,182123
WC1B 5EG,530095,182109
WC1B 5EH,530074,182123
WC1B 5EQ,530095,182109
WC1B 5ER,530050,182088
WC1B 5HA,530446,181612
WC1B 5HJ,530452,181648
WC1B 5HL,530452,181648
WC1B 5HP,530388,181703
WC1B 5HR,530388,181703
WC1B 5JA,530230,181858
WC1B 5JB,530294,181770
WC1B 5JD,530274,181796
WC1B 5JE,530267,181801
WC1B 5JH,530217,181800
WC1B 5JJ,530182,181851
WC1B 5JP,530011,182058
WC1B 5JS,530240,181992
WC1B 5JT,530260,181745
WC1B 5JU,530232,181783
WC1B 5JX,530283,181964
WC1B 5LF,530074,182123
WC1B 5WB,530283,181380
WC1B 5WD,530283,181380
WC1E 6AA,529619,182058
WC1E 6AB,529619,182058
WC1E 6AD,529616,182062
WC1E 6AE,529448,182218
WC1E 6AF,529627,182047
WC1E 6AJ,529606,181933
WC1E 6AP,529558,182125
WC1E 6AR,529581,182113
WC1E 6AU,529448,182218
WC1E 6BN,529489,182343
WC1E 6BP,529466,182330
WC1E 6BS,529533,182368
WC1E 6BT,529589,182302
WC1E 6DB,529448,182218
WC1E 6DD,529536,182079
WC1E 6DE,529519,182163
WC1E 6DG,529527,182025
WC1E 6DH,529448,182218
WC1E 6DP,529856,181786
WC1E 6DX,529390,182267
WC1E 6DY,529390,182267
WC1E 6EA,529703,181995
WC1E 6EB,529743,181945
WC1E 6ED,529729,181968
WC1E 6EE,529743,181945
WC1E 6EG,529695,182011
WC1E 6EQ,529689,182048
WC1E 6ER,529743,181945
WC1E 6HA,529823,181765
WC1E 6HB,529809,181785
WC1E 6HD,529831,181754
WC1E 6HE,529811,181793
WC1E 6HG,529765,181858
WC1E 6HH,529737,181895
WC1E 6HJ,529682,181971
WC1E 6HP,529781,181737
WC1E 6HQ,529703,181943
WC1E 6HR,529780,181760
WC1E 6HU,529591,182061
WC1E 6HW,529793,181817
WC1E 6HX,529564,182095
WC1E 6JA,529484,182051
WC1E 6JB,529448,182071
WC1E 6JD,529461,182116
WC1E 6JF,529438,182131
WC1E 6JJ,529448,182218
WC1E 6JL,529447,182168
WC1E 6JN,529411,182147
WC1E 6JP,529387,182137
WC1E 6JQ,529405,182087
WC1E 6JW,529387,182137
WC1E 6WX,530283,181380
WC1E 6XA,529606,182136
WC1E 7AA,529759,181826
WC1E 7AE,529739,181809
WC1E 7AG,529701,181820
WC1E 7AH,529689,181839
WC1E 7AP,529662,181902
WC1E 7AQ,529730,181865
WC1E 7AR,529654,181914
WC1E 7AS,529643,181927
WC1E 7AT,529634,181938
WC1E 7AU,529625,181953
WC1E 7AX,529616,181966
WC1E 7AY,529607,181979
WC1E 7AZ,529596,181992
WC1E 7BD,529683,181692
WC1E 7BL,529713,181704
WC1E 7BS,529756,181757
WC1E 7BT,529731,181736
WC1E 7DB,529794,181786
WC1E 7DE,529730,181777
WC1E 7DF,529632,181738
WC1E 7DH,529687,181748
WC1E 7DP,529679,181770
WC1E 7DQ,529772,181810
WC1E 7DS,529785,181779
WC1E 7DU,529687,181748
WC1E 7DW,530283,181380
WC1E 7EA,529643,181833
WC1E 7EB,529618,181756
WC1E 7EN,529578,181869
WC1E 7ER,529563,181868
WC1E 7ET,529638,181890
WC1E 7EU,529606,181855
WC1E 7EX,529660,181847
WC1E 7EY,529617,181874
WC1E 7HB,529518,181980
WC1E 7HE,529554,182013
WC1E 7HF,529554,182013
WC1E 7HG,529571,182040
WC1E 7HH,529571,182040
WC1E 7HJ,529551,181921
WC1E 7HL,529579,181970
WC1E 7HN,529551,181921
WC1E 7HP,529551,181921
WC1E 7HT,529790,181879
WC1E 7HU,529987,181892
WC1E 7HX,529987,181892
WC1E 7HY,529753,182074
WC1E 7HZ,529733,182009
WC1E 7JA,529717,182042
WC1E 7JE,529678,182104
WC1E 7JG,529692,182124
WC1E 7JJ,529722,182130
WC1E 7JL,529812,182105
WC1E 7JN,529717,182042
WC1E 7JW,529937,181765
WC1E 7LE,529722,182130
WC1E 7LH,529551,181921
WC1E 7LL,529709,181830
WC1E 7LR,529618,181756
WC1E 7LY,529562,181971
WC1E 7PA,529685,181875
WC1E 7PH,529578,181869
WC1E 7PL,529743,181749
WC1E 7QB,529743,181749
WC1E 7QD,529749,181755
WC1E 7QE,529749,181755
WC1E 7QF,529778,181772
WC1E 7WX,530283,181380
WC1H 0AA,529838,182109
WC1H 0AB,529787,182140
WC1H 0AE,529830,182534
WC1H 0AF,529766,182542
WC1H 0AG,529734,182190
WC1H 0AH,529617,182364
WC1H 0AJ,529673,182376
WC1H 0AL,529934,182166
WC1H 0AN,529603,182461
WC1H 0AP,529934,182166
WC1H 0AQ,529676,182277
WC1H 0AR,529720,182212
WC1H 0AT,529704,182233
WC1H 0AW,529696,182244
WC1H 0AX,529603,182461
WC1H 0AY,529591,182398
WC1H 0BE,529603,182461
WC1H 0BJ,529656,182437
WC1H 0BT,529704,182434
WC1H 0BW,529675,182410
WC1H 0BX,529725,182411
WC1H 0DB,530050,182088
WC1H 0DD,529767,182470
WC1H 0DG,530026,182144
WC1H 0DH,529764,182407
WC1H 0DP,529734,182449
WC1H 0DS,529764,182479
WC1H 0EA,529796,182424
WC1H 0EB,529716,182508
WC1H 0ED,529721,182464
WC1H 0EF,529776,182458
WC1H 0EG,529765,182510
WC1H 0EH,529721,182464
WC1H 0EJ,529741,182524
WC1H 0HA,529830,182463
WC1H 0HB,529830,182463
WC1H 0HD,529830,182463
WC1H 0HF,529830,182463
WC1H 0HJ,529830,182463
WC1H 0HL,529830,182463
WC1H 0HP,529830,182463
WC1H 0HQ,529830,182463
WC1H 0HT,529789,182522
WC1H 0HW,529830,182463
WC1H 0HX,529849,182523
WC1H 0JE,529876,182538
WC1H 0JH,529849,182523
WC1H 0JJ,529865,182529
WC1H 0JL,529890,182520
WC1H 0JN,529830,182534
WC1H 0JR,529992,182243
WC1H 0JW,529859,182492
WC1H 0JX,530026,182144
WC1H 0JZ,530026,182144
WC1H 0LH,530129,182135
WC1H 0LL,530098,182164
WC1H 0LN,530047,182230
WC1H 0LP,530098,182164
WC1H 0LQ,530135,182128
WC1H 0LR,530098,182164
WC1H 0LS,530098,182164
WC1H 0LW,530098,182164
WC1H 0ND,530098,182164
WC1H 0NF,530098,182164
WC1H 0NG,530098,182164
WC1H 0NH,530098,182164
WC1H 0NJ,530098,182164
WC1H 0NL,530098,182164
WC1H 0NN,529830,182534
WC1H 0NR,529870,182185
WC1H 0NS,529881,182169
WC1H 0NT,529867,182205
WC1H 0NU,529867,182205
WC1H 0PD,529807,182293
WC1H 0PJ,529829,182264
WC1H 0PL,529773,182368
WC1H 0PN,529846,182240
WC1H 0PP,529686,182323
WC1H 0PQ,529838,182251
WC1H 0PW,529773,182368
WC1H 0PY,529712,182321
WC1H 0QB,529656,182437
WC1H 0QZ,530283,181380
WC1H 0TB,529832,182443
WC1H 0XB,530283,181380
WC1H 0XG,529885,182040
WC1H 8AA,530296,182882
WC1H 8AB,530257,182862
WC1H 8AG,530273,182817
WC1H 8AL,530308,182787
WC1H 8AP,530371,182737
WC1H 8AS,530386,182808
WC1H 8AT,530334,182885
WC1H 8BA,530381,182907
WC1H 8BB,530351,182898
WC1H 8BD,530393,182901
WC1H 8BG,530429,182895
WC1H 8BH,530389,182865
WC1H 8BJ,530408,182837
WC1H 8BL,530426,182810
WC1H 8BP,530437,182775
WC1H 8BS,530217,182638
WC1H 8BU,530211,182630
WC1H 8BW,530339,182911
WC1H 8BZ,530275,182648
WC1H 8DB,530269,182644
WC1H 8DD,530311,182658
WC1H 8DF,530311,182658
WC1H 8DG,530348,182670
WC1H 8DN,530348,182670
WC1H 8DR,530387,182684
WC1H 8DT,530387,182684
WC1H 8DU,530421,182721
WC1H 8DY,530458,182724
WC1H 8EA,530491,182729
WC1H 8EB,530512,182745
WC1H 8EE,530501,182773
WC1H 8EF,530425,182767
WC1H 8EG,530232,182811
WC1H 8EJ,530248,182835
WC1H 8EN,530256,182776
WC1H 8EP,530295,182762
WC1H 8EQ,530194,182836
WC1H 8ER,530322,182733
WC1H 8ET,530280,182728
WC1H 8EU,530256,182725
WC1H 8EW,530284,182651
WC1H 8EZ,530266,182709
WC1H 8HA,530370,182720
WC1H 8HB,530251,182704
WC1H 8HF,530283,181380
WC1H 8HG,530270,182676
WC1H 8HH,530293,182687
WC1H 8HJ,530310,182688
WC1H 8HL,530328,182703
WC1H 8HP,530373,182694
WC1H 8HS,530388,182703
WC1H 8HW,530353,182691
WC1H 8HX,530393,182597
WC1H 8HZ,530423,182520
WC1H 8JA,530453,182587
WC1H 8JD,530477,182575
WC1H 8JE,530370,182639
WC1H 8JF,530449,182619
WC1H 8JG,530516,182647
WC1H 8JH,530514,182598
WC1H 8JJ,530562,182654
WC1H 8JL,530453,182587
WC1H 8JN,530564,182599
WC1H 8JP,530586,182615
WC1H 8JS,530248,182598
WC1H 8JU,530286,182626
WC1H 8JW,530495,182634
WC1H 8JX,530472,182540
WC1H 8JZ,530309,182586
WC1H 8LA,530341,182555
WC1H 8LB,530338,182638
WC1H 8LD,530370,182639
WC1H 8LF,530404,182649
WC1H 8LG,530439,182663
WC1H 8LH,530519,182728
WC1H 8LJ,530474,182674
WC1H 8LP,530502,182696
WC1H 8LR,530550,182707
WC1H 8LS,530522,182699
WC1H 8ND,530194,182836
WC1H 8NG,530194,182836
WC1H 8NH,530194,182836
WC1H 8NJ,530194,182836
WC1H 8NN,530194,182836
WC1H 8NP,530194,182836
WC1H 8WY,530283,181380
WC1H 8YA,530283,181380
WC1H 9AA,529884,182639
WC1H 9AB,529894,182576
WC1H 9AD,529871,182551
WC1H 9AH,529965,182508
WC1H 9AJ,529946,182674
WC1H 9AL,529942,182540
WC1H 9AP,529951,182598
WC1H 9AQ,530010,182443
WC1H 9AR,529958,182620
WC1H 9AS,529966,182634
WC1H 9AT,529915,182589
WC1H 9AU,530135,182795
WC1H 9AW,529943,182571
WC1H 9AX,529946,182674
WC1H 9AY,530283,181380
WC1H 9AZ,529990,182645
WC1H 9BB,530032,182670
WC1H 9BD,530032,182670
WC1H 9BE,530032,182670
WC1H 9BF,530020,182703
WC1H 9BG,530283,181380
WC1H 9BJ,530032,182670
WC1H 9BL,530080,182741
WC1H 9BQ,529947,182380
WC1H 9BS,530032,182670
WC1H 9BT,530020,182703
WC1H 9BY,529959,182542
WC1H 9DB,530020,182703
WC1H 9DJ,530146,182750
WC1H 9DL,530165,182764
WC1H 9DP,530167,182741
WC1H 9DQ,530139,182734
WC1H 9DR,530167,182741
WC1H 9DS,530202,182720
WC1H 9DT,530202,182720
WC1H 9DU,530202,182720
WC1H 9DW,530184,182764
WC1H 9DX,530203,182708
WC1H 9DZ,530202,182692
WC1H 9EB,530103,182545
WC1H 9EE,530091,182574
WC1H 9EF,530047,182618
WC1H 9EG,530238,182761
WC1H 9EH,529983,182543
WC1H 9EL,530032,182476
WC1H 9EP,530151,182524
WC1H 9ER,530164,182541
WC1H 9ES,530148,182570
WC1H 9EU,529945,182252
WC1H 9EW,530166,182505
WC1H 9EX,529856,182266
WC1H 9EZ,529823,182326
WC1H 9GA,530135,182795
WC1H 9GB,530135,182795
WC1H 9GD,530135,182795
WC1H 9GE,530135,182795
WC1H 9GF,530135,182795
WC1H 9GG,530135,182795
WC1H 9GH,530135,182795
WC1H 9GJ,530135,182795
WC1H 9GL,530135,182795
WC1H 9GN,530135,182795
WC1H 9GP,530135,182795
WC1H 9GQ,530135,182795
WC1H 9GR,530135,182795
WC1H 9GS,530135,182795
WC1H 9GT,530135,182795
WC1H 9GU,530135,182795
WC1H 9GW,530135,182795
WC1H 9GX,530135,182795
WC1H 9HB,529846,182427
WC1H 9HD,529846,182427
WC1H 9HE,529822,182403
WC1H 9HF,529846,182427
WC1H 9HG,529822,182403
WC1H 9HH,529822,182403
WC1H 9HQ,529846,182427
WC1H 9HR,529884,182469
WC1H 9HU,529846,182427
WC1H 9HW,529846,182427
WC1H 9HX,529884,182469
WC1H 9JA,529884,182469
WC1H 9JB,530164,182630
WC1H 9JE,530135,182795
WC1H 9JF,530164,182630
WC1H 9JG,530164,182630
WC1H 9JH,529942,182485
WC1H 9JJ,529942,182485
WC1H 9JP,529942,182485
WC1H 9JR,529942,182485
WC1H 9JZ,529892,182435
WC1H 9LG,529892,182435
WC1H 9LN,529921,182422
WC1H 9LP,530135,182795
WC1H 9LQ,529942,182485
WC1H 9LS,529921,182422
WC1H 9LT,529947,182380
WC1H 9LU,530135,182795
WC1H 9LZ,530135,182795
WC1H 9NB,529969,182342
WC1H 9NE,530164,182630
WC1H 9NP,530085,182711
WC1H 9NS,530139,182734
WC1H 9NT,530177,182666
WC1H 9NU,530177,182666
WC1H 9NX,530177,182666
WC1H 9PA,530237,182643
WC1H 9PB,530221,182660
WC1H 9PD,530177,182666
WC1H 9PE,530200,182670
WC1H 9PF,530150,182529
WC1H 9PG,530202,182692
WC1H 9PJ,529884,182639
WC1H 9PL,530135,182552
WC1H 9PN,529904,182561
WC1H 9PP,530101,182604
WC1H 9PR,530091,182626
WC1H 9PT,530079,182643
WC1H 9PU,530177,182666
WC1H 9PW,530112,182591
WC1H 9PX,530177,182666
WC1H 9PY,529890,182591
WC1H 9PZ,530085,182652
WC1H 9QA,530094,182655
WC1H 9QD,530106,182635
WC1H 9QE,530118,182617
WC1H 9QG,530126,182600
WC1H 9QH,530148,182570
WC1H 9QL,530152,182610
WC1H 9QP,530276,182526
WC1H 9QR,530280,182498
WC1H 9QS,530220,182479
WC1H 9QT,530216,182532
WC1H 9QU,529805,182350
WC1H 9QW,530276,182526
WC1H 9QX,530195,182556
WC1H 9QZ,530195,182556
WC1H 9RA,530013,182311
WC1H 9RD,530042,182332
WC1H 9RE,530101,182379
WC1H 9RF,530213,182538
WC1H 9RG,530168,182414
WC1H 9RH,530191,182425
WC1H 9RL,530232,182440
WC1H 9RN,530128,182665
WC1H 9RS,530356,182497
WC1H 9RT,530342,182492
WC1H 9RU,530053,182343
WC1H 9RW,530273,182465
WC1H 9RX,530332,182517
WC1H 9RZ,530319,182554
WC1H 9SA,530204,182461
WC1H 9SE,530181,182455
WC1H 9SF,530167,182443
WC1H 9SH,530054,182389
WC1H 9SN,530005,182367
WC1H 9SP,530135,182795
WC1H 9SR,530135,182795
WC1H 9SS,530013,182311
WC1H 9SU,530167,182443
WC1H 9SX,529947,182380
WC1H 9SZ,529880,182541
WC1H 9TB,530283,181380
WC1H 9TE,530283,181380
WC1H 9TG,530283,181380
WC1H 9TW,529884,182469
WC1H 9WB,530283,181380
WC1H 9WH,530283,181380
WC1H 9WP,530283,181380
WC1H 9WS,530283,181380
WC1H 9WW,530283,181380
WC1H 9WZ,530283,181380
WC1H 9XA,530283,181380
WC1H 9XD,529969,182342
WC1H 9XG,530283,181380
WC1H 9XX,530015,182395
WC1H 9XY,529987,182474
WC1H 9XZ,530032,182440
WC1H 9YQ,530283,181380
WC1H 9YZ,530283,181380
WC1H 9ZD,530135,182795
WC1N 1AB,530160,182385
WC1N 1AE,530239,182214
WC1N 1AF,530247,182327
WC1N 1AG,530134,182455
WC1N 1AL,530113,182431
WC1N 1AN,530239,182214
WC1N 1AP,530143,182346
WC1N 1AQ,530247,182327
WC1N 1AS,530408,182188
WC1N 1AW,530302,182251
WC1N 1AX,530349,182356
WC1N 1AZ,530403,182378
WC1N 1BD,530310,182378
WC1N 1BE,530264,182411
WC1N 1BG,530256,182430
WC1N 1BJ,530252,182441
WC1N 1BL,530282,182451
WC1N 1BN,530292,182420
WC1N 1BP,530247,182327
WC1N 1BS,530247,182327
WC1N 1BY,530198,182161
WC1N 1DA,530720,182239
WC1N 1DB,530244,182037
WC1N 1DD,530246,182083
WC1N 1DE,530387,182107
WC1N 1DF,530326,182115
WC1N 1DG,530377,182135
WC1N 1DH,530693,182227
WC1N 1DJ,530455,182181
WC1N 1DN,530518,182189
WC1N 1DP,530753,182283
WC1N 1DR,530774,182260
WC1N 1DT,530701,182229
WC1N 1DW,530679,182218
WC1N 1DX,530666,182214
WC1N 1DZ,530624,182190
WC1N 1EA,530589,182155
WC1N 1EH,530518,182154
WC1N 1EP,530434,182119
WC1N 1ES,530303,182072
WC1N 1EX,530121,182180
WC1N 1HA,530115,182224
WC1N 1HB,530059,182234
WC1N 1HD,530059,182234
WC1N 1HE,530135,182267
WC1N 1HJ,530053,182285
WC1N 1HN,530042,182301
WC1N 1HP,530060,182327
WC1N 1HQ,530062,182268
WC1N 1HT,530176,182220
WC1N 1HX,530208,182112
WC1N 1JA,530289,182121
WC1N 1JD,530245,182125
WC1N 1JE,530256,182124
WC1N 1JF,530125,182285
WC1N 1JG,530130,182287
WC1N 1JH,530129,182323
WC1N 1JJ,530126,182329
WC1N 1JL,530295,182138
WC1N 1JN,530100,182350
WC1N 1JP,530095,182348
WC1N 1JQ,530331,182153
WC1N 1JS,530096,182313
WC1N 1JX,530099,182308
WC1N 1LA,530141,182130
WC1N 1LB,530160,182139
WC1N 1LE,530198,182161
WC1N 1LG,530283,181380
WC1N 1LJ,530207,182122
WC1N 1LN,530277,182151
WC1N 1LT,530314,182165
WC1N 1LX,530342,182178
WC1N 1LY,530369,182149
WC1N 1LZ,530364,182158
WC1N 1NJ,530184,182362
WC1N 1NL,530184,182379
WC1N 1NN,530179,182393
WC1N 1NP,530225,182397
WC1N 1NX,530247,182327
WC1N 1NY,530247,182327
WC1N 1NZ,530247,182327
WC1N 1PA,530346,182400
WC1N 1PB,530324,182395
WC1N 1PD,530292,182420
WC1N 1PE,530305,182383
WC1N 1PF,530319,182454
WC1N 1PG,530348,182458
WC1N 1PH,530363,182406
WC1N 1PJ,530319,182454
WC1N 1QB,530283,181380
WC1N 1QE,530239,182214
WC1N 1QF,530239,182214
WC1N 1QG,530239,182214
WC1N 1RE,530129,182388
WC1N 1ST,530198,182161
WC1N 1WJ,530283,181380
WC1N 2AA,530725,182302
WC1N 2AB,530637,182263
WC1N 2AD,530696,182362
WC1N 2AF,530672,182441
WC1N 2AG,530672,182441
WC1N 2AH,530643,182488
WC1N 2AJ,530556,182436
WC1N 2AL,530623,182529
WC1N 2AN,530605,182455
WC1N 2AP,530560,182367
WC1N 2AT,530848,181991
WC1N 2AY,530637,182263
WC1N 2BF,530793,182087
WC1N 2BG,530813,182069
WC1N 2BH,530817,182064
WC1N 2BL,530829,182042
WC1N 2BS,530820,182060
WC1N 2BW,530825,182055
WC1N 2BX,530827,182048
WC1N 2BY,530810,182073
WC1N 2DE,530842,182089
WC1N 2DG,530772,182019
WC1N 2DL,530839,182094
WC1N 2DR,530834,182108
WC1N 2EB,530863,182055
WC1N 2ED,530855,182065
WC1N 2ES,530891,181990
WC1N 2EU,530852,181982
WC1N 2HY,530928,181985
WC1N 2HZ,530908,182026
WC1N 2JA,530926,181979
WC1N 2JB,530944,181997
WC1N 2JE,530926,182043
WC1N 2JF,530892,182037
WC1N 2JG,530893,182058
WC1N 2JJ,530918,182062
WC1N 2JN,530881,182076
WC1N 2JP,530898,182098
WC1N 2JQ,530881,182054
WC1N 2JS,530787,182192
WC1N 2JT,530807,182152
WC1N 2JU,530866,182096
WC1N 2JW,530814,182137
WC1N 2JX,530846,182142
WC1N 2JY,530820,182131
WC1N 2JZ,530832,182124
WC1N 2LA,530821,182189
WC1N 2LD,530845,182188
WC1N 2LE,530804,182254
WC1N 2LF,530757,182246
WC1N 2LG,530797,182234
WC1N 2LH,530764,182230
WC1N 2LJ,530766,182224
WC1N 2LN,530887,182120
WC1N 2LQ,530832,182166
WC1N 2LR,530771,182219
WC1N 2LS,530795,182175
WC1N 2LW,530776,182208
WC1N 2LX,530783,182202
WC1N 2LY,530761,182235
WC1N 2LZ,530785,182197
WC1N 2NA,530827,181980
WC1N 2NB,530829,181965
WC1N 2NE,530835,181948
WC1N 2NP,530785,181989
WC1N 2NR,530781,182002
WC1N 2NS,530819,181993
WC1N 2NT,530816,182010
WC1N 2NU,530504,182455
WC1N 2NW,530772,182019
WC1N 2NX,530788,182024
WC1N 2NY,530464,182403
WC1N 2NZ,530816,182010
WC1N 2PA,530789,182064
WC1N 2PB,530769,182111
WC1N 2PF,530709,182167
WC1N 2PG,530719,182180
WC1N 2PH,530778,182129
WC1N 2PL,530754,182178
WC1N 2PN,530773,182146
WC1N 2QA,530464,182403
WC1N 2QL,530827,181980
WC1N 2WB,530283,181380
WC1N 2WH,530283,181380
WC1N 2WS,530283,181380
WC1N 3AA,530452,181806
WC1N 3AB,530479,181798
WC1N 3AD,530438,181786
WC1N 3AE,530458,181761
WC1N 3AF,530387,181874
WC1N 3AH,530364,181896
WC1N 3AJ,530416,181894
WC1N 3AL,530412,181869
WC1N 3AN,530384,181876
WC1N 3AP,530336,181920
WC1N 3AQ,530406,181888
WC1N 3AR,530317,181980
WC1N 3AS,530396,181861
WC1N 3AT,530321,181947
WC1N 3AU,530343,181944
WC1N 3AX,530380,181857
WC1N 3AY,530310,182056
WC1N 3AZ,530291,182027
WC1N 3BA,530329,182069
WC1N 3BB,530329,182069
WC1N 3BD,530649,181917
WC1N 3BG,530375,182032
WC1N 3BH,530441,181919
WC1N 3BP,530449,181857
WC1N 3BT,530454,181847
WC1N 3BW,530464,181879
WC1N 3DA,530770,181927
WC1N 3DB,530776,181914
WC1N 3DF,530768,181934
WC1N 3DH,530761,181954
WC1N 3DN,530752,181976
WC1N 3DP,530747,181988
WC1N 3EA,530740,182016
WC1N 3EB,530736,182047
WC1N 3EE,530686,182168
WC1N 3EF,530679,182186
WC1N 3EG,530674,182196
WC1N 3EH,530653,182187
WC1N 3EN,530662,182151
WC1N 3EP,530679,182116
WC1N 3EQ,530712,182103
WC1N 3ER,530698,182065
WC1N 3ES,530718,181985
WC1N 3EW,530697,182142
WC1N 3EY,530726,181965
WC1N 3HA,530730,181953
WC1N 3HB,530741,181924
WC1N 3HG,530738,181930
WC1N 3HR,530432,181986
WC1N 3HS,530499,181983
WC1N 3HT,530433,182015
WC1N 3HZ,530516,181989
WC1N 3JB,530583,182028
WC1N 3JE,530533,182041
WC1N 3JH,530533,182041
WC1N 3JJ,530516,181989
WC1N 3JL,530556,182014
WC1N 3JP,530551,181952
WC1N 3JQ,530490,181976
WC1N 3JT,530494,181918
WC1N 3JW,530598,181977
WC1N 3JX,530510,181971
WC1N 3JZ,530454,181906
WC1N 3LA,530699,181925
WC1N 3LB,530665,181965
WC1N 3LD,530670,181949
WC1N 3LE,530683,181920
WC1N 3LH,530654,181986
WC1N 3LJ,530665,181965
WC1N 3LL,530649,181998
WC1N 3LN,530624,182076
WC1N 3LP,530614,182092
WC1N 3LQ,530614,182092
WC1N 3LR,530614,182092
WC1N 3LS,530628,182138
WC1N 3LT,530614,182092
WC1N 3LU,530646,182115
WC1N 3LW,530636,182028
WC1N 3LX,530612,182134
WC1N 3LZ,530598,182132
WC1N 3NA,530629,182047
WC1N 3NB,530613,182019
WC1N 3NF,530598,182014
WC1N 3NG,530629,181972
WC1N 3NH,530625,181986
WC1N 3NN,530533,182041
WC1N 3NR,530710,181890
WC1N 3NW,530665,181965
WC1N 3PA,530605,181892
WC1N 3PB,530623,181912
WC1N 3PD,530623,181937
WC1N 3PE,530609,181906
WC1N 3PF,530579,181919
WC1N 3PG,530575,181880
WC1N 3PH,530519,181854
WC1N 3PJ,530507,181879
WC1N 3PP,530283,181380
WC1N 3PR,530478,181851
WC1N 3PS,530487,181890
WC1N 3PX,530464,181879
WC1N 3PZ,530497,181825
WC1N 3QA,530711,181958
WC1N 3QH,530688,181997
WC1N 3QL,530697,181941
WC1N 3QN,530690,181957
WC1N 3QS,530682,181977
WC1N 3QT,530679,182006
WC1N 3QU,530708,182042
WC1N 3QW,530665,181965
WC1N 3QZ,530682,182033
WC1N 3RA,530661,182068
WC1N 3RB,530656,182093
WC1N 3RD,530587,182065
WC1N 3RX,530329,182069
WC1N 3WA,530283,181380
WC1N 3WH,530283,181380
WC1N 3WT,530283,181380
WC1N 3WY,530283,181380
WC1R 4AA,530529,181602
WC1R 4AB,530556,181576
WC1R 4AJ,530743,181664
WC1R 4AP,530662,181654
WC1R 4AQ,530736,181659
WC1R 4AT,530701,181678
WC1R 4AU,530693,181666
WC1R 4AX,530736,181761
WC1R 4AY,530766,181757
WC1R 4AZ,530839,181770
WC1R 4BB,530702,181764
WC1R 4BD,530716,181744
WC1R 4BE,530686,181757
WC1R 4BF,530868,181762
WC1R 4BG,530680,181723
WC1R 4BH,530742,181823
WC1R 4BL,530662,181654
WC1R 4BN,530839,181800
WC1R 4BS,530848,181746
WC1R 4BU,530862,181738
WC1R 4BW,530826,181861
WC1R 4BX,530841,181763
WC1R 4BZ,530874,181717
WC1R 4DF,530283,181380
WC1R 4EB,530800,181859
WC1R 4ED,530835,181814
WC1R 4EE,530835,181814
WC1R 4EF,530814,181824
WC1R 4EG,530811,181831
WC1R 4EH,530789,181877
WC1R 4EQ,530808,181839
WC1R 4FS,530693,181666
WC1R 4GB,530745,181618
WC1R 4HD,530749,181851
WC1R 4HE,530764,181837
WC1R 4HQ,530614,181768
WC1R 4JH,530792,181761
WC1R 4JS,530800,181859
WC1R 4LL,530815,181706
WC1R 4LN,530833,181684
WC1R 4LP,530826,181861
WC1R 4LR,530852,181660
WC1R 4NA,530752,181631
WC1R 4NY,530724,181650
WC1R 4PA,530734,181687
WC1R 4PD,530725,181722
WC1R 4PF,530702,181789
WC1R 4PJ,530761,181695
WC1R 4PN,530717,181830
WC1R 4PQ,530761,181695
WC1R 4PS,530744,181736
WC1R 4PZ,530765,181733
WC1R 4QA,530535,181610
WC1R 4QD,530622,181651
WC1R 4QF,530637,181676
WC1R 4QG,530597,181634
WC1R 4QH,530666,181692
WC1R 4QJ,530637,181676
WC1R 4QR,530834,181832
WC1R 4QS,530658,181688
WC1R 4QT,530653,181685
WC1R 4RA,530671,181696
WC1R 4RB,530583,181746
WC1R 4RE,530659,181762
WC1R 4RG,530691,181801
WC1R 4RH,530681,181807
WC1R 4RJ,530683,181810
WC1R 4RL,530650,181775
WC1R 4SE,530669,181748
WC1R 4SG,530559,181733
WC1R 4TA,530717,181740
WC1R 4TD,530717,181740
WC1R 4TF,530862,181738
WC1R 4TH,530721,181682
WC1R 4TQ,530789,181877
WC1R 4WA,530283,181380
WC1R 4WB,530283,181380
WC1R 4WY,530283,181380
WC1R 5AA,530999,181743
WC1R 5AH,530990,181781
WC1R 5AT,530903,181772
WC1R 5AX,530993,181821
WC1R 5AZ,531008,181826
WC1R 5BB,530983,181704
WC1R 5BH,530867,181869
WC1R 5BN,530894,181797
WC1R 5BP,530888,181814
WC1R 5BQ,530903,181772
WC1R 5DD,530888,181814
WC1R 5DH,530957,181651
WC1R 5DJ,530946,181676
WC1R 5DX,530944,181695
WC1R 5EF,530992,181709
WC1R 5EP,530992,181709
WC1R 5ET,531066,181732
WC1R 5EU,531011,181710
WC1R 5EY,531011,181711
WC1R 5HH,531011,181710
WC1R 5HP,531062,181676
WC1R 5HT,531062,181676
WC1R 5JA,531051,181641
WC1R 5JD,531053,181806
WC1R 5JF,531029,181830
WC1R 5JH,531004,181753
WC1R 5JJ,531011,181710
WC1R 5JP,531059,181787
WC1R 5JQ,531018,181828
WC1R 5JR,531064,181775
WC1R 5JT,531029,181830
WC1R 5LN,530989,181952
WC1R 5LP,530989,181927
WC1R 5LQ,531003,181889
WC1R 5LR,531009,181873
WC1R 5LW,530997,181912
WC1R 5NR,530860,181883
WC1R 5NT,531003,181889
WC1R 5WZ,530283,181380
WC1V 6AA,530962,181632
WC1V 6AE,530980,181639
WC1V 6AL,530809,181632
WC1V 6AN,530809,181632
WC1V 6AT,531021,181647
WC1V 6AX,530996,181641
WC1V 6AY,530995,181679
WC1V 6AZ,531012,181647
WC1V 6BA,530809,181632
WC1V 6BH,530678,181587
WC1V 6BN,531035,181648
WC1V 6BP,531066,181642
WC1V 6BS,531051,181641
WC1V 6BX,531066,181642
WC1V 6BZ,531066,181642
WC1V 6DA,530809,181632
WC1V 6DF,530709,181602
WC1V 6DR,531096,181642
WC1V 6DT,530864,181612
WC1V 6DW,530576,181576
WC1V 6DX,530864,181612
WC1V 6EA,530809,181632
WC1V 6ED,530809,181632
WC1V 6EP,530893,181619
WC1V 6ER,530893,181619
WC1V 6EU,530576,181576
WC1V 6HG,530969,181671
WC1V 6HR,530962,181690
WC1V 6HU,530995,181679
WC1V 6HZ,530990,181698
WC1V 6JF,530852,181660
WC1V 6JJ,530551,181557
WC1V 6JQ,530551,181557
WC1V 6JS,530559,181557
WC1V 6LF,530629,181607
WC1V 6LJ,530678,181587
WC1V 6LR,530751,181590
WC1V 6LS,530737,181585
WC1V 6NG,530709,181602
WC1V 6NP,530919,181631
WC1V 6NT,530962,181632
WC1V 6NU,530611,181592
WC1V 6NX,530611,181592
WC1V 6NY,530565,181632
WC1V 6NZ,530597,181634
WC1V 6PA,530164,181359
WC1V 6PB,530312,181387
WC1V 6PG,530576,181576
WC1V 6PH,530292,181457
WC1V 6PJ,530292,181457
WC1V 6PL,530339,181518
WC1V 6PN,530384,181517
WC1V 6PQ,530424,181526
WC1V 6PS,530397,181523
WC1V 6PW,530339,181518
WC1V 6PX,530384,181517
WC1V 6QL,530462,181543
WC1V 6QS,530809,181632
WC1V 6QT,530809,181632
WC1V 6RB,530878,181618
WC1V 6RD,530535,181553
WC1V 6RL,530878,181618
WC1V 6RQ,530878,181618
WC1V 6RR,530878,181618
WC1V 6RS,530893,181619
WC1V 6RZ,530853,181632
WC1V 6TD,530809,181632
WC1V 6TH,530809,181632
WC1V 6TP,530809,181632
WC1V 6WX,530283,181380
WC1V 6WY,530283,181380
WC1V 6XX,530678,181587
WC1V 7AA,530178,181311
WC1V 7AB,530283,181380
WC1V 7AP,530312,181387
WC1V 7BB,530396,181474
WC1V 7BD,530365,181461
WC1V 7BF,530462,181488
WC1V 7BG,530365,181461
WC1V 7BH,530465,181466
WC1V 7BN,531013,181593
WC1V 7BW,530424,181489
WC1V 7BX,530283,181380
WC1V 7DA,530558,181516
WC1V 7DE,530558,181516
WC1V 7DL,530449,181493
WC1V 7DN,530595,181519
WC1V 7DX,530600,181506
WC1V 7DZ,530626,181511
WC1V 7EE,530788,181561
WC1V 7EG,530558,181516
WC1V 7EJ,530764,181535
WC1V 7EN,530686,181524
WC1V 7EP,530436,181486
WC1V 7EU,530449,181493
WC1V 7EW,530607,181525
WC1V 7EX,530626,181511
WC1V 7EY,530740,181549
WC1V 7EZ,530740,181549
WC1V 7HD,530449,181493
WC1V 7HF,530857,181565
WC1V 7HH,530848,181559
WC1V 7HJ,530857,181565
WC1V 7HP,530857,181565
WC1V 7HZ,530875,181566
WC1V 7JH,530906,181574
WC1V 7JS,530933,181590
WC1V 7JU,530855,181548
WC1V 7JY,530933,181590
WC1V 7JZ,530933,181590
WC1V 7LE,530595,181519
WC1V 7LL,530948,181591
WC1V 7LN,530948,181591
WC1V 7LU,530961,181597
WC1V 7NA,530740,181549
WC1V 7NE,530788,181561
WC1V 7PA,531084,181584
WC1V 7PB,531056,181591
WC1V 7PE,531084,181584
WC1V 7PN,531084,181584
WC1V 7PP,531084,181584
WC1V 7PS,530283,181380
WC1V 7PU,531049,181594
WC1V 7PX,531132,181585
WC1V 7PZ,531128,181575
WC1V 7QA,531084,181584
WC1V 7QB,531084,181584
WC1V 7QD,531084,181584
WC1V 7QH,531167,181550
WC1V 7QJ,531133,181565
WC1V 7QR,530906,181574
WC1V 7QT,531084,181584
WC1V 7QU,531164,181585
WC1V 7QX,530283,181380
WC1V 7RL,530283,181380
WC1V 7RN,530462,181488
WC1V 7WE,530283,181380
WC1V 7WX,530283,181380
WC1V 7YP,530283,181380
WC1X 0AA,531092,182226
WC1X 0AD,531092,182226
WC1X 0AE,531065,182190
WC1X 0AG,531033,182095
WC1X 0AH,531047,182154
WC1X 0AL,530998,182039
WC1X 0AN,531015,182088
WC1X 0AP,530283,181380
WC1X 0AR,531126,182279
WC1X 0AS,531112,182248
WC1X 0AU,530967,182108
WC1X 0AW,530994,182082
WC1X 0AX,531092,182226
WC1X 0AY,531052,182172
WC1X 0AZ,530975,182111
WC1X 0BA,530992,182118
WC1X 0BD,530998,182124
WC1X 0BG,531008,182108
WC1X 0BH,530975,182081
WC1X 0BJ,530968,182141
WC1X 0BL,530950,182096
WC1X 0BQ,530937,182117
WC1X 0BZ,530833,182374
WC1X 0DA,530931,182335
WC1X 0DD,530944,182280
WC1X 0DE,530855,182379
WC1X 0DG,531070,182310
WC1X 0DH,530913,182315
WC1X 0DL,530944,182280
WC1X 0DS,531130,182507
WC1X 0DT,531101,182501
WC1X 0DU,530283,181380
WC1X 0DW,531131,182458
WC1X 0DX,531080,182517
WC1X 0EB,531112,182549
WC1X 0ED,531108,182553
WC1X 0EG,531151,182596
WC1X 0EH,531185,182628
WC1X 0EJ,531185,182628
WC1X 0ER,531235,182582
WC1X 0ES,531204,182522
WC1X 0ET,531141,182517
WC1X 0EX,531181,182477
WC1X 0GB,531162,182730
WC1X 0GD,531162,182730
WC1X 0HA,530814,182363
WC1X 0HB,530859,182407
WC1X 0HD,530826,182451
WC1X 0HE,530803,182351
WC1X 0HF,530869,182464
WC1X 0HG,530916,182463
WC1X 0HH,530941,182473
WC1X 0HP,531011,182543
WC1X 0HR,531035,182559
WC1X 0HS,531057,182580
WC1X 0HT,531066,182620
WC1X 0HU,531107,182621
WC1X 0HX,531128,182642
WC1X 0HZ,531111,182682
WC1X 0JG,531161,182663
WC1X 0JH,531140,182609
WC1X 0JJ,531162,182730
WC1X 0JL,531078,182548
WC1X 0JN,531162,182730
WC1X 0JP,530832,182329
WC1X 0JS,530844,182303
WC1X 0JX,530882,182383
WC1X 0JZ,530898,182359
WC1X 0LA,530899,182422
WC1X 0LB,530855,182511
WC1X 0LG,530895,182502
WC1X 0LJ,530880,182538
WC1X 0LN,530829,182540
WC1X 0LQ,530887,182578
WC1X 0LR,530817,182585
WC1X 0LS,530785,182673
WC1X 0LT,530717,182625
WC1X 0LX,530665,182634
WC1X 0LZ,530699,182670
WC1X 0NB,530652,182660
WC1X 0ND,530702,182709
WC1X 0NF,530729,182686
WC1X 0NG,530789,182714
WC1X 0PA,530761,182566
WC1X 0PB,530737,182592
WC1X 0PE,530788,182570
WC1X 0PF,530770,182612
WC1X 0PG,530735,182660
WC1X 0PQ,530729,182660
WC1X 0WZ,530283,181380
WC1X 8AA,531037,181918
WC1X 8AD,531031,181927
WC1X 8AJ,531028,181941
WC1X 8AL,531023,181949
WC1X 8AQ,531082,181826
WC1X 8AS,530998,181998
WC1X 8AX,530982,182027
WC1X 8AZ,530998,182021
WC1X 8BA,530980,182038
WC1X 8BB,530389,182982
WC1X 8BE,530464,182944
WC1X 8BF,530383,182983
WC1X 8BG,530525,182874
WC1X 8BH,530491,182936
WC1X 8BP,530496,182894
WC1X 8BT,531055,181864
WC1X 8BU,530551,182791
WC1X 8BX,530510,182873
WC1X 8BZ,530551,182791
WC1X 8DA,530562,182803
WC1X 8DP,530584,182725
WC1X 8DU,530612,182706
WC1X 8DX,530612,182680
WC1X 8EB,530627,182634
WC1X 8ED,530975,182052
WC1X 8EE,530547,182832
WC1X 8EH,530963,182072
WC1X 8EJ,530956,182084
WC1X 8EL,530950,182096
WC1X 8ER,530937,182117
WC1X 8ES,530929,182139
WC1X 8EU,530977,182039
WC1X 8EW,530931,182133
WC1X 8HB,530883,182219
WC1X 8HF,530931,182188
WC1X 8HG,531148,181654
WC1X 8HN,531135,181691
WC1X 8HP,531124,181715
WC1X 8HR,531120,181725
WC1X 8JF,530283,181380
WC1X 8JP,531112,181752
WC1X 8JR,530795,182325
WC1X 8JT,530746,182386
WC1X 8JX,530745,182415
WC1X 8JY,530745,182415
WC1X 8JZ,530745,182415
WC1X 8LD,530723,182449
WC1X 8LH,530657,182559
WC1X 8LP,531102,181774
WC1X 8LR,531106,181763
WC1X 8LS,531091,181796
WC1X 8LT,531089,181801
WC1X 8LU,531082,181826
WC1X 8LZ,531109,181845
WC1X 8NH,531055,181864
WC1X 8NL,530665,181867
WC1X 8NS,530665,181867
WC1X 8NW,530804,181915
WC1X 8NX,530853,181935
WC1X 8PA,530827,181934
WC1X 8PF,530907,181957
WC1X 8PG,530963,181986
WC1X 8PH,531096,181642
WC1X 8PL,530927,181963
WC1X 8PN,530954,181975
WC1X 8PP,530941,182033
WC1X 8PQ,530961,181993
WC1X 8PR,530957,182004
WC1X 8PS,530943,182025
WC1X 8PX,530394,182943
WC1X 8QB,530489,182818
WC1X 8QD,530474,182854
WC1X 8QF,530474,182849
WC1X 8QH,530468,182863
WC1X 8QJ,530467,182869
WC1X 8QL,530459,182876
WC1X 8QN,530469,182858
WC1X 8QP,530451,182890
WC1X 8QR,530451,182890
WC1X 8QS,530445,182904
WC1X 8QT,530509,182781
WC1X 8QY,530533,182740
WC1X 8QZ,530526,182746
WC1X 8RA,530598,182565
WC1X 8RB,530557,182706
WC1X 8RH,530586,182615
WC1X 8RW,530665,181867
WC1X 8RX,530531,181798
WC1X 8SF,530752,181889
WC1X 8SH,530815,181882
WC1X 8SL,530726,181840
WC1X 8SP,530658,181806
WC1X 8TA,530570,181758
WC1X 8TG,530665,181867
WC1X 8TH,530927,182072
WC1X 8TL,530925,182078
WC1X 8TN,530504,181757
WC1X 8TP,530909,182103
WC1X 8TQ,530842,182215
WC1X 8TR,530912,182099
WC1X 8TS,530907,182109
WC1X 8TT,530903,182121
WC1X 8TU,530811,182255
WC1X 8TX,530872,182167
WC1X 8TY,530866,182179
WC1X 8TZ,530855,182196
WC1X 8UB,530756,182324
WC1X 8UE,530712,182375
WC1X 8UL,530674,182452
WC1X 8UU,530283,181380
WC1X 8UW,530623,182529
WC1X 8WA,530665,181867
WC1X 8WB,530583,181838
WC1X 8WD,530821,182231
WC1X 8WN,530283,181380
WC1X 8WQ,529554,181451
WC1X 8WS,531135,181691
WC1X 8WW,530283,181380
WC1X 8XA,530283,181380
WC1X 8XE,530283,181380
WC1X 8XG,530793,182343
WC1X 8XZ,530931,182188
WC1X 8YA,530283,181380
WC1X 8YJ,530283,181380
WC1X 9AA,530980,182578
WC1X 9AB,531032,182685
WC1X 9AD,531055,182746
WC1X 9AE,530960,182591
WC1X 9AF,531025,182824
WC1X 9AG,531002,182806
WC1X 9AJ,531067,182800
WC1X 9AN,531085,182845
WC1X 9AP,531113,182847
WC1X 9AR,531144,182804
WC1X 9AT,531165,182817
WC1X 9AW,531157,182813
WC1X 9AX,531165,182817
WC1X 9AZ,531159,182780
WC1X 9BA,531120,182746
WC1X 9BD,531075,182691
WC1X 9BG,531043,182645
WC1X 9BH,531019,182593
WC1X 9BJ,530777,182861
WC1X 9BN,530720,182908
WC1X 9BP,530686,182918
WC1X 9BS,530669,182910
WC1X 9BT,530283,181380
WC1X 9BZ,530612,182961
WC1X 9DA,530564,182964
WC1X 9DB,530569,182983
WC1X 9DE,530590,182999
WC1X 9DF,530639,182994
WC1X 9DG,530589,182944
WC1X 9DH,530668,182979
WC1X 9DJ,530704,182987
WC1X 9DN,530528,182989
WC1X 9DS,530755,182945
WC1X 9DT,530814,182865
WC1X 9DU,530691,182969
WC1X 9EA,530815,182961
WC1X 9EB,530814,182981
WC1X 9ED,530801,183017
WC1X 9EE,530885,182867
WC1X 9EF,530831,183029
WC1X 9EG,530852,183024
WC1X 9EH,530925,183034
WC1X 9EN,530877,182989
WC1X 9EP,530838,182901
WC1X 9EQ,530283,181380
WC1X 9ES,530907,182789
WC1X 9ET,530949,182826
WC1X 9EU,530912,182938
WC1X 9EW,530838,182901
WC1X 9EX,530874,182865
WC1X 9EY,530912,182938
WC1X 9EZ,530937,182895
WC1X 9HA,531020,182978
WC1X 9HB,531020,182978
WC1X 9HD,531043,183030
WC1X 9HE,531020,182978
WC1X 9HF,531073,182989
WC1X 9HG,531074,182942
WC1X 9HH,530522,182977
WC1X 9HJ,530589,182944
WC1X 9HL,530544,182930
WC1X 9HR,530568,182906
WC1X 9HS,530631,182961
WC1X 9HT,530607,182948
WC1X 9HW,531051,182997
WC1X 9HX,530950,182516
WC1X 9HY,530568,182906
WC1X 9HZ,530649,182951
WC1X 9JD,530615,182921
WC1X 9JE,530686,182943
WC1X 9JF,530568,182906
WC1X 9JG,530574,182888
WC1X 9JH,530531,182887
WC1X 9JN,530618,182873
WC1X 9JS,530651,182894
WC1X 9JT,530702,182921
WC1X 9JX,530733,182867
WC1X 9JY,530542,182849
WC1X 9LE,530701,182884
WC1X 9LF,530714,182880
WC1X 9LG,530735,182887
WC1X 9LJ,530741,182898
WC1X 9LN,530851,182613
WC1X 9LP,530802,182703
WC1X 9LQ,530735,182887
WC1X 9LR,530790,182761
WC1X 9LS,530786,182765
WC1X 9LT,530781,182768
WC1X 9LW,530838,182623
WC1X 9LX,530733,182750
WC1X 9LZ,530662,182725
WC1X 9NA,530770,182796
WC1X 9NB,530636,182747
WC1X 9ND,530717,182777
WC1X 9NE,530705,182771
WC1X 9NF,530695,182769
WC1X 9NG,530755,182798
WC1X 9NH,530785,182821
WC1X 9NL,530750,182815
WC1X 9NP,530686,182793
WC1X 9NR,530283,181380
WC1X 9NT,530640,182777
WC1X 9NW,530704,182790
WC1X 9NX,530740,182846
WC1X 9PA,530884,182683
WC1X 9PD,530929,182620
WC1X 9PF,530991,182693
WC1X 9PG,530958,182718
WC1X 9PH,531007,182717
WC1X 9PJ,531014,182744
WC1X 9PN,531007,182779
WC1X 9PP,530993,182807
WC1X 9PR,530966,182781
WC1X 9PT,530947,182748
WC1X 9PX,530869,182712
WC1X 9QA,530962,182551
WC1X 9QE,530863,182647
WC1X 9QG,530833,182716
WC1X 9QP,530981,182842
WC1X 9QQ,531134,182831
WC1X 9QR,531043,182866
WC1X 9QT,531101,182877
WC1X 9QU,531126,182898
WC1X 9QW,530853,182794
WC1X 9QX,531115,182924
WC1X 9QZ,531084,182921
WC1X 9RA,531051,182904
WC1X 9RD,530987,182882
WC1X 9SQ,530283,181380
WC1X 9WL,530283,181380
WC1X 9WS,530283,181380
WC1X 9XT,530283,181380
WC2A 1AA,530967,181567
WC2A 1AD,530959,181588
WC2A 1AE,531069,181366
WC2A 1AF,530993,181574
WC2A 1AH,531084,181584
WC2A 1AL,531115,181482
WC2A 1AN,531084,181584
WC2A 1AP,531057,181567
WC2A 1AX,530283,181380
WC2A 1BP,531084,181584
WC2A 1BQ,531078,181351
WC2A 1DD,531078,181351
WC2A 1DE,531084,181337
WC2A 1DL,531084,181337
WC2A 1DT,531098,181304
WC2A 1DU,531098,181304
WC2A 1EB,531078,181351
WC2A 1EG,531078,181351
WC2A 1EL,531131,181400
WC2A 1EN,531123,181374
WC2A 1ET,531091,181331
WC2A 1EU,531092,181323
WC2A 1HL,531067,181475
WC2A 1HP,531105,181449
WC2A 1HR,531115,181482
WC2A 1JA,531093,181419
WC2A 1JB,531082,181437
WC2A 1JE,531077,181445
WC2A 1JF,531075,181462
WC2A 1JQ,531093,181419
WC2A 1LA,531154,181311
WC2A 1LB,531146,181340
WC2A 1LF,531180,181148
WC2A 1LG,531180,181188
WC2A 1LR,531159,181254
WC2A 1LS,531146,181340
WC2A 1NF,531146,181340
WC2A 1PB,531084,181584
WC2A 1PF,531146,181340
WC2A 1PL,531113,181248
WC2A 1PN,531084,181584
WC2A 1PP,531126,181188
WC2A 1PQ,531084,181584
WC2A 1PR,531126,181209
WC2A 1PT,531148,181170
WC2A 1PU,531148,181170
WC2A 1QB,531084,181584
WC2A 1QS,531031,181528
WC2A 1QT,531031,181528
WC2A 1QU,531031,181528
WC2A 1QY,531031,181528
WC2A 1RF,531077,181445
WC2A 1RH,531077,181445
WC2A 1RP,531031,181528
WC2A 1RS,531130,181195
WC2A 1WD,530283,181380
WC2A 1WT,530283,181380
WC2A 1WU,530283,181380
WC2A 1WZ,530283,181380
WC2A 2AB,530809,181172
WC2A 2AD,530763,181089
WC2A 2AE,530778,181130
WC2A 2AG,530827,181141
WC2A 2AZ,530918,181079
WC2A 2ES,530734,181244
WC2A 2HA,530744,181213
WC2A 2HB,530747,181188
WC2A 2HD,530850,181204
WC2A 2HE,530762,181216
WC2A 2HF,530750,181208
WC2A 2HJ,530790,181203
WC2A 2HT,530687,181201
WC2A 2HX,530903,181246
WC2A 2JB,531034,181262
WC2A 2JD,531044,181276
WC2A 2JE,530903,181246
WC2A 2JF,531053,181270
WC2A 2JL,531078,181351
WC2A 2JQ,530903,181246
WC2A 2JR,531122,181171
WC2A 2LL,530985,181155
WC2A 2LS,530903,181246
WC2A 3AA,530654,181448
WC2A 3BH,530653,181302
WC2A 3BP,530690,181462
WC2A 3ED,530751,181491
WC2A 3EE,530831,181511
WC2A 3EG,530797,181498
WC2A 3HP,530613,181491
WC2A 3JA,530616,181438
WC2A 3JB,530620,181427
WC2A 3JF,530612,181443
WC2A 3JW,530630,181344
WC2A 3JX,530629,181378
WC2A 3LH,530608,181403
WC2A 3LJ,530653,181302
WC2A 3LN,530653,181302
WC2A 3LY,530698,181237
WC2A 3LZ,530698,181237
WC2A 3NA,530653,181302
WC2A 3NN,530996,181498
WC2A 3PD,530857,181536
WC2A 3PE,530832,181278
WC2A 3PF,530729,181248
WC2A 3PH,530899,181315
WC2A 3PP,530832,181278
WC2A 3PT,530283,181380
WC2A 3PX,530283,181380
WC2A 3PZ,530928,181349
WC2A 3QA,530932,181345
WC2A 3QB,530936,181333
WC2A 3QD,530944,181315
WC2A 3QG,530944,181315
WC2A 3QH,530954,181293
WC2A 3QN,530954,181293
WC2A 3QP,530963,181273
WC2A 3QQ,531055,181282
WC2A 3QS,530973,181254
WC2A 3RD,530698,181237
WC2A 3RJ,531018,181266
WC2A 3RS,531055,181282
WC2A 3SA,531035,181324
WC2A 3SB,531069,181366
WC2A 3SP,530983,181436
WC2A 3SR,530983,181436
WC2A 3SU,530983,181436
WC2A 3SW,531015,181367
WC2A 3SZ,530966,181474
WC2A 3TA,530996,181498
WC2A 3TD,530987,181531
WC2A 3TG,530976,181553
WC2A 3TH,530933,181553
WC2A 3TL,530927,181408
WC2A 3TN,530927,181408
WC2A 3TP,530932,181345
WC2A 3TS,531013,181475
WC2A 3TX,531013,181475
WC2A 3UA,531039,181459
WC2A 3UE,531039,181459
WC2A 3UJ,531069,181366
WC2A 3UP,531053,181374
WC2A 3UT,531066,181416
WC2A 3WG,530283,181380
WC2A 3WX,530283,181380
WC2A 3WY,530283,181380
WC2A 3WZ,530283,181380
WC2A 3XB,530933,181553
WC2A 3XL,530939,181538
WC2A 3XT,530955,181505
WC2B 4AA,530570,181170
WC2B 4AB,530558,181151
WC2B 4AE,530736,181098
WC2B 4AF,530545,181132
WC2B 4AG,530536,181121
WC2B 4AH,530517,181133
WC2B 4AN,530571,181091
WC2B 4AS,530681,181092
WC2B 4AT,530636,181077
WC2B 4AU,530526,181293
WC2B 4AW,530571,181091
WC2B 4AX,530657,181049
WC2B 4AY,530628,181092
WC2B 4AZ,530620,181115
WC2B 4BA,530540,181228
WC2B 4BD,530488,181148
WC2B 4BJ,530485,181174
WC2B 4BQ,530470,181158
WC2B 4BS,530529,181186
WC2B 4BW,530507,181191
WC2B 4BX,530551,181182
WC2B 4BZ,530598,180898
WC2B 4DD,530598,180978
WC2B 4DE,530283,181380
WC2B 4DF,530635,181031
WC2B 4DG,530598,180978
WC2B 4DN,530598,180978
WC2B 4DR,530598,180978
WC2B 4DS,530763,181089
WC2B 4DW,530598,180978
WC2B 4EJ,530283,181380
WC2B 4EZ,530697,180998
WC2B 4HN,530830,181097
WC2B 4HP,530283,181380
WC2B 4HQ,530830,181097
WC2B 4JF,530877,181071
WC2B 4JN,530877,181071
WC2B 4LA,530853,181015
WC2B 4LD,530598,180898
WC2B 4LG,530853,181015
WC2B 4LL,530806,181015
WC2B 4LU,530853,181015
WC2B 4NA,530679,180971
WC2B 4PA,530757,180975
WC2B 4PE,530757,180975
WC2B 4PH,530283,181380
WC2B 4PJ,530757,180975
WC2B 4PX,530757,180975
WC2B 4RD,530711,180941
WC2B 4RL,530468,181198
WC2B 4RP,530830,181097
WC2B 4RR,530793,181084
WC2B 4TS,530571,181091
WC2B 4WW,530283,181380
WC2B 5AA,530416,181251
WC2B 5AD,530398,181227
WC2B 5AE,530436,181279
WC2B 5AG,530436,181279
WC2B 5AX,530551,181335
WC2B 5AY,530548,181361
WC2B 5AZ,530469,181255
WC2B 5BA,530469,181255
WC2B 5BB,530449,181298
WC2B 5BD,530466,181324
WC2B 5BE,530466,181324
WC2B 5BF,530466,181324
WC2B 5BH,530468,181313
WC2B 5BL,530450,181310
WC2B 5BX,530546,181340
WC2B 5BZ,530469,181255
WC2B 5DA,530499,181301
WC2B 5DD,530498,181361
WC2B 5DG,530521,181370
WC2B 5DH,530521,181370
WC2B 5DJ,530534,181388
WC2B 5EF,530437,181386
WC2B 5EG,530421,181431
WC2B 5EL,530438,181476
WC2B 5EN,530465,181466
WC2B 5EP,530481,181431
WC2B 5ER,530465,181466
WC2B 5ES,530466,181408
WC2B 5EU,530441,181103
WC2B 5EX,530482,181099
WC2B 5EY,530410,181121
WC2B 5EZ,530483,181051
WC2B 5HA,530516,181082
WC2B 5HF,530470,180995
WC2B 5HH,530502,181050
WC2B 5HP,530327,180975
WC2B 5HZ,530448,180937
WC2B 5JD,530495,180975
WC2B 5JE,530283,181380
WC2B 5JF,530537,181016
WC2B 5JJ,530551,180984
WC2B 5JS,530518,180960
WC2B 5JT,530502,180976
WC2B 5JW,530551,180984
WC2B 5JY,530551,180984
WC2B 5JZ,530589,180920
WC2B 5LA,530576,180918
WC2B 5LB,530295,181353
WC2B 5LE,530389,181431
WC2B 5LF,530295,181353
WC2B 5LH,530283,181380
WC2B 5LL,530382,181414
WC2B 5LQ,530306,181333
WC2B 5LR,530377,181392
WC2B 5LT,530411,181401
WC2B 5LW,530357,181384
WC2B 5LX,530411,181401
WC2B 5NA,530415,181368
WC2B 5NB,530388,181341
WC2B 5ND,530353,181282
WC2B 5NE,530331,181329
WC2B 5NF,530372,181318
WC2B 5NG,530360,181346
WC2B 5NH,530331,181329
WC2B 5NJ,530374,181372
WC2B 5NN,530386,181377
WC2B 5NR,530359,181355
WC2B 5NT,530397,181298
WC2B 5PA,530430,181354
WC2B 5PD,530353,181282
WC2B 5PF,530353,181282
WC2B 5PG,530353,181282
WC2B 5PH,530407,181270
WC2B 5PJ,530430,181354
WC2B 5PL,530353,181282
WC2B 5PN,530389,181243
WC2B 5PP,530306,181333
WC2B 5PQ,530453,181327
WC2B 5PR,530295,181353
WC2B 5PS,530494,181404
WC2B 5PT,530512,181425
WC2B 5PY,530381,181113
WC2B 5PZ,530517,181385
WC2B 5QA,530353,181282
WC2B 5QD,530284,181357
WC2B 5QF,530312,181311
WC2B 5QG,530390,181232
WC2B 5QH,530368,181090
WC2B 5QN,530402,181144
WC2B 5QR,530353,181282
WC2B 5QW,530283,181380
WC2B 5QZ,530410,181121
WC2B 5RB,530282,181304
WC2B 5RE,530259,181321
WC2B 5RG,530465,181310
WC2B 5RH,530324,181234
WC2B 5RL,530340,181224
WC2B 5RP,530411,181401
WC2B 5RR,530379,181196
WC2B 5RT,530417,181157
WC2B 5RX,530436,181142
WC2B 5RZ,530482,181099
WC2B 5SD,530461,181137
WC2B 5SE,530446,181053
WC2B 5SF,530452,181121
WC2B 5SG,530631,181062
WC2B 5SN,530521,181102
WC2B 5SP,530576,181058
WC2B 5SQ,530483,181099
WC2B 5SR,530593,181090
WC2B 5SS,530573,181063
WC2B 5ST,530593,181090
WC2B 5SU,530611,181081
WC2B 5SY,530283,181380
WC2B 5SZ,530372,181318
WC2B 5TA,530455,181187
WC2B 5TB,530455,181187
WC2B 5TD,530428,181196
WC2B 5UE,530283,181380
WC2B 5UN,530283,181380
WC2B 5WE,530283,181380
WC2B 5WL,530283,181380
WC2B 5WN,530283,181380
WC2B 5WY,530283,181380
WC2B 6AA,530553,181488
WC2B 6AE,530555,181472
WC2B 6AF,530540,181518
WC2B 6AG,530557,181467
WC2B 6AH,530581,181474
WC2B 6AQ,530552,181477
WC2B 6BG,530581,181474
WC2B 6DH,530283,181380
WC2B 6DS,530620,181427
WC2B 6DX,530596,181398
WC2B 6EL,530607,181364
WC2B 6EP,530607,181389
WC2B 6EW,530633,181332
WC2B 6EX,530633,181332
WC2B 6EY,530630,181344
WC2B 6HP,530648,181119
WC2B 6JR,530653,181302
WC2B 6LE,530687,181201
WC2B 6LH,530736,181098
WC2B 6NB,530581,181474
WC2B 6NH,530503,181487
WC2B 6NL,530581,181474
WC2B 6NR,530687,181201
WC2B 6PA,530518,181445
WC2B 6PN,530527,181429
WC2B 6PP,530527,181429
WC2B 6QU,530536,181393
WC2B 6QX,530536,181393
WC2B 6QY,530536,181393
WC2B 6SE,530502,181456
WC2B 6SR,530566,181332
WC2B 6ST,530574,181317
WC2B 6TD,530582,181277
WC2B 6TE,530611,181237
WC2B 6TP,530629,181192
WC2B 6UF,530639,181140
WC2B 6UJ,530648,181119
WC2B 6UN,530657,181099
WC2B 6WL,530283,181380
WC2B 6WP,530283,181380
WC2B 6WQ,530283,181380
WC2B 6WR,530283,181380
WC2B 6WS,530283,181380
WC2B 6WU,530283,181380
WC2B 6XD,530663,181061
WC2B 6XE,530681,181092
WC2B 6XF,530667,181073
WC2B 6XG,530667,181073
WC2B 6YF,530648,181119
WC2E 7AA,530368,181090
WC2E 7AB,530351,181072
WC2E 7AE,530636,180747
WC2E 7AH,530358,181069
WC2E 7AT,530456,181047
WC2E 7AU,530467,181005
WC2E 7AW,530368,181090
WC2E 7BB,530470,180917
WC2E 7BD,530505,180956
WC2E 7BN,530473,180945
WC2E 7DA,530520,180876
WC2E 7DB,530520,180876
WC2E 7DD,530549,180913
WC2E 7DL,530456,181047
WC2E 7DN,530558,180873
WC2E 7DS,530432,180813
WC2E 7DT,530534,180878
WC2E 7DU,530589,180914
WC2E 7EA,530645,180813
WC2E 7ED,530652,180694
WC2E 7EE,530636,180747
WC2E 7EG,530652,180694
WC2E 7EL,530652,180694
WC2E 7EN,530636,180747
WC2E 7EP,530636,180747
WC2E 7ER,530652,180694
WC2E 7EW,530636,180747
WC2E 7HA,530432,180813
WC2E 7HE,530394,180774
WC2E 7HF,530420,180759
WC2E 7HG,530415,180764
WC2E 7HT,530636,180747
WC2E 7JA,530388,180798
WC2E 7JB,530283,181380
WC2E 7JS,530305,180760
WC2E 7JT,530287,180734
WC2E 7LB,530335,180774
WC2E 7LH,530359,180783
WC2E 7LJ,530359,180783
WC2E 7LL,530376,180794
WC2E 7LN,530388,180798
WC2E 7NA,530355,180753
WC2E 7NB,530390,180782
WC2E 7ND,530373,180764
WC2E 7NE,530349,180743
WC2E 7NG,530341,180743
WC2E 7NJ,530332,180741
WC2E 7NL,530329,180738
WC2E 7NN,530335,180721
WC2E 7NP,530299,180712
WC2E 7NR,530290,180709
WC2E 7NT,530584,181036
WC2E 7NU,530573,181014
WC2E 7NW,530373,180764
WC2E 7NX,530563,180979
WC2E 7NY,530465,180849
WC2E 7NZ,530465,180849
WC2E 7PA,530533,180944
WC2E 7PB,530549,180922
WC2E 7PG,530402,180829
WC2E 7PH,530520,180876
WC2E 7PN,530636,180747
WC2E 7PP,530432,180813
WC2E 7PR,530470,180917
WC2E 7PS,530523,180931
WC2E 7PW,530465,180849
WC2E 7PX,530512,180864
WC2E 7PZ,530506,180870
WC2E 7QG,530397,180844
WC2E 7QH,530388,180844
WC2E 7RA,530394,180774
WC2E 7RB,530283,181380
WC2E 7RN,530636,180747
WC2E 7RQ,530558,180873
WC2E 7RS,530384,180805
WC2E 7WH,530283,181380
WC2E 7XQ,530283,181380
WC2E 7YB,530283,181380
WC2E 7YT,530283,181380
WC2E 8AA,530438,180924
WC2E 8BD,530292,180917
WC2E 8BE,530351,180907
WC2E 8BG,530351,180907
WC2E 8BH,530327,180975
WC2E 8BT,530295,181012
WC2E 8BU,530290,181029
WC2E 8HA,530307,180932
WC2E 8HB,530351,180907
WC2E 8HD,530351,180907
WC2E 8HH,530284,180869
WC2E 8HN,530251,180845
WC2E 8HR,530237,180833
WC2E 8JB,530212,180851
WC2E 8JD,530225,180863
WC2E 8JF,530227,180823
WC2E 8JG,530229,180882
WC2E 8JS,530257,180894
WC2E 8JT,530249,180892
WC2E 8JY,530265,180921
WC2E 8LH,530311,180770
WC2E 8LT,530354,180822
WC2E 8LU,530354,180822
WC2E 8NA,530281,180799
WC2E 8ND,530260,180786
WC2E 8NL,530313,180827
WC2E 8NS,530268,180993
WC2E 8NT,530281,180986
WC2E 8PA,530295,180956
WC2E 8PP,530362,180833
WC2E 8PS,530354,180822
WC2E 8PT,530347,180797
WC2E 8PU,530347,180797
WC2E 8PW,530328,180782
WC2E 8PY,530319,180773
WC2E 8QG,530298,180760
WC2E 8QH,530280,180759
WC2E 8RA,530351,180907
WC2E 8RB,530351,180907
WC2E 8RD,530351,180907
WC2E 8RE,530351,180907
WC2E 8RF,530351,180907
WC2E 8SB,530227,180871
WC2E 8SD,530277,180865
WC2E 9AA,530155,180964
WC2E 9AB,530125,180975
WC2E 9AD,530086,180923
WC2E 9AR,530136,180826
WC2E 9AU,530133,180829
WC2E 9AX,530098,180844
WC2E 9AY,530124,180817
WC2E 9BA,530108,180884
WC2E 9BD,530101,180874
WC2E 9BF,530165,180815
WC2E 9BH,530160,180848
WC2E 9BJ,530128,180873
WC2E 9BL,530101,180843
WC2E 9BN,530089,180848
WC2E 9BP,530074,180854
WC2E 9BT,530101,180874
WC2E 9BZ,530208,180927
WC2E 9DA,530315,181042
WC2E 9DD,530315,181042
WC2E 9DG,530251,180969
WC2E 9DH,530265,180921
WC2E 9DJ,530225,180941
WC2E 9DP,530197,180910
WC2E 9DS,530213,180890
WC2E 9EA,530125,180885
WC2E 9EB,530180,180857
WC2E 9ED,530239,180791
WC2E 9EH,530239,180791
WC2E 9EJ,530251,180789
WC2E 9EN,530276,180744
WC2E 9EQ,530198,180787
WC2E 9ER,530287,180734
WC2E 9ES,530198,180787
WC2E 9ET,530151,180867
WC2E 9EU,530279,180739
WC2E 9EY,530251,180802
WC2E 9EZ,530140,180886
WC2E 9FA,530378,181133
WC2E 9HA,530305,180688
WC2E 9HD,530303,180647
WC2E 9HE,530239,180743
WC2E 9HG,530303,180647
WC2E 9HH,530303,180647
WC2E 9HJ,530275,180674
WC2E 9HP,530217,180750
WC2E 9HR,530241,180892
WC2E 9HW,530281,180965
WC2E 9HZ,530275,180674
WC2E 9JD,530372,181119
WC2E 9JG,530378,181133
WC2E 9JL,530322,181072
WC2E 9JN,530347,181102
WC2E 9JP,530334,181054
WC2E 9JR,530290,181029
WC2E 9JS,530393,181152
WC2E 9JT,530242,180982
WC2E 9JY,530229,180968
WC2E 9LA,530217,180959
WC2E 9LB,530410,181174
WC2E 9LD,530172,180923
WC2E 9LG,530249,181002
WC2E 9LH,530120,180889
WC2E 9LN,530290,181029
WC2E 9LP,530140,180886
WC2E 9LQ,530265,181007
WC2E 9LT,530217,180959
WC2E 9LU,530203,180705
WC2E 9LY,530181,180935
WC2E 9LZ,530193,180941
WC2E 9NA,530343,181198
WC2E 9NB,530364,181185
WC2E 9NG,530372,181181
WC2E 9NH,530358,181219
WC2E 9NQ,530361,181170
WC2E 9NR,530278,181072
WC2E 9NT,530229,181031
WC2E 9PA,530193,180992
WC2E 9PB,530184,180992
WC2E 9PE,530155,180964
WC2E 9PG,530283,181380
WC2E 9PR,530321,181141
WC2E 9QE,530283,181380
WC2E 9RA,530321,181141
WC2E 9RY,530089,180848
WC2E 9RZ,530321,181141
WC2E 9SB,530128,180873
WC2E 9SS,530251,180789
WC2E 9SX,530351,181106
WC2E 9SZ,530242,180982
WC2E 9TB,530259,180978
WC2E 9TD,530190,180904
WC2E 9TF,530321,181141
WC2E 9WU,530283,181380
WC2E 9WY,530283,181380
WC2E 9YQ,530283,181380
WC2H 0AA,529917,180995
WC2H 0AN,529958,180873
WC2H 0AP,529987,180812
WC2H 0AR,529958,180788
WC2H 0AT,529957,180754
WC2H 0AU,529956,180727
WC2H 0AW,529956,180727
WC2H 0BA,529950,180994
WC2H 0BB,529981,180917
WC2H 0BD,529961,180957
WC2H 0BF,529961,180957
WC2H 0BG,529961,180957
WC2H 0BJ,529981,180917
WC2H 0BL,529981,180917
WC2H 0BN,529961,180957
WC2H 0BP,529961,180957
WC2H 0BS,529988,180862
WC2H 0BT,529981,180917
WC2H 0BU,529981,180917
WC2H 0DA,529988,180786
WC2H 0DB,529991,180765
WC2H 0DE,529993,180769
WC2H 0DG,529990,180761
WC2H 0DH,529990,180761
WC2H 0DP,529889,181072
WC2H 0DT,529869,181110
WC2H 0DU,529853,181139
WC2H 0EA,529786,181232
WC2H 0EB,529838,181184
WC2H 0ED,529960,180670
WC2H 0EH,529824,181278
WC2H 0EP,529959,180676
WC2H 0EQ,529809,181259
WC2H 0ER,529900,180600
WC2H 0ES,529951,180704
WC2H 0ET,529951,180704
WC2H 0EW,529827,181231
WC2H 0HA,529954,180641
WC2H 0HE,529976,180601
WC2H 0HF,529998,180699
WC2H 0HG,529996,180708
WC2H 0HH,530021,180663
WC2H 0HR,529995,180720
WC2H 0HS,529990,180736
WC2H 0HU,529990,180732
WC2H 0HX,529993,180756
WC2H 0HZ,529956,180727
WC2H 0JA,529911,181082
WC2H 0JB,529908,181092
WC2H 0JE,529916,181087
WC2H 0JG,529911,181137
WC2H 0JH,529911,181137
WC2H 0JN,529892,181153
WC2H 0JP,529892,181153
WC2H 0JR,529890,181189
WC2H 0LA,529864,181256
WC2H 0LS,529956,180727
WC2H 0ND,529944,180912
WC2H 0NE,529944,180912
WC2H 0NN,530044,180641
WC2H 0PD,530283,181380
WC2H 0QA,529980,180906
WC2H 0QB,529950,180994
WC2H 0QL,529990,180736
WC2H 0QN,529990,180736
WC2H 0QP,529990,180736
WC2H 0QR,529990,180736
WC2H 0QU,529960,180670
WC2H 0QW,529957,180695
WC2H 7AA,530015,180858
WC2H 7AB,530024,180868
WC2H 7AD,530013,180828
WC2H 7AE,529912,180642
WC2H 7AF,529944,180641
WC2H 7AG,529929,180814
WC2H 7AH,529952,180672
WC2H 7AJ,529891,180799
WC2H 7AL,529895,180835
WC2H 7AN,529937,180787
WC2H 7AQ,529937,180761
WC2H 7AR,529930,180784
WC2H 7AS,529937,180761
WC2H 7AT,529935,180673
WC2H 7AU,529934,180642
WC2H 7AW,529937,180787
WC2H 7AX,529953,180761
WC2H 7AZ,529922,180644
WC2H 7BA,529868,180861
WC2H 7BD,529877,180843
WC2H 7BE,529810,180839
WC2H 7BF,529751,180822
WC2H 7BG,529770,180813
WC2H 7BJ,529873,180801
WC2H 7BL,529788,180785
WC2H 7BP,529849,180772
WC2H 7BX,529858,180814
WC2H 7BY,529848,180831
WC2H 7BZ,529878,180791
WC2H 7DD,530283,181380
WC2H 7DE,529873,180677
WC2H 7DF,529767,180542
WC2H 7DH,529764,180643
WC2H 7DN,529819,180632
WC2H 7DQ,529793,180561
WC2H 7DS,529828,180604
WC2H 7DT,529764,180643
WC2H 7ED,529786,180554
WC2H 7EF,529811,180575
WC2H 7EL,529894,180636
WC2H 7EP,529826,180571
WC2H 7ER,529823,180557
WC2H 7FG,529796,180683
WC2H 7HA,529847,180528
WC2H 7HG,529861,180575
WC2H 7HH,529861,180575
WC2H 7HL,529861,180575
WC2H 7HN,529883,180628
WC2H 7HP,529883,180628
WC2H 7HQ,529865,180592
WC2H 7HR,529894,180636
WC2H 7HS,529976,180601
WC2H 7JA,530017,180904
WC2H 7JB,530031,180905
WC2H 7JD,529995,180896
WC2H 7JE,530003,180867
WC2H 7JH,529931,180830
WC2H 7JJ,529933,180871
WC2H 7JL,530006,180889
WC2H 7JN,529879,180879
WC2H 7JP,529901,180881
WC2H 7JR,529878,180884
WC2H 7JS,529931,180874
WC2H 7JX,529915,180752
WC2H 7JY,529915,180717
WC2H 7JZ,529932,180682
WC2H 7LA,529932,180682
WC2H 7LD,530283,181380
WC2H 7LE,529916,180743
WC2H 7LH,529888,180663
WC2H 7LL,529829,180642
WC2H 7LP,529832,180632
WC2H 7LQ,529832,180632
WC2H 7LR,529796,180683
WC2H 7LT,529796,180683
WC2H 7LU,529796,180683
WC2H 7LZ,529861,180575
WC2H 7NA,529818,180757
WC2H 7NG,529878,180791
WC2H 7NN,529811,180575
WC2H 7PQ,529925,180889
WC2H 7PR,529898,180918
WC2H 7PS,529919,180928
WC2H 7PU,529898,180918
WC2H 7PX,529944,180912
WC2H 7PY,529944,180912
WC2H 7PZ,529944,180912
WC2H 7QA,529944,180912
WC2H 7QB,529944,180912
WC2H 7QD,529796,180683
WC2H 7RD,529937,180872
WC2H 7RF,529937,180872
WC2H 7RG,529937,180872
WC2H 7RJ,529848,180831
WC2H 7RN,529849,180772
WC2H 7RQ,530003,180850
WC2H 7RR,529912,180642
WC2H 7WG,530283,181380
WC2H 7WP,530283,181380
WC2H 7WR,530283,181380
WC2H 7WU,530283,181380
WC2H 7WW,530283,181380
WC2H 7XB,530283,181380
WC2H 7XE,530283,181380
WC2H 7XX,530283,181380
WC2H 8AA,529927,181071
WC2H 8AD,529939,181106
WC2H 8AE,529934,181081
WC2H 8AF,529926,181071
WC2H 8AH,529977,181149
WC2H 8AL,530010,181188
WC2H 8AN,530025,181212
WC2H 8BS,529929,181183
WC2H 8BU,529917,181169
WC2H 8DA,530017,181273
WC2H 8DE,529982,181188
WC2H 8DF,529982,181188
WC2H 8DG,529929,181183
WC2H 8DH,529942,181229
WC2H 8DJ,529929,181233
WC2H 8DL,529929,181233
WC2H 8DN,530025,181212
WC2H 8DP,530121,181370
WC2H 8DR,530161,181371
WC2H 8DS,529995,181172
WC2H 8DW,530141,181405
WC2H 8DX,530133,181413
WC2H 8DY,530134,181383
WC2H 8EB,530126,181391
WC2H 8ED,530152,181389
WC2H 8EE,530076,181367
WC2H 8EG,530136,181426
WC2H 8EH,530110,181438
WC2H 8EJ,530080,181352
WC2H 8EL,530080,181360
WC2H 8EP,530078,181386
WC2H 8ER,530090,181427
WC2H 8ES,530090,181427
WC2H 8HB,529913,181004
WC2H 8HD,529943,181028
WC2H 8HJ,529948,181045
WC2H 8HL,529983,181088
WC2H 8HQ,530122,181373
WC2H 8HR,529991,181101
WC2H 8JA,529979,181080
WC2H 8JB,530061,181201
WC2H 8JF,530091,181265
WC2H 8JG,530042,181251
WC2H 8JL,530091,181271
WC2H 8JP,530088,181258
WC2H 8JR,530042,181251
WC2H 8JY,530038,181311
WC2H 8LA,530014,181395
WC2H 8LE,530012,181278
WC2H 8LG,529954,181264
WC2H 8LH,529907,181302
WC2H 8LN,529925,181334
WC2H 8LP,529911,181256
WC2H 8LQ,529940,181314
WC2H 8LS,529883,181229
WC2H 8LU,529912,181240
WC2H 8LW,529930,181316
WC2H 8LX,529897,181248
WC2H 8LZ,529896,181242
WC2H 8NA,529874,181264
WC2H 8NE,529869,181251
WC2H 8NG,529888,181269
WC2H 8NH,529889,181275
WC2H 8NJ,529901,181283
WC2H 8NL,529905,181289
WC2H 8NN,529909,181281
WC2H 8NP,529921,181292
WC2H 8PA,529937,181018
WC2H 8PR,530122,181373
WC2H 8PS,530283,181380
WC2H 8PW,529917,181097
WC2H 8TA,529918,181356
WC2H 8TD,529878,181226
WC2H 8TF,530090,181427
WC2H 8TJ,530042,181251
WC2H 8WT,530283,181380
WC2H 8WU,530283,181380
WC2H 8WW,530283,181380
WC2H 8WX,530283,181380
WC2H 8WZ,530283,181380
WC2H 8YT,530283,181380
WC2H 9AA,530190,181207
WC2H 9AB,530189,181181
WC2H 9AD,530226,181202
WC2H 9AG,530137,181302
WC2H 9AH,530286,181270
WC2H 9AJ,530156,181229
WC2H 9AN,530252,181236
WC2H 9AP,530172,181201
WC2H 9AR,530150,181190
WC2H 9AS,530126,181158
WC2H 9AT,530095,181131
WC2H 9AU,530111,181112
WC2H 9AW,530115,181152
WC2H 9AX,530165,181164
WC2H 9AY,530203,181157
WC2H 9AZ,530095,181131
WC2H 9BA,530209,181176
WC2H 9BB,530256,181168
WC2H 9BD,530250,181179
WC2H 9BE,530111,181112
WC2H 9BF,530189,181181
WC2H 9BG,530302,181163
WC2H 9BH,530314,181246
WC2H 9BJ,530226,181151
WC2H 9BP,530295,181224
WC2H 9BQ,530251,181187
WC2H 9BT,530270,181206
WC2H 9BU,530268,181240
WC2H 9BX,530263,181234
WC2H 9BY,530283,181380
WC2H 9DA,530083,181215
WC2H 9DD,530080,181156
WC2H 9DG,530069,181046
WC2H 9DL,530075,180985
WC2H 9DN,530102,181284
WC2H 9DP,530108,181179
WC2H 9DX,530112,181275
WC2H 9DY,530117,181262
WC2H 9DZ,530125,181252
WC2H 9EA,530037,180937
WC2H 9EB,530213,181172
WC2H 9EE,530204,181183
WC2H 9EF,530086,180923
WC2H 9EG,530039,180980
WC2H 9EL,530279,181109
WC2H 9EP,530046,181032
WC2H 9EQ,530082,181204
WC2H 9ER,530112,181174
WC2H 9EU,530080,181156
WC2H 9EW,530074,181114
WC2H 9EY,530069,181038
WC2H 9EZ,530069,181038
WC2H 9HA,530049,181072
WC2H 9HB,530054,181154
WC2H 9HD,530054,181140
WC2H 9HE,530273,181190
WC2H 9HG,530215,181143
WC2H 9HH,530153,181089
WC2H 9HJ,530215,181143
WC2H 9HN,530207,181129
WC2H 9HP,530202,181090
WC2H 9HQ,530232,181225
WC2H 9HU,530108,181062
WC2H 9HW,530122,181067
WC2H 9HZ,530215,181143
WC2H 9JA,530195,181054
WC2H 9JE,530189,181082
WC2H 9JG,530169,181035
WC2H 9JJ,530143,181044
WC2H 9JL,530143,181044
WC2H 9JN,530092,181034
WC2H 9JP,530097,181003
WC2H 9JQ,530286,181207
WC2H 9JR,530107,181022
WC2H 9JS,530079,180984
WC2H 9JU,530262,181177
WC2H 9JW,530067,181016
WC2H 9JZ,530079,180906
WC2H 9LA,530153,181089
WC2H 9LD,530111,181112
WC2H 9LE,530046,181027
WC2H 9LF,530058,181176
WC2H 9LG,530023,181065
WC2H 9LH,530121,181085
WC2H 9LJ,530153,181089
WC2H 9LL,530006,181088
WC2H 9LN,530028,181067
WC2H 9LS,530111,181112
WC2H 9LT,530111,181112
WC2H 9LX,530111,181112
WC2H 9LY,530242,181087
WC2H 9NA,529982,181028
WC2H 9NB,529957,181039
WC2H 9ND,529998,181002
WC2H 9NE,529971,181004
WC2H 9NG,530030,180976
WC2H 9NJ,529962,180992
WC2H 9NL,529979,180989
WC2H 9NP,529991,181034
WC2H 9NQ,529982,180996
WC2H 9NS,530042,181015
WC2H 9NT,530042,181015
WC2H 9NU,530040,181040
WC2H 9NY,530045,180918
WC2H 9NZ,530023,180985
WC2H 9PA,530131,181201
WC2H 9PE,530124,181208
WC2H 9PF,530122,181211
WC2H 9PJ,530103,181199
WC2H 9PL,530106,181231
WC2H 9PP,530103,181199
WC2H 9PQ,530113,181184
WC2H 9PR,530155,181138
WC2H 9PS,530190,181139
WC2H 9PU,530211,181082
WC2H 9PW,530226,181067
WC2H 9PX,530189,181181
WC2H 9PZ,530120,181177
WC2H 9QA,530176,180999
WC2H 9QB,530160,180994
WC2H 9QD,530148,181007
WC2H 9QE,530146,181013
WC2H 9QF,530128,181168
WC2H 9QG,530137,181162
WC2H 9QJ,530114,181021
WC2H 9QL,530241,181046
WC2H 9QN,530149,180980
WC2H 9QP,530149,180980
WC2H 9QQ,530193,181136
WC2H 9QR,530092,181046
WC2H 9QS,530040,181097
WC2H 9QT,530193,181136
WC2H 9QW,530200,181124
WC2H 9RA,530159,181259
WC2H 9RB,530159,181259
WC2H 9RD,530159,181259
WC2H 9RE,530198,181226
WC2H 9RF,530220,181280
WC2H 9RG,530219,181243
WC2H 9RH,530220,181280
WC2H 9RJ,530220,181280
WC2H 9RQ,530220,181280
WC2H 9RY,529975,181043
WC2H 9RZ,529975,181043
WC2H 9SA,530279,181109
WC2H 9SB,530237,181121
WC2H 9SD,530242,181087
WC2H 9SE,530278,181072
WC2H 9TP,530149,181234
WC2H 9TW,530042,181015
WC2H 9TY,530159,180970
WC2H 9TZ,529969,180991
WC2H 9UA,530112,181275
WC2H 9UB,530174,181068
WC2H 9UN,530095,181207
WC2H 9UR,530107,181146
WC2H 9US,530111,181112
WC2H 9UX,530202,181090
WC2H 9UY,530211,181082
WC2H 9WA,530283,181380
WC2H 9WL,530283,181380
WC2H 9WN,530283,181380
WC2H 9WQ,530283,181380
WC2H 9WS,530283,181380
WC2H 9WT,530283,181380
WC2H 9XE,530283,181380
WC2N 4AA,530032,180836
WC2N 4AG,530043,180810
WC2N 4AJ,530015,180817
WC2N 4AL,530019,180768
WC2N 4AN,530126,180662
WC2N 4AP,530058,180759
WC2N 4AS,530054,180728
WC2N 4AT,530058,180743
WC2N 4AU,530045,180797
WC2N 4AX,530054,180728
WC2N 4AZ,530038,180711
WC2N 4BA,530057,180670
WC2N 4BD,530058,180661
WC2N 4BE,530068,180646
WC2N 4BF,530061,180633
WC2N 4BG,530041,180688
WC2N 4BJ,530159,180786
WC2N 4BL,530134,180764
WC2N 4BN,530143,180783
WC2N 4BP,530164,180661
WC2N 4BW,530172,180762
WC2N 4DB,530038,180711
WC2N 4DD,530111,180627
WC2N 4DH,530174,180630
WC2N 4DL,530106,180593
WC2N 4DN,530188,180575
WC2N 4DQ,530187,180706
WC2N 4DS,530172,180762
WC2N 4DU,530172,180762
WC2N 4DW,530188,180575
WC2N 4EA,530089,180768
WC2N 4EB,530283,181380
WC2N 4EH,530102,180749
WC2N 4EJ,530119,180728
WC2N 4ER,530097,180673
WC2N 4ES,530126,180662
WC2N 4EZ,530024,180738
WC2N 4HA,530106,180593
WC2N 4HE,530020,180756
WC2N 4HG,530210,180706
WC2N 4HN,530245,180681
WC2N 4HP,530128,180634
WC2N 4HR,530275,180674
WC2N 4HS,530162,180647
WC2N 4HU,530245,180681
WC2N 4HW,530139,180587
WC2N 4HX,530119,180728
WC2N 4HZ,530188,180575
WC2N 4JF,530125,180493
WC2N 4JH,530106,180593
WC2N 4JL,530061,180633
WC2N 4JP,530240,180651
WC2N 4JS,530080,180825
WC2N 4LA,530125,180806
WC2N 4LD,530166,180809
WC2N 4LE,530125,180806
WC2N 4LF,530164,180786
WC2N 4LH,530118,180783
WC2N 4LJ,530131,180788
WC2N 4LL,530115,180773
WC2N 4NH,530020,180738
WC2N 4PD,530166,180809
WC2N 4QB,530283,181380
WC2N 4RB,530160,180784
WC2N 4WX,530283,181380
WC2N 4XA,530283,181380
WC2N 5AD,530219,180389
WC2N 5AF,530283,181380
WC2N 5AN,530276,180347
WC2N 5AP,530276,180347
WC2N 5AQ,530373,180324
WC2N 5BJ,530238,180371
WC2N 5BL,530257,180303
WC2N 5BW,530085,180358
WC2N 5BX,530203,180315
WC2N 5BY,530085,180358
WC2N 5DA,530196,180388
WC2N 5DB,530209,180381
WC2N 5DE,530314,180339
WC2N 5DG,530364,180318
WC2N 5DJ,530409,180244
WC2N 5DN,530032,180569
WC2N 5DP,530092,180489
WC2N 5DS,529980,180360
WC2N 5DU,529995,180358
WC2N 5DW,529989,180358
WC2N 5DX,529989,180358
WC2N 5EA,530238,180371
WC2N 5EH,530141,180397
WC2N 5EJ,530141,180397
WC2N 5HE,530141,180397
WC2N 5HP,530141,180397
WC2N 5HR,530155,180433
WC2N 5HS,530234,180492
WC2N 5HX,530234,180492
WC2N 5HY,530257,180539
WC2N 5JB,530281,180556
WC2N 5JQ,530283,181380
WC2N 5JR,530141,180397
WC2N 5LH,530281,180556
WC2N 5LL,530281,180556
WC2N 5LR,530349,180633
WC2N 5LS,530310,180591
WC2N 5NF,530228,180412
WC2N 5NG,530205,180430
WC2N 5NJ,529967,180365
WC2N 5NP,530246,180397
WC2N 5NS,530314,180339
WC2N 5NT,530276,180373
WC2N 5PB,530209,180394
WC2N 5PD,530201,180402
WC2N 5PE,530195,180410
WC2N 5PH,530214,180386
WC2N 5RD,530178,180404
WC2N 5RF,530281,180556
WC2N 5RJ,530171,180461
WC2N 5RN,530141,180397
WC2N 5RW,530281,180556
WC2N 5WR,530310,180591
WC2N 5WY,530283,181380
WC2N 6AA,530426,180642
WC2N 6AB,530448,180615
WC2N 6AD,530432,180636
WC2N 6AE,530448,180615
WC2N 6AG,530340,180595
WC2N 6AH,530379,180648
WC2N 6AR,530448,180615
WC2N 6AW,530448,180615
WC2N 6BA,530298,180510
WC2N 6BH,530357,180566
WC2N 6BJ,530389,180531
WC2N 6BL,530410,180578
WC2N 6BN,530357,180566
WC2N 6BP,530273,180526
WC2N 6BU,530298,180510
WC2N 6BX,530305,180504
WC2N 6DD,530448,180615
WC2N 6DF,530328,180480
WC2N 6DR,530344,180504
WC2N 6DU,530360,180493
WC2N 6DX,530243,180451
WC2N 6EF,530332,180516
WC2N 6EG,530332,180516
WC2N 6ET,530309,180529
WC2N 6EX,530283,181380
WC2N 6EZ,530410,180578
WC2N 6HA,530340,180595
WC2N 6HE,530325,180573
WC2N 6HG,530340,180595
WC2N 6HH,530315,180580
WC2N 6HL,530291,180547
WC2N 6HS,530410,180578
WC2N 6HT,530410,180578
WC2N 6HU,530297,180516
WC2N 6HW,530273,180526
WC2N 6HX,530286,180503
WC2N 6HY,530283,180496
WC2N 6JG,530330,180541
WC2N 6JN,530343,180529
WC2N 6JU,530362,180541
WC2N 6LA,530379,180648
WC2N 6LE,530448,180615
WC2N 6LS,530372,180530
WC2N 6LU,530348,180562
WC2N 6NA,530257,180539
WC2N 6ND,530311,180470
WC2N 6NE,530334,180450
WC2N 6NG,530282,180463
WC2N 6NJ,530356,180408
WC2N 6NL,530282,180463
WC2N 6NN,530352,180398
WC2N 6NQ,530234,180492
WC2N 6NS,530406,180380
WC2N 6NU,530485,180375
WC2N 6PA,530427,180389
WC2N 6PB,530460,180455
WC2N 6RH,530243,180451
WC2N 6RJ,530379,180648
WC2N 6RL,530379,180539
WC2N 6RQ,530243,180451
WC2N 6WA,530283,181380
WC2N 6WY,530283,181380
WC2N 6WZ,530283,181380
WC2N 6ZW,530283,181380
WC2R 0AA,530543,180748
WC2R 0AB,530543,180748
WC2R 0AF,530426,180684
WC2R 0AG,530569,180777
WC2R 0AP,530608,180794
WC2R 0BA,530652,180694
WC2R 0BB,530608,180794
WC2R 0BH,530611,180688
WC2R 0BJ,530611,180688
WC2R 0BL,530611,180688
WC2R 0BN,530476,180636
WC2R 0BP,530547,180652
WC2R 0BU,530596,180716
WC2R 0DA,530582,180739
WC2R 0DE,530416,180675
WC2R 0DT,530426,180684
WC2R 0DW,530457,180704
WC2R 0DZ,530125,180493
WC2R 0ET,530507,180683
WC2R 0EU,530283,181380
WC2R 0EW,530511,180743
WC2R 0EX,530499,180740
WC2R 0EY,530534,180703
WC2R 0EZ,530485,180719
WC2R 0GR,530426,180684
WC2R 0HS,530577,180829
WC2R 0JE,530511,180803
WC2R 0JF,530511,180803
WC2R 0JJ,530511,180803
WC2R 0JP,530508,180734
WC2R 0JR,530274,180649
WC2R 0JS,530274,180649
WC2R 0JT,530344,180692
WC2R 0JU,530319,180678
WC2R 0LP,530404,180737
WC2R 0LQ,530459,180759
WC2R 0LR,530459,180759
WC2R 0LS,530430,180741
WC2R 0LT,530423,180734
WC2R 0LX,530395,180736
WC2R 0NB,530394,180719
WC2R 0NE,530378,180707
WC2R 0NH,530378,180738
WC2R 0NN,530426,180684
WC2R 0NP,530365,180703
WC2R 0NR,530366,180695
WC2R 0NS,530366,180695
WC2R 0NT,530344,180692
WC2R 0PD,530335,180683
WC2R 0PJ,530283,181380
WC2R 0PP,530319,180708
WC2R 0PS,530325,180664
WC2R 0PT,530339,180671
WC2R 0PZ,530317,180670
WC2R 0QE,530295,180640
WC2R 0QN,530188,180575
WC2R 0QS,530188,180575
WC2R 0QU,530188,180575
WC2R 0RE,530426,180684
WC2R 0RG,530125,180493
WC2R 0RH,530125,180493
WC2R 0RL,530476,180636
WC2R 0RN,530773,180770
WC2R 0RQ,530125,180493
WC2R 0SB,530283,181380
WC2R 0SD,530283,181380
WC2R 0WF,530283,181380
WC2R 0WX,530283,181380
WC2R 0WY,530283,181380
WC2R 0ZA,530476,180636
WC2R 1AL,530283,181380
WC2R 1AP,531040,181039
WC2R 1AT,531065,181044
WC2R 1BA,531084,181070
WC2R 1BB,531086,181043
WC2R 1BE,531088,181073
WC2R 1BF,531093,181082
WC2R 1BH,530918,181079
WC2R 1DA,531104,181088
WC2R 1DH,530978,181048
WC2R 1DJ,531010,181018
WC2R 1DP,531010,181018
WC2R 1DT,530983,180987
WC2R 1EA,530895,180961
WC2R 1EF,530924,180968
WC2R 1EH,530877,180949
WC2R 1EL,530877,180949
WC2R 1EP,530849,180938
WC2R 1ES,530774,180932
WC2R 1HA,530658,180901
WC2R 1HG,530641,180817
WC2R 1HH,530662,180833
WC2R 1HL,530702,180861
WC2R 1HS,530283,181380
WC2R 1JA,530681,180850
WC2R 1JB,530283,181380
WC2R 1JD,530676,180849
WC2R 1LA,530773,180770
WC2R 1LB,530773,180770
WC2R 1LT,530773,180770
WC2R 1NG,530283,181380
WC2R 1QA,530662,180833
WC2R 1WD,530283,181380
WC2R 2AB,530680,180683
WC2R 2LS,530773,180770
WC2R 2NA,530850,180890
WC2R 2ND,530851,180902
WC2R 2NE,530889,180882
WC2R 2NS,530887,180817
WC2R 2PG,531041,180886
WC2R 2PH,530995,180810
WC2R 2PN,531092,180766
WC2R 2PP,530740,180673
WC2R 2PR,530958,180841
WC2R 3AA,531058,180939
WC2R 3AL,531076,180914
WC2R 3AT,531082,180971
WC2R 3AZ,530953,180897
WC2R 3BD,531080,180886
WC2R 3DA,530953,180897
WC2R 3DB,530953,180897
WC2R 3DX,530991,180897
WC2R 3EE,531020,180917
WC2R 3HU,531019,181004
WC2R 3HY,531019,181004
WC2R 3JE,531058,180997
WC2R 3JF,531051,181023
WC2R 3JG,531043,181024
WC2R 3JH,531083,181020
WC2R 3JJ,531051,181023
WC2R 3LA,531020,180917
WC2R 3LD,531026,180989
WC2R 3LL,531058,180939
WC2R 3NJ,530985,180965
WC2R 3NL,530985,180965
WC2R 3XP,530283,181380
