INSERT INTO USERS (USERNAME, PASSWORD, EMAIL, NAME, CREATION_DATE) VALUES ('styler', 'a6589b4b54e0d9c6b7cad840744ed48a', 's.tyler@example.org', 'Sam Tyler', '2008-04-06 18:20:02');
INSERT INTO USERS (USERNAME, PASSWORD, EMAIL, NAME, CREATION_DATE) VALUES ('ghunt', 'a6589b4b54e0d9c6b7cad840744ed48a', 'g.hunt@example.org', 'Gene Hunt', '2008-04-06 18:20:02');
INSERT INTO USERS (USERNAME, PASSWORD, EMAIL, NAME, CREATION_DATE) VALUES ('cskelton', 'a6589b4b54e0d9c6b7cad840744ed48a', 'c.skelton@example.org', 'Chris Skelton', '2008-04-06 18:20:02');
INSERT INTO USERS (USERNAME, PASSWORD, EMAIL, NAME, CREATION_DATE) VALUES ('rcarling', 'a6589b4b54e0d9c6b7cad840744ed48a', 'r.carling@example.org', 'Ray Carling', '2008-04-06 18:20:02');
INSERT INTO USERS (USERNAME, PASSWORD, EMAIL, NAME, CREATION_DATE) VALUES ('acartwright', 'a6589b4b54e0d9c6b7cad840744ed48a', 'a.cartwright@example.org', 'Annie Cartwright', '2008-04-06 18:20:02');
INSERT INTO ROLES (ROLEID, NAME, DESCRIPTION) VALUES ('group1', 'Group One', 'First Test Group');
INSERT INTO ROLES (ROLEID, NAME, DESCRIPTION) VALUES ('group2', 'Group Two', 'Second Test Group');
INSERT INTO ROLES (ROLEID, NAME, DESCRIPTION) VALUES ('group3', 'Group Three', 'Third Test Group');
INSERT INTO ROLES (ROLEID, NAME, DESCRIPTION) VALUES ('group4', 'Group Four', 'Fourth Test Group');
INSERT INTO ROLES (ROLEID, NAME, DESCRIPTION) VALUES ('group5', 'Group Five', 'Fifth Test Group');
INSERT INTO USERS_ROLES (USERNAME, ROLEID) VALUES ('styler', 'group1');
INSERT INTO USERS_ROLES (USERNAME, ROLEID) VALUES ('ghunt', 'group1');
INSERT INTO USERS_ROLES (USERNAME, ROLEID) VALUES ('cskelton', 'group2');
INSERT INTO USERS_ROLES (USERNAME, ROLEID) VALUES ('rcarling', 'group2');
INSERT INTO USERS_ROLES (USERNAME, ROLEID) VALUES ('acartwright', 'group3');
INSERT INTO USERS_ROLES (USERNAME, ROLEID) VALUES ('styler', 'group4');
INSERT INTO USERS_ROLES (USERNAME, ROLEID) VALUES ('rcarling', 'group4');
INSERT INTO USERS_ROLES (USERNAME, ROLEID) VALUES ('styler', 'group5');
INSERT INTO USERS_ROLES (USERNAME, ROLEID) VALUES ('acartwright', 'group5');