HS1 2AA,142807,932745
HS1 2AD,142447,932841
HS1 2AE,142413,932617
HS1 2AF,142644,934195
HS1 2BA,142181,932764
HS1 2BB,142469,932718
HS1 2BD,142218,932790
HS1 2BE,142277,932774
HS1 2BG,142259,932772
HS1 2BJ,142357,932767
HS1 2BN,142454,932757
HS1 2BQ,142357,932767
HS1 2BS,142528,932626
HS1 2BT,142524,932603
HS1 2BW,142881,932845
HS1 2DA,142342,932833
HS1 2DB,142351,932785
HS1 2DD,142328,932901
HS1 2DF,142285,932923
HS1 2DG,142333,933027
HS1 2DH,142349,932965
HS1 2DJ,142531,933422
HS1 2DL,142640,932950
HS1 2DP,142419,932777
HS1 2DR,142362,932925
HS1 2DS,142361,933049
HS1 2DT,142347,933129
HS1 2DU,142393,933245
HS1 2DX,142476,933339
HS1 2DY,142384,933314
HS1 2DZ,142518,933458
HS1 2EB,142405,933317
HS1 2EG,142617,933775
HS1 2EH,142485,933825
HS1 2EJ,142438,933902
HS1 2EP,141875,934153
HS1 2EU,142479,934071
HS1 2EW,142183,934077
HS1 2EX,142445,933953
HS1 2EY,142556,933928
HS1 2EZ,142517,933942
HS1 2FA,142881,932845
HS1 2FB,142881,932845
HS1 2FD,142881,932845
HS1 2FE,142881,932845
HS1 2FF,142881,932845
HS1 2FG,142881,932845
HS1 2FH,142881,932845
HS1 2FJ,142881,932845
HS1 2FL,142881,932845
HS1 2FP,142881,932845
HS1 2FQ,142881,932845
HS1 2FR,142881,932845
HS1 2GA,142881,932845
HS1 2GB,142881,932845
HS1 2GD,142881,932845
HS1 2GE,142881,932845
HS1 2GF,142881,932845
HS1 2GG,142881,932845
HS1 2GH,142881,932845
HS1 2GJ,142881,932845
HS1 2GL,142881,932845
HS1 2GN,142881,932845
HS1 2GP,142881,932845
HS1 2GQ,142881,932845
HS1 2GR,142881,932845
HS1 2GS,142881,932845
HS1 2GT,142881,932845
HS1 2GU,142881,932845
HS1 2GW,142881,932845
HS1 2GY,142881,932845
HS1 2GZ,142881,932845
HS1 2HA,142466,933900
HS1 2HB,142514,933848
HS1 2HD,142551,933811
HS1 2HE,142632,933815
HS1 2HF,142786,933754
HS1 2HG,142644,933870
HS1 2HH,142706,933920
HS1 2HJ,142872,933809
HS1 2HL,142700,933769
HS1 2HN,142793,933702
HS1 2HP,142754,933563
HS1 2HQ,142690,933869
HS1 2HR,142868,933630
HS1 2HT,142628,933510
HS1 2HU,142645,933667
HS1 2JA,142507,932926
HS1 2JB,142471,932935
HS1 2JD,142430,932999
HS1 2JE,142510,933019
HS1 2JF,142585,932914
HS1 2JG,142479,933053
HS1 2JH,142449,933198
HS1 2JJ,142506,933254
HS1 2JL,142510,933179
HS1 2JN,142482,933139
HS1 2JP,142807,932745
HS1 2JQ,142388,933119
HS1 2JR,142600,933136
HS1 2JS,142557,933275
HS1 2JT,142532,933278
HS1 2JU,142600,933262
HS1 2JW,142506,933063
HS1 2JX,142516,933391
HS1 2JY,142561,933367
HS1 2JZ,142424,933030
HS1 2LA,142592,933418
HS1 2LB,142610,933556
HS1 2LD,142967,933722
HS1 2LE,142916,933636
HS1 2LF,142946,933541
HS1 2LG,142865,933467
HS1 2LH,142757,933425
HS1 2LJ,142890,933773
HS1 2LL,142732,933370
HS1 2LP,142712,933259
HS1 2LQ,142821,933528
HS1 2LR,142678,933186
HS1 2LS,142647,933083
HS1 2LW,142669,933257
HS1 2NA,142485,932806
HS1 2NB,142482,932846
HS1 2ND,142548,932824
HS1 2NE,143088,933257
HS1 2NF,142618,932852
HS1 2NG,142701,932851
HS1 2NH,143115,933356
HS1 2NJ,142798,933131
HS1 2NL,143026,933325
HS1 2NP,143067,933177
HS1 2NQ,142712,933009
HS1 2NS,143139,933425
HS1 2NW,143178,933277
HS1 2NX,143238,933513
HS1 2NY,143310,933399
HS1 2NZ,143428,933369
HS1 2PA,143313,933107
HS1 2PB,143399,933175
HS1 2PG,143405,933476
HS1 2PH,143457,933300
HS1 2PJ,143350,933193
HS1 2PL,143381,933247
HS1 2PP,143372,933313
HS1 2PQ,143534,933374
HS1 2PR,143323,933311
HS1 2PS,143229,933179
HS1 2PT,143086,933090
HS1 2PU,142807,932745
HS1 2PX,142807,932745
HS1 2PY,143025,933095
HS1 2PZ,142867,932951
HS1 2QG,142535,932776
HS1 2QH,142575,932792
HS1 2QJ,142658,932808
HS1 2QN,142622,932755
HS1 2QP,141659,934150
HS1 2QQ,142519,932737
HS1 2QR,141869,934219
HS1 2QS,142574,932739
HS1 2QT,142670,932687
HS1 2QY,142637,932612
HS1 2QZ,142106,934118
HS1 2RA,142805,932586
HS1 2RB,142760,932565
HS1 2RD,142926,932630
HS1 2RE,142761,932457
HS1 2RF,142977,932562
HS1 2RL,143064,932428
HS1 2RN,143079,932389
HS1 2RP,143091,932383
HS1 2RR,143177,932348
HS1 2RS,142642,932118
HS1 2RT,143026,932185
HS1 2RW,143001,932376
HS1 2RX,143385,932295
HS1 2RY,143301,932205
HS1 2RZ,143395,932199
HS1 2SA,142881,932845
HS1 2SD,143328,932392
HS1 2SE,143197,932391
HS1 2SF,143235,932436
HS1 2SG,143823,933212
HS1 2SH,143457,932630
HS1 2SJ,143383,932701
HS1 2SL,143323,932702
HS1 2SQ,143408,932598
HS1 2SS,143652,932674
HS1 2ST,143732,932919
HS1 2SU,143844,932728
HS1 2SX,143867,932623
HS1 2TA,142825,933241
HS1 2TB,142896,933297
HS1 2TD,142932,933402
HS1 2TE,143036,933487
HS1 2TF,142976,933391
HS1 2TG,143050,933419
HS1 2TL,143230,933619
HS1 2TN,143190,933610
HS1 2TP,142815,933899
HS1 2TQ,143102,933539
HS1 2TR,142641,933965
HS1 2TS,142504,934102
HS1 2TT,142506,934222
HS1 2TU,142306,934180
HS1 2TW,143084,933748
HS1 2TX,142364,934225
HS1 2TY,142017,934348
HS1 2TZ,142094,934309
HS1 2UA,142148,934254
HS1 2UB,142218,934282
HS1 2UD,143317,933610
HS1 2UE,143243,933930
HS1 2UF,142955,934065
HS1 2UG,142777,933953
HS1 2UH,142096,934375
HS1 2UJ,142166,934423
HS1 2UL,143997,933235
HS1 2UN,144012,933170
HS1 2UP,143999,933144
HS1 2UQ,142555,934125
HS1 2UR,144118,933149
HS1 2UT,143931,933305
HS1 2UU,144069,933294
HS1 2UX,144240,933058
HS1 2UY,142678,934050
HS1 2UZ,143987,933272
HS1 2WS,142807,932745
HS1 2WU,142807,932745
HS1 2XA,142152,932786
HS1 2XB,142429,932836
HS1 2XD,142367,932798
HS1 2XE,142353,932822
HS1 2XF,142270,932775
HS1 2XG,142266,932802
HS1 2XH,142807,932745
HS1 2XJ,142232,932803
HS1 2XN,142132,932809
HS1 2XP,142100,932781
HS1 2XQ,142290,932826
HS1 2XS,142128,932754
HS1 2XT,142143,932672
HS1 2XX,142163,932745
HS1 2XY,142163,932745
HS1 2YA,142750,934326
HS1 2YB,142697,934275
HS1 2YD,142533,934440
HS1 2YE,142446,934453
HS1 2YF,142387,934436
HS1 2YG,142433,934327
HS1 2YH,142500,934333
HS1 2YJ,142419,934346
HS1 2YL,142325,934347
HS1 2YN,142204,934375
HS1 2YP,142308,934424
HS1 2YR,142632,934393
HS1 2YS,142603,934299
HS1 2YT,141996,934221
HS1 2YU,142093,934148
HS1 2YW,142300,934382
HS1 2YY,142807,932745
HS1 2ZB,142807,932745
HS1 9AA,142807,932745
HS1 9AB,142807,932745
HS1 9AD,142807,932745
HS1 9AE,142807,932745
HS2 0AA,144708,933857
HS2 0AB,145471,933184
HS2 0AD,144415,932633
HS2 0AE,144065,931974
HS2 0AG,144457,932208
HS2 0AH,144967,930928
HS2 0AL,144764,932254
HS2 0AN,144880,931962
HS2 0AP,144443,931976
HS2 0AQ,144232,931185
HS2 0AR,145061,931979
HS2 0AS,145174,931968
HS2 0AT,145084,931898
HS2 0AU,145121,931867
HS2 0AX,145040,931865
HS2 0AY,145238,931888
HS2 0AZ,145698,931468
HS2 0BB,146558,932684
HS2 0BD,146306,932668
HS2 0BG,146550,932766
HS2 0BN,146264,933172
HS2 0BP,149444,930840
HS2 0BQ,146759,932125
HS2 0BR,141082,933953
HS2 0BS,149567,932037
HS2 0BT,141017,934045
HS2 0BW,149300,931687
HS2 0DB,141304,934035
HS2 0DD,140975,933697
HS2 0DE,140660,933503
HS2 0DF,140784,933940
HS2 0DG,140761,934003
HS2 0DH,140959,934295
HS2 0DJ,140476,933999
HS2 0DL,140760,934240
HS2 0DN,141324,934691
HS2 0DP,142053,934688
HS2 0DR,142216,934915
HS2 0DS,142519,934741
HS2 0DT,142683,935255
HS2 0DU,142854,935996
HS2 0DW,141382,935162
HS2 0DX,141182,934054
HS2 0DY,142406,935374
HS2 0DZ,141806,935607
HS2 0EA,142171,936033
HS2 0EB,142416,935853
HS2 0ED,142396,936605
HS2 0EE,141842,937327
HS2 0EF,142025,937149
HS2 0EG,142616,934533
HS2 0EH,140998,934177
HS2 0EJ,141993,937461
HS2 0EL,140680,933397
HS2 0EP,155636,935699
HS2 0ER,155640,935642
HS2 0ES,155643,935612
HS2 0EU,155972,935773
HS2 0EW,155307,934210
HS2 0EX,155765,935988
HS2 0EY,155891,936276
HS2 0EZ,155933,936611
HS2 0FS,142737,934636
HS2 0GS,142688,934557
HS2 0GT,142610,935264
HS2 0HA,156365,936601
HS2 0HB,157311,937710
HS2 0HD,155893,937418
HS2 0HE,155369,936657
HS2 0HF,146065,936755
HS2 0HJ,144977,936764
HS2 0HL,144747,936576
HS2 0HP,144668,936704
HS2 0HR,144513,936863
HS2 0HS,145173,936574
HS2 0HT,146068,936780
HS2 0HU,145646,936971
HS2 0HW,144595,936710
HS2 0HX,145173,937009
HS2 0HY,144780,936288
HS2 0HZ,144682,936064
HS2 0JA,144648,936199
HS2 0JB,144613,936215
HS2 0JD,144568,936841
HS2 0JF,144439,936622
HS2 0JN,147644,939862
HS2 0JP,147481,939837
HS2 0JR,147645,939589
HS2 0JS,148265,939732
HS2 0JT,148113,939734
HS2 0JY,147843,939951
HS2 0JZ,147631,940041
HS2 0LA,147929,940088
HS2 0LB,147976,940366
HS2 0LD,147829,941009
HS2 0LF,147944,940649
HS2 0LH,147811,941387
HS2 0LJ,148601,940093
HS2 0LN,148330,940157
HS2 0LP,146758,940274
HS2 0LQ,148476,940676
HS2 0LR,146432,940021
HS2 0LS,146006,939208
HS2 0LT,145947,937982
HS2 0LW,145777,937926
HS2 0NA,149053,940578
HS2 0NB,149306,942240
HS2 0ND,152372,944660
HS2 0NE,153516,947508
HS2 0NF,153031,946563
HS2 0NG,153400,946864
HS2 0NH,153533,947460
HS2 0NJ,153799,947075
HS2 0NL,153645,947679
HS2 0NN,153348,948366
HS2 0NP,153866,946510
HS2 0NR,154137,946775
HS2 0NT,154453,946793
HS2 0NW,153991,947149
HS2 0PA,148370,932080
HS2 0PB,148882,932345
HS2 0PD,149882,932307
HS2 0PE,150209,932396
HS2 0PF,150376,932445
HS2 0PH,150606,932606
HS2 0PJ,150659,932933
HS2 0PL,151399,933154
HS2 0PN,150777,933333
HS2 0PP,153145,934726
HS2 0PQ,150552,932450
HS2 0PR,150927,933119
HS2 0PS,152038,933553
HS2 0PT,153581,934974
HS2 0PU,153539,935071
HS2 0PW,151766,933505
HS2 0PX,151613,932880
HS2 0PY,151984,933429
HS2 0PZ,153191,934653
HS2 0QA,152190,931619
HS2 0QB,151848,931092
HS2 0QD,152241,930616
HS2 0QE,152431,930628
HS2 0QF,151689,931466
HS2 0QG,152529,932180
HS2 0QH,153227,931764
HS2 0QN,134932,949368
HS2 0QQ,152603,932211
HS2 0QR,135184,949929
HS2 0QS,135536,949413
HS2 0QW,133848,949744
HS2 0QX,136509,950842
HS2 0QY,136103,949848
HS2 0QZ,136024,949126
HS2 0RA,135798,948809
HS2 0RB,136056,948604
HS2 0RG,137967,953591
HS2 0RH,139045,954797
HS2 0RJ,139345,954863
HS2 0RL,139535,954758
HS2 0RQ,138560,954225
HS2 0RR,141530,957233
HS2 0RS,141462,956550
HS2 0RT,140929,955826
HS2 0RU,141134,955981
HS2 0RX,140728,955976
HS2 0RY,140657,955504
HS2 0RZ,139867,955710
HS2 0SD,141476,937362
HS2 0SG,143221,957914
HS2 0SH,143763,958720
HS2 0SJ,144579,958957
HS2 0SN,150381,961837
HS2 0SP,148608,961398
HS2 0SR,147743,961961
HS2 0ST,148428,961310
HS2 0SU,150192,961489
HS2 0SW,149799,961452
HS2 0SY,150512,961920
HS2 0SZ,150680,962133
HS2 0TA,151251,962569
HS2 0TB,151380,962115
HS2 0TD,151077,961965
HS2 0TG,152038,963047
HS2 0TH,152951,962330
HS2 0TJ,152958,963017
HS2 0TL,153032,962961
HS2 0TN,152901,963057
HS2 0TQ,152216,962313
HS2 0TR,153604,962635
HS2 0TS,154168,961573
HS2 0TW,153558,962621
HS2 0TX,154717,961872
HS2 0XA,153544,963774
HS2 0XB,152854,963509
HS2 0XD,152403,963970
HS2 0XF,153076,964475
HS2 0XG,152363,964792
HS2 0XH,151662,965046
HS2 0XJ,153177,963137
HS2 0XP,141940,933663
HS2 0XR,141875,933342
HS2 0XS,142130,932998
HS2 0YF,142807,932745
HS2 9AA,119636,940604
HS2 9AD,121968,944532
HS2 9AE,123094,945433
HS2 9AG,120808,943026
HS2 9AH,121102,942638
HS2 9AJ,119982,943719
HS2 9AL,119782,944002
HS2 9AN,120038,943752
HS2 9AP,119148,942552
HS2 9AQ,121849,942840
HS2 9AU,120746,942269
HS2 9AW,119943,942642
HS2 9AX,121228,941735
HS2 9AY,119645,941716
HS2 9AZ,119027,941141
HS2 9BD,126793,947456
HS2 9BE,126645,947076
HS2 9BG,126402,946210
HS2 9BJ,124996,946805
HS2 9BL,125335,945794
HS2 9BP,126849,948590
HS2 9BQ,126001,947164
HS2 9BW,126779,947802
HS2 9DA,129681,947824
HS2 9DB,131121,948472
HS2 9DD,128731,947734
HS2 9DE,128758,947589
HS2 9DF,128822,947680
HS2 9DG,128803,947640
HS2 9DH,127718,948609
HS2 9DJ,131214,948834
HS2 9DQ,128707,947497
HS2 9DR,120952,931985
HS2 9DS,123501,931967
HS2 9DT,129145,929839
HS2 9DU,131345,929229
HS2 9DW,119509,938098
HS2 9DX,121858,933576
HS2 9DY,121802,933187
HS2 9DZ,121816,934421
HS2 9EA,121552,934970
HS2 9ED,121488,935112
HS2 9EF,121230,935660
HS2 9EJ,121398,929711
HS2 9EL,113494,927180
HS2 9EN,113758,923995
HS2 9EP,111249,930411
HS2 9ER,109985,933033
HS2 9ET,105484,933342
HS2 9EU,104580,932154
HS2 9EW,112902,925717
HS2 9EX,103342,931921
HS2 9EY,101139,931400
HS2 9HA,99292,927556
HS2 9HB,99208,925846
HS2 9HE,109053,934329
HS2 9HH,112210,928316
HS2 9HJ,112228,929473
HS2 9HL,111666,931889
HS2 9HP,108236,935970
HS2 9HR,109240,936824
HS2 9HS,109651,936523
HS2 9HU,110818,934555
HS2 9HW,108660,934874
HS2 9HX,109413,934522
HS2 9JA,104917,938060
HS2 9JB,139796,931307
HS2 9JD,105446,934061
HS2 9JE,105571,934409
HS2 9JF,104086,933787
HS2 9JG,105747,934472
HS2 9JH,113628,922525
HS2 9JL,119467,911804
HS2 9JN,140439,932612
HS2 9JP,135194,926953
HS2 9JR,134842,924727
HS2 9JT,135493,921589
HS2 9JW,138346,930501
HS2 9JX,136241,921855
HS2 9JY,142943,930622
HS2 9LA,132055,921998
HS2 9LE,124457,917341
HS2 9LG,129410,916413
HS2 9LN,118469,932792
HS2 9LP,116363,933894
HS2 9LQ,132631,912027
HS2 9LS,116734,934536
HS2 9LT,115950,936872
HS2 9LU,116088,936319
HS2 9LW,117331,933342
HS2 9LX,118797,934740
HS2 9LY,118304,934282
HS2 9LZ,115232,939824
HS2 9NA,114114,938499
HS2 9NB,114805,936586
HS2 9ND,115178,934745
HS2 9NF,136972,929032
HS2 9NG,137899,925811
HS2 9NH,140451,925833
HS2 9NJ,139305,927445
HS2 9NL,139191,925314
HS2 9NN,140474,924891
HS2 9NP,139380,924599
HS2 9NR,136899,925967
HS2 9NS,137898,925679
HS2 9NT,137849,925966
HS2 9NU,137397,925849
HS2 9NW,139420,925145
HS2 9NX,135953,926025
HS2 9NY,135461,926559
HS2 9PA,135298,926808
HS2 9PB,135394,927345
HS2 9PE,135542,927460
HS2 9PJ,133313,921678
HS2 9PN,129436,920792
HS2 9PP,128557,920791
HS2 9PR,128695,920801
HS2 9PS,128565,920680
HS2 9PT,127909,920520
HS2 9PW,130197,921245
HS2 9PX,126938,920240
HS2 9QA,134016,920040
HS2 9QB,132638,919646
HS2 9QD,136141,920010
HS2 9QE,136609,919961
HS2 9QH,139931,921142
HS2 9QJ,139320,920285
HS2 9QL,138841,919881
HS2 9QP,141255,918919
HS2 9QR,141534,917324
HS2 9QU,137836,915952
HS2 9QX,138749,915208
HS2 9QY,136833,915805
HS2 9QZ,137743,915943
HS2 9RA,128023,919589
HS2 9RD,138029,911723
HS2 9RE,137909,912078
HS2 9RF,137741,912136
HS2 9RG,136537,912005
HS2 9WZ,142807,932745
HS2 9YB,142807,932745
HS3 3AA,119168,910250
HS3 3AB,119145,911313
HS3 3AD,119308,911823
HS3 3AG,120341,906097
HS3 3AH,113767,901243
HS3 3AJ,112996,902708
HS3 3AL,113207,904058
HS3 3AQ,120342,905423
HS3 3AR,107328,906609
HS3 3AS,104700,908003
HS3 3AT,101062,909250
HS3 3AU,107280,906707
HS3 3AW,109512,905796
HS3 3AX,99834,911232
HS3 3AY,98971,912015
HS3 3BD,122846,901786
HS3 3BG,114916,900416
HS3 3BH,115041,900304
HS3 3BJ,114822,900530
HS3 3BL,116417,900014
HS3 3BP,119586,898635
HS3 3BQ,114899,900216
HS3 3BS,121324,898051
HS3 3BW,117349,899965
HS3 3DA,116249,900001
HS3 3DB,115940,899989
HS3 3DD,115991,900049
HS3 3DE,116019,900087
HS3 3DF,115835,899875
HS3 3DG,115783,899913
HS3 3DH,115809,900077
HS3 3DJ,115560,899979
HS3 3DL,115552,900149
HS3 3DN,115549,899684
HS3 3DP,115307,898869
HS3 3DR,114738,897985
HS3 3DW,117256,894729
HS3 3DX,117309,894714
HS3 3DY,115668,896395
HS3 3DZ,115150,896629
HS3 3EB,117908,893554
HS3 3ED,116948,892401
HS3 3EF,115182,892783
HS3 3EH,112849,892376
HS3 3EJ,114048,890448
HS3 3EL,111788,892844
HS3 3EN,113518,891013
HS3 3EP,114818,890736
HS3 3ER,115426,891339
HS3 3EX,111206,890072
HS3 3EY,111039,889412
HS3 3EZ,110529,889344
HS3 3HA,109816,888784
HS3 3HB,111504,890909
HS3 3HG,115199,899066
HS3 3HJ,114080,896340
HS3 3HL,107005,899132
HS3 3HP,107256,897198
HS3 3HQ,114824,898473
HS3 3HR,104916,896131
HS3 3HT,103320,894678
HS3 3HX,101300,893587
HS3 3JA,99184,889835
HS3 3JD,107437,886719
HS3 3JE,106452,885222
HS3 3JF,108071,885888
HS3 3JG,107940,887311
HS3 3JH,107866,887053
HS3 3JQ,108937,887232
HS3 3WZ,142807,932745
HS3 3YD,142807,932745
HS4 3XU,121519,896603
HS4 3XX,121526,896773
HS4 3XY,121901,896805
HS4 3XZ,121631,897168
HS4 3YA,121340,896562
HS4 3YB,121278,896188
HS4 3YD,121177,896860
HS4 3YF,121808,896184
HS4 3YG,122511,895262
HS5 3TL,102262,886609
HS5 3TN,102571,886212
HS5 3TS,101954,886796
HS5 3TT,101614,886891
HS5 3TU,101532,887098
HS5 3TW,104528,883911
HS5 3TX,101294,887257
HS5 3TY,100714,887685
HS5 3UA,101850,886387
HS5 3UB,101604,886202
HS5 3UD,102648,884550
HS5 3UE,103605,883619
HS6 5AA,91668,868593
HS6 5AB,91719,868482
HS6 5AD,91736,868389
HS6 5AE,91788,868955
HS6 5AF,92112,869534
HS6 5AG,90936,869301
HS6 5AH,90422,868278
HS6 5AJ,85728,881370
HS6 5AP,89627,870643
HS6 5AR,89694,871304
HS6 5AS,93550,871568
HS6 5AT,96192,873282
HS6 5AW,90663,869740
HS6 5AX,95574,874393
HS6 5AY,87271,875354
HS6 5AZ,89207,877338
HS6 5BB,92063,881443
HS6 5BD,92080,881502
HS6 5BE,91998,882420
HS6 5BF,92047,881711
HS6 5BG,92708,881936
HS6 5BH,91926,880875
HS6 5BJ,91520,880949
HS6 5BL,91891,880927
HS6 5BP,82463,875094
HS6 5BQ,93102,882182
HS6 5BR,93020,881503
HS6 5BS,81306,874820
HS6 5BT,81219,874949
HS6 5BU,80430,874589
HS6 5BW,85558,874087
HS6 5BX,79536,874165
HS6 5BY,78535,873228
HS6 5BZ,75174,875712
HS6 5DA,79360,873563
HS6 5DE,71630,871826
HS6 5DF,72449,872404
HS6 5DG,72332,872980
HS6 5DH,72719,874636
HS6 5DL,70657,871058
HS6 5DQ,72540,873546
HS6 5DS,74825,868271
HS6 5DT,75729,867988
HS6 5DU,76436,867301
HS6 5DW,72337,869989
HS6 5DX,74874,867931
HS6 5DY,75431,867243
HS6 5DZ,74535,867615
HS6 5EB,73644,867437
HS6 5ED,73663,868545
HS6 5EF,72937,868538
HS6 5EH,81893,860341
HS6 5EJ,81904,860941
HS6 5EL,82002,860704
HS6 5EN,81728,861980
HS6 5EP,78170,865588
HS6 5ES,79616,864459
HS6 5ET,79809,863617
HS6 5EU,85064,863389
HS6 5EW,77169,866731
HS6 5EX,88142,863246
HS6 5HA,83661,865207
HS6 5HD,81034,863921
HS6 5HE,80564,862984
HS6 5HG,79216,862510
HS6 5HL,81891,859430
HS6 5HN,83846,859768
HS6 5HP,85212,858956
HS6 5HQ,77762,861985
HS6 5HR,82055,860553
HS6 5HT,84544,857368
HS6 5HU,85674,857750
HS6 5HW,84609,859810
HS6 5HX,87234,856369
HS6 5HY,87864,855295
HS6 5JA,86144,856068
HS6 5JB,85159,856547
HS7 5AB,77021,855378
HS7 5LA,78015,855136
HS7 5LB,77552,855210
HS7 5LE,76898,855201
HS7 5LF,76989,855282
HS7 5LH,77119,855356
HS7 5LQ,77213,855252
HS7 5LS,76779,855386
HS7 5LT,77270,854472
HS7 5LU,76486,853649
HS7 5LW,78034,855339
HS7 5LX,79078,855059
HS7 5LY,80097,855236
HS7 5LZ,81339,855626
HS7 5ND,76774,855300
HS7 5NE,76800,855208
HS7 5NF,76896,855326
HS7 5NG,77777,855153
HS7 5PG,79748,848532
HS7 5PH,79820,848251
HS7 5PJ,78491,849936
HS7 5PL,79357,849339
HS7 5PN,76821,851333
HS7 5PP,78390,850874
HS7 5PQ,79806,848313
HS7 5PR,81251,847917
HS7 5PS,83069,847161
HS7 5PT,84575,846160
HS7 5PW,80123,848015
HS7 5PY,79798,849554
HS7 5PZ,79738,850290
HS7 5QA,79077,851766
HS7 5QB,78977,851708
HS7 5QD,81332,848248
HS7 5QF,81939,848619
HS7 5QG,83910,847834
HS7 5QH,85694,848093
HS7 5QJ,86612,849449
HS7 5QL,86058,848479
HS7 5QP,82125,855664
HS7 5QR,83376,855331
HS7 5QS,84234,854911
HS8 5JH,78979,811911
HS8 5JJ,78639,811954
HS8 5JL,78523,811554
HS8 5JN,78864,810682
HS8 5JP,79249,809963
HS8 5JR,79678,812134
HS8 5JT,78613,811828
HS8 5JU,78540,811829
HS8 5JW,79069,810360
HS8 5NA,83795,841404
HS8 5NS,82036,838852
HS8 5NU,81642,843607
HS8 5NX,82536,843313
HS8 5NY,83259,842165
HS8 5NZ,83242,840458
HS8 5PD,81648,844309
HS8 5PE,81397,845152
HS8 5QX,79047,847165
HS8 5QY,80048,845971
HS8 5RA,77526,846394
HS8 5RB,76541,846930
HS8 5RD,76103,846436
HS8 5RE,75194,845989
HS8 5RF,74278,845801
HS8 5RG,77746,845543
HS8 5RH,79885,846620
HS8 5RJ,79654,846204
HS8 5RL,79232,846134
HS8 5RP,77846,841935
HS8 5RQ,78649,846199
HS8 5RR,77373,839598
HS8 5RS,76859,838718
HS8 5RT,76055,837309
HS8 5RU,79252,846027
HS8 5RW,77470,841900
HS8 5RX,74057,825337
HS8 5RY,74279,826309
HS8 5RZ,73462,827631
HS8 5SA,74402,829641
HS8 5SB,74965,831518
HS8 5SD,74613,833566
HS8 5SF,74729,835107
HS8 5SG,75659,834941
HS8 5SH,76505,836179
HS8 5SJ,76691,829287
HS8 5SL,77173,827681
HS8 5SN,77995,828659
HS8 5SQ,76111,835211
HS8 5SS,75384,821059
HS8 5ST,75860,821262
HS8 5SU,75955,821180
HS8 5SX,75227,822184
HS8 5SY,74121,823620
HS8 5SZ,75507,820353
HS8 5TB,74721,820051
HS8 5TD,74153,818048
HS8 5TE,74842,817150
HS8 5TF,75634,816913
HS8 5TG,76092,821022
HS8 5TH,78735,819781
HS8 5TJ,79165,819559
HS8 5TL,79149,819498
HS8 5TN,77611,820331
HS8 5TP,79245,819394
HS8 5TR,74734,814829
HS8 5TS,77120,814052
HS8 5TT,75240,814531
HS8 5TU,74948,815475
HS8 5TW,78886,820012
HS8 5TX,74938,816510
HS8 5TY,75723,816605
HS8 5UB,77777,817702
HS8 5UD,79131,817548
HS8 5UE,79193,815098
HS9 5UA,69413,798940
HS9 5UB,69894,799304
HS9 5UH,67682,798485
HS9 5UJ,66882,798121
HS9 5UL,66886,797969
HS9 5UN,69106,798866
HS9 5UP,69824,799445
HS9 5UQ,66982,798317
HS9 5UR,70485,799820
HS9 5UT,71321,801510
HS9 5UU,71305,800901
HS9 5UW,69939,799092
HS9 5UX,71223,802481
HS9 5UY,72084,802411
HS9 5UZ,66510,797962
HS9 5XA,66579,798169
HS9 5XB,66151,798413
HS9 5XD,66491,798279
HS9 5XE,65925,798152
HS9 5XF,65834,798375
HS9 5XG,66110,798327
HS9 5XH,65833,798124
HS9 5XJ,65808,798286
HS9 5XL,65597,798721
HS9 5XN,65376,798438
HS9 5XP,65854,798156
HS9 5XQ,65991,798175
HS9 5XR,65865,801240
HS9 5XS,65955,801572
HS9 5XT,65906,802888
HS9 5XU,67202,803680
HS9 5XW,64940,800029
HS9 5XX,66624,804364
HS9 5XY,70211,803275
HS9 5XZ,67200,803327
HS9 5YA,71130,803339
HS9 5YB,70772,804267
HS9 5YD,70725,807749
HS9 5YE,70348,807660
HS9 5YG,66579,798169
HS9 5YH,70920,802982
HS9 5YL,63281,797381
HS9 5YN,65331,796066
HS9 5YP,63810,797169
HS9 5YQ,70782,802954
HS9 5YR,70423,806687
HS9 5YU,63215,794551
HS9 5YW,63184,794574
HS9 5ZE,65959,798232
