INSERT INTO USERS (USERNAME, PASSWORD, EMAIL, NAME, CREATION_DATE, ENABLED) VALUES ('styler', 'a6589b4b54e0d9c6b7cad840744ed48a', 's.tyler@example.org', 'Sam Tyler', '2008-04-06 18:20:02', 1);
INSERT INTO USERS (USERNAME, PASSWORD, EMAIL, NAME, CREATION_DATE, ENABLED) VALUES ('ghunt', 'a6589b4b54e0d9c6b7cad840744ed48a', 'g.hunt@example.org', 'Gene Hunt', '2008-04-06 18:20:02', 1);
INSERT INTO USERS (USERNAME, PASSWORD, EMAIL, NAME, CREATION_DATE, ENABLED) VALUES ('cskelton', 'a6589b4b54e0d9c6b7cad840744ed48a', 'c.skelton@example.org', 'Chris Skelton', '2008-04-06 18:20:02', 1);
INSERT INTO USERS (USERNAME, PASSWORD, EMAIL, NAME, CREATION_DATE, ENABLED) VALUES ('rcarling', 'a6589b4b54e0d9c6b7cad840744ed48a', 'r.carling@example.org', 'Ray Carling', '2008-04-06 18:20:02', 1);
INSERT INTO USERS (USERNAME, PASSWORD, EMAIL, NAME, CREATION_DATE, ENABLED) VALUES ('acartwright', 'a6589b4b54e0d9c6b7cad840744ed48a', 'a.cartwright@example.org', 'Annie Cartwright', '2008-04-06 18:20:02', 1);
INSERT INTO ROLES (ROLEID, NAME, DESCRIPTION) VALUES ('GROUP1', 'Group One', 'First Test Group');
INSERT INTO ROLES (ROLEID, NAME, DESCRIPTION) VALUES ('GROUP2', 'Group Two', 'Second Test Group');
INSERT INTO ROLES (ROLEID, NAME, DESCRIPTION) VALUES ('GROUP3', 'Group Three', 'Third Test Group');
INSERT INTO ROLES (ROLEID, NAME, DESCRIPTION) VALUES ('GROUP4', 'Group Four', 'Fourth Test Group');
INSERT INTO ROLES (ROLEID, NAME, DESCRIPTION) VALUES ('GROUP5', 'Group Five', 'Fifth Test Group');
INSERT INTO USERS_ROLES (USERNAME, ROLEID) VALUES ('styler', 'GROUP1');
INSERT INTO USERS_ROLES (USERNAME, ROLEID) VALUES ('ghunt', 'GROUP1');
INSERT INTO USERS_ROLES (USERNAME, ROLEID) VALUES ('cskelton', 'GROUP2');
INSERT INTO USERS_ROLES (USERNAME, ROLEID) VALUES ('rcarling', 'GROUP2');
INSERT INTO USERS_ROLES (USERNAME, ROLEID) VALUES ('acartwright', 'GROUP3');
INSERT INTO USERS_ROLES (USERNAME, ROLEID) VALUES ('styler', 'GROUP4');
INSERT INTO USERS_ROLES (USERNAME, ROLEID) VALUES ('rcarling', 'GROUP4');
INSERT INTO USERS_ROLES (USERNAME, ROLEID) VALUES ('styler', 'GROUP5');
INSERT INTO USERS_ROLES (USERNAME, ROLEID) VALUES ('acartwright', 'GROUP5');