HG1 1AA,430142,455387
HG1 1AD,430325,455321
HG1 1AE,430325,455321
HG1 1AF,430325,455321
HG1 1AG,430325,455321
HG1 1AX,430326,455606
HG1 1BA,430364,455598
HG1 1BB,430338,455636
HG1 1BE,430396,455629
HG1 1BJ,430274,454808
HG1 1BL,430230,454932
HG1 1BS,430054,455513
HG1 1BT,430030,455528
HG1 1BW,430043,455469
HG1 1BX,430283,455565
HG1 1BY,430212,455549
HG1 1DA,430300,455506
HG1 1DB,430199,455515
HG1 1DD,430212,455471
HG1 1DH,430108,455522
HG1 1DJ,430189,455472
HG1 1DL,430174,455611
HG1 1DP,430267,455636
HG1 1DQ,430165,455493
HG1 1DW,430216,455606
HG1 1DX,430468,455148
HG1 1DY,430417,455289
HG1 1ED,430382,455027
HG1 1EG,430352,455104
HG1 1EL,430282,455018
HG1 1EP,430519,454838
HG1 1EQ,430281,455075
HG1 1EY,430495,454831
HG1 1HB,430519,454894
HG1 1HD,430493,454990
HG1 1HE,430348,454840
HG1 1HF,430487,455052
HG1 1HH,430440,455014
HG1 1HL,430451,454791
HG1 1HN,430406,454789
HG1 1HP,430383,454868
HG1 1HQ,430459,454935
HG1 1HR,430390,454894
HG1 1HS,430342,454927
HG1 1HT,430309,454966
HG1 1HU,431404,456372
HG1 1HW,430421,454824
HG1 1HX,430417,454933
HG1 1HY,430423,454948
HG1 1HZ,430404,454987
HG1 1JA,430370,454945
HG1 1JB,430332,454734
HG1 1JD,430449,455119
HG1 1JG,430348,455202
HG1 1JL,430319,455203
HG1 1JS,431404,456372
HG1 1JT,430214,455172
HG1 1JU,430362,455155
HG1 1JW,430264,455178
HG1 1JX,430257,455148
HG1 1JZ,430191,455185
HG1 1LA,430166,455241
HG1 1LB,430195,455175
HG1 1LE,430252,455081
HG1 1LF,430231,455109
HG1 1LL,430296,455088
HG1 1LT,430330,455128
HG1 1LW,430325,455095
HG1 1LX,430261,455135
HG1 1LY,430271,455114
HG1 1NB,430320,455126
HG1 1ND,430316,455145
HG1 1NG,430298,455191
HG1 1NH,430255,455203
HG1 1NJ,430258,455191
HG1 1NS,430197,455392
HG1 1PB,430145,455369
HG1 1PE,430124,455326
HG1 1PH,430133,455331
HG1 1PL,430417,455289
HG1 1PN,430117,455366
HG1 1PP,430110,455432
HG1 1PQ,430138,455337
HG1 1PU,430205,455446
HG1 1PW,430118,455392
HG1 1PY,430263,455438
HG1 1QA,430265,455432
HG1 1QE,430262,455465
HG1 1QF,430255,455478
HG1 1QH,430314,455446
HG1 1QJ,430262,455465
HG1 1QQ,430347,455387
HG1 1QS,430332,455215
HG1 1QU,430293,455218
HG1 1QX,430251,455227
HG1 1QY,430212,455224
HG1 1RD,430325,455268
HG1 1RE,430307,455264
HG1 1RF,430269,455275
HG1 1RH,430188,455284
HG1 1RN,430197,455303
HG1 1RP,430270,455303
HG1 1RQ,430234,455279
HG1 1RU,430350,455366
HG1 1RW,430245,455296
HG1 1RX,430275,455372
HG1 1SG,430429,454804
HG1 1SL,431404,456372
HG1 1SP,430459,455224
HG1 1SS,430452,455180
HG1 1ST,430441,455152
HG1 1SY,430378,455208
HG1 1TB,430371,455210
HG1 1TD,430346,455264
HG1 1TE,430417,455289
HG1 1TJ,430417,455289
HG1 1TN,430223,455004
HG1 1TS,430417,455289
HG1 1TT,430415,455240
HG1 1TU,430352,455388
HG1 1TW,430223,455004
HG1 1TX,430337,455448
HG1 1TY,430321,455562
HG1 1TZ,430310,455661
HG1 1UA,430277,455669
HG1 1UB,430294,455573
HG1 1UE,430347,455555
HG1 1UF,430379,455548
HG1 1WA,431404,456372
HG1 1WU,431404,456372
HG1 1WY,431404,456372
HG1 1XX,430175,455805
HG1 1ZT,431404,456372
HG1 2AA,430175,455805
HG1 2AB,430245,456151
HG1 2AD,430293,456204
HG1 2AE,430184,456174
HG1 2AF,430256,456250
HG1 2AG,430430,456528
HG1 2AH,430353,456449
HG1 2AJ,430390,456518
HG1 2AL,430398,456533
HG1 2AN,430463,456570
HG1 2AP,430313,456372
HG1 2AQ,430392,456585
HG1 2AR,430363,456356
HG1 2AS,430288,456293
HG1 2AT,430254,456398
HG1 2AU,429586,456521
HG1 2AW,430368,456493
HG1 2AX,429278,456491
HG1 2AY,430282,456654
HG1 2AZ,430311,456690
HG1 2BA,430268,456666
HG1 2BB,429358,456759
HG1 2BD,429326,456745
HG1 2BE,429294,456689
HG1 2BF,429628,456726
HG1 2BG,429228,456690
HG1 2BH,429246,456819
HG1 2BJ,429301,456554
HG1 2BL,429434,456543
HG1 2BN,429354,456448
HG1 2BP,429281,456402
HG1 2BQ,429302,456659
HG1 2BS,429667,456640
HG1 2BT,429692,456562
HG1 2BU,430017,455410
HG1 2BW,429407,456469
HG1 2BX,429606,456755
HG1 2BY,429578,456826
HG1 2BZ,429615,456800
HG1 2DB,429711,456809
HG1 2DD,429724,456786
HG1 2DE,429741,456726
HG1 2DF,429756,456681
HG1 2DG,429777,456658
HG1 2DH,429821,456575
HG1 2DJ,429854,456527
HG1 2DL,429826,456461
HG1 2DN,430016,456567
HG1 2DP,429976,456612
HG1 2DQ,429862,456699
HG1 2DR,429775,456354
HG1 2DS,429921,456350
HG1 2DT,429790,456291
HG1 2DU,429859,456248
HG1 2DW,429782,456536
HG1 2DX,430170,456290
HG1 2DY,429987,456319
HG1 2DZ,429786,456403
HG1 2EA,430194,456381
HG1 2EB,430056,456396
HG1 2ED,430128,456378
HG1 2EE,430083,456271
HG1 2EF,430150,456269
HG1 2EG,429936,455388
HG1 2EH,430189,456255
HG1 2EJ,430285,456371
HG1 2EL,430261,456428
HG1 2EP,429713,455887
HG1 2ER,429483,455725
HG1 2ES,429306,455638
HG1 2ET,429188,455665
HG1 2EU,429010,455535
HG1 2EX,429114,455662
HG1 2EY,429357,455527
HG1 2EZ,429230,455407
HG1 2HA,429047,455377
HG1 2HB,428866,455245
HG1 2HE,428634,455238
HG1 2HF,428612,455266
HG1 2HG,429091,455334
HG1 2HH,429867,455850
HG1 2HJ,429850,456035
HG1 2HL,429716,455497
HG1 2HP,429896,455878
HG1 2HR,429969,455864
HG1 2HS,430035,455917
HG1 2HT,430010,455861
HG1 2HU,429995,455755
HG1 2HW,430162,455878
HG1 2HX,429962,455910
HG1 2JA,429821,455753
HG1 2JB,429855,455890
HG1 2JD,429758,455795
HG1 2JE,429931,455966
HG1 2JF,429861,456072
HG1 2JG,429920,456133
HG1 2JH,429819,456209
HG1 2JJ,429813,456061
HG1 2JL,429742,456066
HG1 2JN,429663,456166
HG1 2JP,429519,456172
HG1 2JQ,429798,456155
HG1 2JR,429510,456115
HG1 2JT,429704,456281
HG1 2JU,429612,456291
HG1 2JW,429608,456103
HG1 2JY,429355,456023
HG1 2JZ,429419,456024
HG1 2LA,429287,456130
HG1 2LB,430110,456005
HG1 2LE,429648,455985
HG1 2LF,429435,455881
HG1 2LG,429499,455981
HG1 2LH,429514,455849
HG1 2LJ,429377,455827
HG1 2LL,429317,455886
HG1 2LN,429167,455875
HG1 2LP,429121,455692
HG1 2LQ,429636,455889
HG1 2LR,429014,455765
HG1 2LS,428966,455707
HG1 2LT,428846,455574
HG1 2LU,428685,455545
HG1 2LW,429146,455782
HG1 2LZ,430477,456547
HG1 2NA,428317,455384
HG1 2NB,429113,455031
HG1 2NE,428919,455057
HG1 2NF,428797,455021
HG1 2NG,428534,455160
HG1 2NH,428577,455364
HG1 2NL,428782,455454
HG1 2NN,428701,455368
HG1 2NP,428972,455233
HG1 2NQ,428505,455308
HG1 2NS,428978,455107
HG1 2NT,429740,456103
HG1 2NU,428860,455167
HG1 2NW,428976,455408
HG1 2NX,428736,455136
HG1 2NY,428522,455204
HG1 2PB,429080,455172
HG1 2PD,430344,456592
HG1 2PE,429569,455341
HG1 2PH,429737,455412
HG1 2PJ,429723,455397
HG1 2PL,429695,455393
HG1 2PN,429637,455413
HG1 2PP,429327,455188
HG1 2PQ,429520,455216
HG1 2PR,429191,455131
HG1 2PW,429537,455306
HG1 2PX,429167,455173
HG1 2PY,429277,455295
HG1 2PZ,429365,455324
HG1 2QA,429644,455492
HG1 2QD,429588,455522
HG1 2QE,429534,455470
HG1 2QF,429579,455554
HG1 2QG,429535,455678
HG1 2QH,429654,455522
HG1 2QJ,429187,455033
HG1 2QL,429402,455446
HG1 2QP,429164,455313
HG1 2QR,430077,456082
HG1 2QS,430142,456127
HG1 2QT,430104,456107
HG1 2QU,430056,455338
HG1 2QW,429199,455353
HG1 2QY,430036,455344
HG1 2QZ,430088,455367
HG1 2RB,430030,455378
HG1 2RE,430017,455426
HG1 2RG,429824,455429
HG1 2RL,430043,455478
HG1 2RN,430052,455446
HG1 2RP,429589,456436
HG1 2RQ,430070,455423
HG1 2RR,429959,455454
HG1 2RS,429886,455441
HG1 2RT,429886,455441
HG1 2RY,429886,455441
HG1 2RZ,429872,455376
HG1 2SA,429802,455437
HG1 2SB,429817,455543
HG1 2SD,431404,456372
HG1 2SE,429760,455427
HG1 2SF,429409,455055
HG1 2SG,429893,455526
HG1 2SH,429378,455093
HG1 2SJ,429302,455048
HG1 2SL,429257,455024
HG1 2SN,429367,455125
HG1 2SQ,429246,455069
HG1 2SR,429765,455628
HG1 2SS,429851,455604
HG1 2SX,429895,455608
HG1 2SY,429905,455565
HG1 2SZ,429852,455323
HG1 2TA,429815,455332
HG1 2TF,429957,455351
HG1 2TG,429949,455311
HG1 2TJ,430035,455283
HG1 2TQ,429982,455319
HG1 2TR,430050,456122
HG1 2TS,430081,456135
HG1 2WH,429959,455454
HG1 2WJ,429959,455454
HG1 2WL,429959,455454
HG1 2WN,431404,456372
HG1 2WQ,431404,456372
HG1 2WW,431404,456372
HG1 2WX,431404,456372
HG1 2XG,431404,456372
HG1 2XJ,431404,456372
HG1 2XL,431404,456372
HG1 2XQ,431404,456372
HG1 2YR,431404,456372
HG1 2YS,431404,456372
HG1 2ZB,431404,456372
HG1 2ZP,431404,456372
HG1 2ZU,431404,456372
HG1 2ZX,431404,456372
HG1 3AA,430349,456933
HG1 3AB,430287,456894
HG1 3AD,430171,456830
HG1 3AE,430203,456903
HG1 3AF,430018,456859
HG1 3AG,430213,457073
HG1 3AH,429964,456905
HG1 3AJ,430106,457069
HG1 3AL,430090,457045
HG1 3AN,430118,457187
HG1 3AP,430112,457347
HG1 3AQ,430150,456953
HG1 3AR,429807,457426
HG1 3AS,429655,457657
HG1 3AT,430273,456802
HG1 3AU,429941,457260
HG1 3AW,430028,457325
HG1 3AZ,430212,457277
HG1 3BA,430346,456753
HG1 3BB,430366,456856
HG1 3BD,430393,456894
HG1 3BE,430412,456918
HG1 3BG,430277,457105
HG1 3BH,430372,457224
HG1 3BJ,430351,457252
HG1 3BL,430462,457360
HG1 3BN,430584,457380
HG1 3BP,430560,457281
HG1 3BQ,430255,457079
HG1 3BS,430586,457162
HG1 3BT,430520,457055
HG1 3BU,430503,457114
HG1 3BW,430539,457352
HG1 3BX,430511,457087
HG1 3BY,430383,457097
HG1 3BZ,430389,457176
HG1 3DA,429884,457435
HG1 3DB,429951,457555
HG1 3DD,429826,457550
HG1 3DE,429929,457614
HG1 3DF,430047,457527
HG1 3DG,430918,457226
HG1 3DH,430809,457345
HG1 3DJ,431027,457268
HG1 3DL,430217,457699
HG1 3DN,430180,457569
HG1 3DP,430434,456858
HG1 3DQ,430950,457313
HG1 3DR,430443,456820
HG1 3DS,430443,456921
HG1 3DT,430620,457027
HG1 3DU,430652,456996
HG1 3DX,430734,457289
HG1 3DY,430121,457615
HG1 3DZ,430547,457437
HG1 3EA,430448,457478
HG1 3EB,430415,457872
HG1 3ED,430316,457316
HG1 3EE,430309,457385
HG1 3EF,430225,457421
HG1 3EG,430151,457413
HG1 3EH,430368,457526
HG1 3EJ,430299,457467
HG1 3EL,430238,457325
HG1 3EN,430337,457682
HG1 3EP,429591,456867
HG1 3EQ,430265,457570
HG1 3EW,430195,457748
HG1 3EX,430239,456710
HG1 3EY,430064,456666
HG1 3EZ,430194,456749
HG1 3GZ,429621,456915
HG1 3HA,430057,456781
HG1 3HB,429969,456808
HG1 3HD,429967,456740
HG1 3HE,429678,456880
HG1 3HF,429630,456860
HG1 3HG,429319,456861
HG1 3HH,429445,456954
HG1 3HJ,429396,457083
HG1 3HL,429501,456971
HG1 3HP,429681,456983
HG1 3HQ,429234,456845
HG1 3HR,429617,456998
HG1 3HS,429620,456898
HG1 3HT,429346,457028
HG1 3HU,429386,456958
HG1 3HW,429629,456956
HG1 3HX,429735,456938
HG1 3HY,429794,456976
HG1 3HZ,429753,457186
HG1 3JA,429800,457194
HG1 3JB,429880,457130
HG1 3JD,429832,457276
HG1 3JE,429859,457299
HG1 3JF,429993,457248
HG1 3JG,430069,457243
HG1 3JH,429911,457112
HG1 3JJ,429935,457020
HG1 3JL,429938,456955
HG1 3JN,429570,457099
HG1 3JP,431404,456372
HG1 3JQ,429997,457144
HG1 3JR,429479,457033
HG1 3JS,431192,457608
HG1 3JT,429598,456958
HG1 3JU,431184,457546
HG1 3JW,429583,457147
HG1 3JX,431208,457516
HG1 3JY,430975,457547
HG1 3JZ,431106,457591
HG1 3LA,429726,457082
HG1 3LB,430554,457575
HG1 3LD,431009,457621
HG1 3LE,430941,457713
HG1 3LF,430935,457761
HG1 3LG,430955,457485
HG1 3LH,430744,457497
HG1 3LJ,430794,457450
HG1 3LL,430657,457415
HG1 3LN,430940,457662
HG1 3LP,430899,457705
HG1 3LQ,430846,457491
HG1 3LR,430836,457720
HG1 3LS,430806,457629
HG1 3LT,430724,457567
HG1 3LU,430697,457736
HG1 3LW,431089,457660
HG1 3LX,430650,457516
HG1 3NA,430628,457640
HG1 3NB,430617,457712
HG1 3ND,430558,457708
HG1 3XA,431404,456372
HG1 3XS,431404,456372
HG1 3XU,431404,456372
HG1 3YL,431404,456372
HG1 4AA,430983,455845
HG1 4AB,431620,455594
HG1 4AD,431116,455776
HG1 4AE,431269,455766
HG1 4AF,431152,455797
HG1 4AG,431168,455930
HG1 4AH,431136,455955
HG1 4AJ,431302,456052
HG1 4AL,431384,456024
HG1 4AN,431415,456049
HG1 4AP,431479,456128
HG1 4AQ,431142,455894
HG1 4AS,431290,456268
HG1 4AT,431217,456377
HG1 4AU,431199,456224
HG1 4AW,431283,456175
HG1 4AX,431228,456178
HG1 4AY,431404,456372
HG1 4AZ,431094,455839
HG1 4BA,431320,456338
HG1 4BB,431459,456409
HG1 4BD,430964,455996
HG1 4BE,431001,455966
HG1 4BG,431057,455938
HG1 4BH,431079,456103
HG1 4BJ,431026,456113
HG1 4BL,430946,456020
HG1 4BN,430892,456089
HG1 4BP,430952,456092
HG1 4BQ,431052,455958
HG1 4BS,430980,456153
HG1 4BT,431024,456232
HG1 4BU,431035,456326
HG1 4BW,430903,456111
HG1 4BX,431033,456272
HG1 4BY,431059,456309
HG1 4BZ,431098,456355
HG1 4DA,431108,456383
HG1 4DE,431193,456442
HG1 4DG,430870,456020
HG1 4DH,431790,457761
HG1 4DJ,431472,457659
HG1 4DL,432008,457784
HG1 4DN,432625,457392
HG1 4DP,430911,456173
HG1 4DR,432861,456468
HG1 4DS,431403,456447
HG1 4DU,431015,455845
HG1 4DW,433334,457430
HG1 4DY,433117,456492
HG1 4DZ,433114,456411
HG1 4EA,433049,456444
HG1 4EB,432882,456573
HG1 4ED,432489,456749
HG1 4EE,431404,456372
HG1 4EF,432741,456512
HG1 4EG,431002,457150
HG1 4EH,430992,457093
HG1 4EJ,430947,457132
HG1 4EL,431108,457243
HG1 4EN,431055,457167
HG1 4EP,431174,457378
HG1 4EQ,431027,457036
HG1 4ER,431334,457278
HG1 4ES,431184,457189
HG1 4ET,431306,457168
HG1 4EU,431264,457224
HG1 4EW,431123,457309
HG1 4EX,431334,457156
HG1 4EY,431137,457115
HG1 4EZ,431140,457202
HG1 4HA,430581,456752
HG1 4HB,430832,456971
HG1 4HE,430550,456621
HG1 4HF,430504,456669
HG1 4HG,430526,456766
HG1 4HH,430678,456965
HG1 4HJ,430752,456978
HG1 4HL,430646,456744
HG1 4HN,430765,456797
HG1 4HP,430925,456996
HG1 4HQ,430628,456886
HG1 4HR,430897,457049
HG1 4HS,430861,457095
HG1 4HT,430751,456900
HG1 4HU,430677,456831
HG1 4HW,430841,457016
HG1 4HX,430584,456824
HG1 4HZ,431082,456574
HG1 4JA,431117,456740
HG1 4JB,431228,456880
HG1 4JD,431259,456847
HG1 4JE,431463,457126
HG1 4JF,431520,457135
HG1 4JG,431457,457445
HG1 4JH,431329,457448
HG1 4JJ,431429,457368
HG1 4JL,431403,457321
HG1 4JN,431342,457415
HG1 4JP,431255,457496
HG1 4JQ,431416,457443
HG1 4JR,431225,457411
HG1 4JS,431374,457301
HG1 4JU,431317,456792
HG1 4JW,431256,457434
HG1 4JX,431402,456891
HG1 4JY,431407,456770
HG1 4JZ,431509,456989
HG1 4LA,430758,456155
HG1 4LB,430717,456309
HG1 4LD,430687,456306
HG1 4LE,430662,456254
HG1 4LF,430606,456368
HG1 4LG,430534,456335
HG1 4LJ,430482,456581
HG1 4LL,430531,456581
HG1 4LN,430863,456587
HG1 4LP,430814,456505
HG1 4LQ,430580,456401
HG1 4LR,430746,456392
HG1 4LS,430802,456406
HG1 4LT,430769,456426
HG1 4LU,430864,456465
HG1 4LW,430802,456510
HG1 4LX,430955,456489
HG1 4LY,430866,456358
HG1 4LZ,430893,456291
HG1 4NA,430953,456389
HG1 4NB,431010,456415
HG1 4ND,431014,456470
HG1 4NE,431052,456719
HG1 4NF,430972,456708
HG1 4NG,430927,456641
HG1 4NH,430714,456561
HG1 4NJ,432326,455804
HG1 4NL,432292,455913
HG1 4NN,432240,455839
HG1 4NP,430623,456641
HG1 4NQ,430852,456618
HG1 4NR,430676,456675
HG1 4NS,430765,456705
HG1 4NT,430816,456746
HG1 4NU,430861,456731
HG1 4NW,432452,455799
HG1 4NX,430898,456765
HG1 4PA,431444,455725
HG1 4PE,430971,456836
HG1 4PF,430946,456883
HG1 4PL,430988,456989
HG1 4PN,431231,457080
HG1 4PP,431316,457050
HG1 4PR,431240,457019
HG1 4PS,430453,456699
HG1 4PT,432818,456122
HG1 4PW,431400,457161
HG1 4PY,432857,456040
HG1 4PZ,432898,456093
HG1 4QA,432893,456150
HG1 4QB,432905,456182
HG1 4QD,432896,456236
HG1 4QE,432676,456283
HG1 4QF,432679,456368
HG1 4QG,432640,456357
HG1 4QH,432677,456456
HG1 4QJ,432727,456423
HG1 4QL,432533,456470
HG1 4QN,432773,456390
HG1 4QP,432901,456309
HG1 4QQ,432673,456403
HG1 4QR,432909,456271
HG1 4QS,432819,456248
HG1 4QT,432726,456480
HG1 4QW,432812,456364
HG1 4QX,432390,455950
HG1 4QY,432269,456107
HG1 4QZ,432345,455955
HG1 4RA,432619,455907
HG1 4RB,432431,455965
HG1 4RD,432318,456177
HG1 4RF,432209,456306
HG1 4RG,432557,455990
HG1 4RH,432539,456078
HG1 4RJ,432469,456238
HG1 4RL,432447,456347
HG1 4RN,432434,456292
HG1 4RP,432598,455972
HG1 4RQ,432460,456085
HG1 4RT,431936,455765
HG1 4RU,431894,455931
HG1 4RW,432351,456272
HG1 4RX,431801,455937
HG1 4RZ,432006,455789
HG1 4SA,431940,455933
HG1 4SB,431978,456038
HG1 4SD,432061,455991
HG1 4SE,432131,456128
HG1 4SF,432098,455769
HG1 4SG,432012,455912
HG1 4SH,432221,455913
HG1 4SJ,432170,456016
HG1 4SL,432211,456029
HG1 4SN,431580,455651
HG1 4SP,431266,455457
HG1 4SQ,432183,455827
HG1 4SR,431377,455698
HG1 4SS,431281,455469
HG1 4ST,431545,455602
HG1 4SU,431631,455652
HG1 4SW,431188,455431
HG1 4SY,431609,455681
HG1 4SZ,431595,455766
HG1 4TA,431679,455805
HG1 4TB,431755,455780
HG1 4TD,431697,455676
HG1 4TE,431762,455739
HG1 4TF,431769,455663
HG1 4TG,431867,455748
HG1 4TH,431703,455918
HG1 4TJ,431935,456061
HG1 4TL,432118,456170
HG1 4TQ,431792,455890
HG1 4UA,430558,456443
HG1 4UX,431404,456372
HG1 4WD,431404,456372
HG1 4WQ,431404,456372
HG1 4WS,431404,456372
HG1 4WU,431404,456372
HG1 4XD,431404,456372
HG1 4XJ,431404,456372
HG1 4XR,431404,456372
HG1 4XU,431497,456103
HG1 4XW,431404,456372
HG1 4YW,431404,456372
HG1 4ZU,431404,456372
HG1 5AA,430846,455354
HG1 5AB,430897,455391
HG1 5AD,430958,455239
HG1 5AE,430994,455235
HG1 5AF,431024,455400
HG1 5AG,431064,455530
HG1 5AH,430936,455182
HG1 5AJ,430976,455474
HG1 5AL,430997,455624
HG1 5AN,431022,455674
HG1 5AP,431016,455395
HG1 5AQ,431010,455555
HG1 5AR,430852,455664
HG1 5AT,430919,455790
HG1 5AU,430910,455717
HG1 5AW,430981,455754
HG1 5AY,430903,455813
HG1 5AZ,430928,455845
HG1 5BA,430865,455809
HG1 5BG,430526,455498
HG1 5BJ,430471,455536
HG1 5BP,430463,455563
HG1 5BQ,430460,455478
HG1 5BS,430938,455745
HG1 5BW,430466,455581
HG1 5BY,430593,455600
HG1 5BZ,430583,455647
HG1 5DA,430652,455669
HG1 5DB,430625,455898
HG1 5DD,430874,455866
HG1 5DE,430479,455659
HG1 5DF,430677,455929
HG1 5DG,430741,455800
HG1 5DH,430800,455775
HG1 5DL,430802,455972
HG1 5DN,430752,455969
HG1 5DQ,430776,455785
HG1 5DR,430647,455947
HG1 5DS,430728,455887
HG1 5DT,430729,455848
HG1 5DW,430689,455888
HG1 5DZ,430340,456097
HG1 5EA,430228,455676
HG1 5EB,430257,455722
HG1 5ED,430307,455779
HG1 5EE,430379,455822
HG1 5EF,430360,455684
HG1 5EG,430418,455665
HG1 5EH,430373,455898
HG1 5EJ,430352,455976
HG1 5EL,430369,456078
HG1 5EN,430438,456052
HG1 5EP,430614,456183
HG1 5EQ,430364,455761
HG1 5ES,430644,456092
HG1 5ET,430632,456050
HG1 5EU,430605,456096
HG1 5EW,430412,456168
HG1 5EX,430471,456033
HG1 5EY,430470,455845
HG1 5EZ,430510,455929
HG1 5FE,431404,456372
HG1 5FJ,431404,456372
HG1 5GZ,431404,456372
HG1 5HA,430488,455819
HG1 5HB,430410,455720
HG1 5HD,430409,455794
HG1 5HE,430593,456084
HG1 5HH,430275,456015
HG1 5HJ,430274,456125
HG1 5HP,430326,456223
HG1 5HR,430483,456219
HG1 5HS,430482,456250
HG1 5HT,430602,456221
HG1 5HW,430338,456138
HG1 5HX,430512,456280
HG1 5HY,430411,456314
HG1 5HZ,430376,456347
HG1 5JA,430450,456304
HG1 5JB,430516,456365
HG1 5JD,430590,456317
HG1 5JE,430466,456318
HG1 5JF,430495,456388
HG1 5JG,430448,456438
HG1 5JH,431404,456372
HG1 5JN,430607,456361
HG1 5JP,430116,455601
HG1 5JQ,430437,456487
HG1 5JR,430231,455737
HG1 5JS,430278,455831
HG1 5JT,430151,455631
HG1 5JU,430297,455959
HG1 5JW,430129,455612
HG1 5JX,430221,455927
HG1 5JY,430190,455969
HG1 5LA,430063,455613
HG1 5LB,430521,455266
HG1 5LF,430473,455304
HG1 5LH,430522,455336
HG1 5LP,430690,455646
HG1 5LQ,430490,455417
HG1 5LR,430810,455731
HG1 5LT,430716,455611
HG1 5LW,430528,455377
HG1 5LY,430636,455507
HG1 5LZ,430639,455474
HG1 5NA,430671,455366
HG1 5NB,430581,455413
HG1 5ND,430570,455309
HG1 5NE,430684,455280
HG1 5NF,430711,455320
HG1 5NG,430752,455423
HG1 5NH,430800,455587
HG1 5NJ,430793,455445
HG1 5NL,430837,455576
HG1 5NN,430903,455605
HG1 5NP,430769,455616
HG1 5NQ,430802,455509
HG1 5NR,430695,455567
HG1 5NS,430961,455349
HG1 5NT,430556,455291
HG1 5NW,430944,455646
HG1 5NX,430161,455736
HG1 5PA,430494,455171
HG1 5PD,430604,455219
HG1 5PE,430642,455226
HG1 5PG,430635,455198
HG1 5PJ,430754,455281
HG1 5PL,430796,455262
HG1 5PN,430816,455295
HG1 5PP,430862,455104
HG1 5PR,430683,455106
HG1 5PW,430735,455182
HG1 5PX,430735,455182
HG1 5PZ,430658,455187
HG1 5QA,430658,455187
HG1 5QE,430647,455170
HG1 5QF,430877,455877
HG1 5QG,430827,455090
HG1 5QJ,430605,455169
HG1 5QN,430605,455169
HG1 5QP,430647,455170
HG1 5QQ,430605,455169
HG1 5QR,430839,455039
HG1 5QS,430741,455056
HG1 5QT,430671,455053
HG1 5QU,430589,454962
HG1 5QX,430780,455071
HG1 5QY,430540,455064
HG1 5RD,430533,455132
HG1 5RG,430835,456351
HG1 5RH,430759,454959
HG1 5RJ,430779,454986
HG1 5RL,430650,454974
HG1 5RQ,430884,455205
HG1 5RR,430788,455673
HG1 5RS,430854,455715
HG1 5RX,430817,455216
HG1 5RZ,430552,455606
HG1 5SA,430319,455726
HG1 5SP,430545,455559
HG1 5SS,431404,456372
HG1 5SW,431404,456372
HG1 5US,431404,456372
HG1 5UU,431404,456372
HG1 5WA,431404,456372
HG1 5WP,431404,456372
HG1 5XL,431404,456372
HG1 5XP,431404,456372
HG1 5XY,431404,456372
HG1 5ZD,431404,456372
HG1 5ZL,431404,456372
HG1 5ZS,431404,456372
HG1 9AA,431404,456372
HG1 9AD,431404,456372
HG1 9AE,431404,456372
HG1 9AG,431404,456372
HG1 9AS,431404,456372
HG1 9AX,431404,456372
HG1 9BE,431404,456372
HG1 9BJ,431404,456372
HG1 9BQ,431404,456372
HG1 9BX,431404,456372
HG1 9BY,431404,456372
HG1 9BZ,431404,456372
HG1 9DJ,431404,456372
HG1 9EA,431404,456372
HG1 9EE,431404,456372
HG1 9EF,431404,456372
HG1 9EP,431404,456372
HG1 9ER,431404,456372
HG1 9EW,431404,456372
HG1 9EY,431404,456372
HG1 9EZ,431404,456372
HG1 9FF,431404,456372
HG1 9FG,431404,456372
HG1 9FH,431404,456372
HG1 9FN,431404,456372
HG1 9FR,431404,456372
HG1 9FS,431404,456372
HG1 9FT,431404,456372
HG1 9FU,431404,456372
HG1 9FZ,431404,456372
HG1 9GB,431404,456372
HG1 9GF,431404,456372
HG1 9GJ,431404,456372
HG1 9GL,431404,456372
HG1 9GN,431404,456372
HG1 9GR,431404,456372
HG1 9GS,431404,456372
HG1 9GU,431404,456372
HG1 9GX,431404,456372
HG1 9HB,431404,456372
HG1 9HE,431404,456372
HG1 9HG,431404,456372
HG1 9HH,431404,456372
HG1 9HL,431404,456372
HG1 9HN,431404,456372
HG1 9HP,431404,456372
HG1 9HQ,431404,456372
HG1 9HR,431404,456372
HG1 9JB,431404,456372
HG1 9JD,431404,456372
HG1 9JF,431404,456372
HG1 9JJ,431404,456372
HG1 9JL,431404,456372
HG1 9JP,431404,456372
HG1 9JQ,431404,456372
HG1 9JS,431404,456372
HG1 9JU,431404,456372
HG1 9JW,431404,456372
HG1 9JY,431404,456372
HG1 9LA,431404,456372
HG1 9LE,431404,456372
HG1 9LF,431404,456372
HG1 9LG,431404,456372
HG1 9LH,431404,456372
HG1 9LJ,431404,456372
HG1 9LL,431404,456372
HG1 9LN,431404,456372
HG1 9LP,431404,456372
HG1 9LR,431404,456372
HG1 9LS,431404,456372
HG1 9LT,431404,456372
HG1 9LU,431404,456372
HG1 9LW,431404,456372
HG1 9LX,431404,456372
HG1 9LY,431404,456372
HG1 9LZ,431404,456372
HG1 9NA,431404,456372
HG1 9NB,431404,456372
HG1 9ND,431404,456372
HG1 9NE,431404,456372
HG1 9NF,431404,456372
HG1 9NG,431404,456372
HG1 9NH,431404,456372
HG1 9NJ,431404,456372
HG1 9NL,431404,456372
HG1 9NN,431404,456372
HG1 9NQ,431404,456372
HG1 9SA,429893,455526
HG1 9SB,429893,455526
HG1 9SD,429893,455526
HG1 9SE,429893,455526
HG1 9SF,429893,455526
HG1 9SG,429893,455526
HG1 9SH,429893,455526
HG1 9SJ,429893,455526
HG1 9SL,429893,455526
HG1 9SN,429893,455526
HG1 9SP,429893,455526
HG1 9SQ,429893,455526
HG1 9SR,429893,455526
HG1 9SS,429893,455526
HG1 9ST,429893,455526
HG1 9SU,429893,455526
HG1 9SW,429893,455526
HG1 9SX,429893,455526
HG1 9SY,429893,455526
HG1 9SZ,429893,455526
HG1 9TA,429893,455526
HG1 9TB,429893,455526
HG1 9TD,429893,455526
HG1 9TE,429893,455526
HG1 9TF,429893,455526
HG1 9TG,429893,455526
HG1 9TH,429893,455526
HG1 9TJ,429893,455526
HG1 9TL,429893,455526
HG1 9TN,429893,455526
HG1 9TP,429893,455526
HG1 9TQ,429893,455526
HG1 9TR,429893,455526
HG1 9TS,429893,455526
HG1 9TT,429893,455526
HG1 9TU,429893,455526
HG1 9WY,431404,456372
HG1 9WZ,431404,456372
HG2 0AD,429140,454409
HG2 0AE,428994,454273
HG2 0AF,429242,454056
HG2 0AG,429066,454036
HG2 0AH,429186,453977
HG2 0AJ,429262,453917
HG2 0AL,429299,453778
HG2 0AN,429258,453819
HG2 0AP,429135,453879
HG2 0AQ,429141,453985
HG2 0AR,429113,453791
HG2 0AS,429261,453685
HG2 0AT,429075,453974
HG2 0AU,429011,453875
HG2 0AW,429196,453817
HG2 0AX,429002,453827
HG2 0AY,428943,453896
HG2 0AZ,428819,454242
HG2 0BA,428836,454771
HG2 0BB,429234,454199
HG2 0BD,429222,454280
HG2 0BF,429653,455079
HG2 0BG,429122,453369
HG2 0BH,429083,453599
HG2 0BJ,429086,453527
HG2 0BL,429090,453495
HG2 0BN,428992,453544
HG2 0BP,428976,453627
HG2 0BQ,429187,453482
HG2 0BS,428838,453764
HG2 0BT,428798,453691
HG2 0BU,428731,453812
HG2 0BW,428982,453674
HG2 0BX,428897,453841
HG2 0BY,428855,453830
HG2 0BZ,428864,453763
HG2 0DA,428801,453913
HG2 0DB,428726,454148
HG2 0DD,428696,454079
HG2 0DE,428728,454216
HG2 0DF,428787,454125
HG2 0DG,429771,453678
HG2 0DH,429613,454977
HG2 0DJ,430016,454486
HG2 0DN,429860,454506
HG2 0DP,429503,454284
HG2 0DQ,429277,454092
HG2 0DR,429397,454402
HG2 0DS,429324,454380
HG2 0DT,429243,454433
HG2 0DU,429363,454170
HG2 0DW,429635,454300
HG2 0DX,429694,454257
HG2 0DY,429683,454205
HG2 0DZ,429831,454195
HG2 0EA,429700,454088
HG2 0EB,429880,453915
HG2 0ED,429782,453995
HG2 0EE,429806,453904
HG2 0EF,429768,453812
HG2 0EG,429448,454504
HG2 0EH,429711,453695
HG2 0EJ,429896,454769
HG2 0EL,430030,454959
HG2 0EN,429994,455062
HG2 0EP,429411,454790
HG2 0EQ,429285,454357
HG2 0ER,429990,454878
HG2 0ES,429981,454853
HG2 0ET,429973,454807
HG2 0EU,429954,454741
HG2 0EW,430014,454925
HG2 0EX,429947,454577
HG2 0EY,429891,454589
HG2 0EZ,429847,454692
HG2 0FD,429315,454297
HG2 0FG,429161,454225
HG2 0HA,429831,454586
HG2 0HB,429778,454536
HG2 0HD,429667,454645
HG2 0HE,429690,454729
HG2 0HF,429743,454714
HG2 0HG,429803,454764
HG2 0HH,429497,454455
HG2 0HJ,429210,454473
HG2 0HL,429693,454479
HG2 0HN,429639,454462
HG2 0HP,429530,454402
HG2 0HQ,429968,454942
HG2 0HR,429501,454337
HG2 0HS,429457,453761
HG2 0HT,429388,453732
HG2 0HU,429397,453905
HG2 0HW,429596,454434
HG2 0HX,429429,453903
HG2 0HY,429360,453915
HG2 0HZ,429327,453924
HG2 0JA,429415,454098
HG2 0JB,429368,454070
HG2 0JD,429332,454087
HG2 0JE,429517,454854
HG2 0JF,428717,453994
HG2 0JG,429669,455035
HG2 0JH,429672,455133
HG2 0JJ,429745,455252
HG2 0JL,429708,455193
HG2 0JN,429691,455169
HG2 0JP,429615,454998
HG2 0JQ,429790,455228
HG2 0JR,429592,454940
HG2 0JS,429620,454870
HG2 0JT,429564,454880
HG2 0JU,429558,454831
HG2 0JW,429640,455059
HG2 0JX,429474,454822
HG2 0JY,429326,454750
HG2 0JZ,429286,454647
HG2 0LA,429221,454507
HG2 0LB,429155,454528
HG2 0LD,429155,454575
HG2 0LE,429085,454548
HG2 0LF,429051,454457
HG2 0LG,429771,454784
HG2 0LH,429874,455206
HG2 0LJ,430027,455110
HG2 0LL,430044,455007
HG2 0LN,429971,455182
HG2 0LP,429857,455082
HG2 0LQ,430073,455059
HG2 0LR,429833,455065
HG2 0LS,429850,454889
HG2 0LT,429810,454988
HG2 0LU,429762,454957
HG2 0LW,429905,455112
HG2 0LX,429805,454872
HG2 0LY,429736,454881
HG2 0LZ,429725,454869
HG2 0NA,429776,455110
HG2 0NB,429729,454776
HG2 0ND,429692,454794
HG2 0NF,429854,455271
HG2 0NG,429794,455300
HG2 0NH,429770,455172
HG2 0NJ,429722,454921
HG2 0NL,429783,455042
HG2 0NN,429730,455089
HG2 0NP,429703,455034
HG2 0NQ,429840,455224
HG2 0NR,429969,454982
HG2 0NT,429688,454942
HG2 0NU,429657,454814
HG2 0NW,429713,455061
HG2 0NX,429602,454805
HG2 0PA,429656,454586
HG2 0PB,429576,454649
HG2 0PD,428987,454418
HG2 0PH,429550,454817
HG2 0PJ,429600,454713
HG2 0PL,429466,454730
HG2 0PN,429436,454770
HG2 0PP,429334,454719
HG2 0PQ,429549,454799
HG2 0PR,429326,454638
HG2 0PS,429488,454684
HG2 0PT,429524,454657
HG2 0PU,429399,454590
HG2 0PW,429477,454799
HG2 0PX,429426,454574
HG2 0PY,429515,454602
HG2 0PZ,429542,454583
HG2 0QA,429850,455332
HG2 0QB,428701,454696
HG2 0QD,429671,454728
HG2 0QH,429551,454505
HG2 0QJ,429565,454474
HG2 0TP,431404,456372
HG2 0TU,431404,456372
HG2 0WL,431404,456372
HG2 0WW,431404,456372
HG2 0XF,431404,456372
HG2 0XH,431404,456372
HG2 0YZ,431404,456372
HG2 0ZW,431404,456372
HG2 0ZX,431404,456372
HG2 7AA,432623,454782
HG2 7AB,432670,454701
HG2 7AE,432839,454673
HG2 7AF,432899,454779
HG2 7AG,432822,454736
HG2 7AH,432836,454846
HG2 7AJ,432837,454810
HG2 7AL,432964,454989
HG2 7AN,432715,454826
HG2 7AQ,432905,454735
HG2 7AS,432141,454901
HG2 7AT,432477,454957
HG2 7AW,432832,454939
HG2 7AX,432567,455141
HG2 7AY,432633,455059
HG2 7AZ,432725,455089
HG2 7BA,432717,455189
HG2 7BB,432785,455140
HG2 7BD,432657,455133
HG2 7BE,432707,455247
HG2 7BG,432650,455392
HG2 7BH,432945,455219
HG2 7BJ,432839,455253
HG2 7BL,432839,455377
HG2 7BN,432835,455507
HG2 7BP,432934,455357
HG2 7BW,432904,455309
HG2 7DB,433207,455382
HG2 7DD,433418,455357
HG2 7DE,433333,455438
HG2 7DF,433442,455407
HG2 7DG,433340,455537
HG2 7DH,433453,455584
HG2 7DJ,433465,455318
HG2 7DL,433333,455255
HG2 7DN,433232,455198
HG2 7DP,433106,455099
HG2 7DQ,433370,455553
HG2 7DR,433097,455003
HG2 7DS,433097,454951
HG2 7DT,433016,454932
HG2 7DU,432989,455025
HG2 7DW,433187,455011
HG2 7DX,433244,456305
HG2 7DZ,432662,456176
HG2 7EA,433327,455665
HG2 7EB,433312,456431
HG2 7ED,433491,455333
HG2 7EE,433497,455561
HG2 7EF,433503,455694
HG2 7EG,433417,455829
HG2 7EH,433596,455786
HG2 7EJ,433567,455849
HG2 7EL,433724,455960
HG2 7EN,433607,456039
HG2 7EP,433625,455876
HG2 7EQ,433454,455862
HG2 7ER,433643,455990
HG2 7ES,433512,455935
HG2 7ET,433337,456064
HG2 7EU,433444,456013
HG2 7EW,433684,455928
HG2 7EX,433391,456056
HG2 7EY,433421,456100
HG2 7EZ,433411,456186
HG2 7HA,433296,456187
HG2 7HB,433312,456267
HG2 7HD,433384,456236
HG2 7HE,433314,455093
HG2 7HF,433305,455011
HG2 7HG,433333,455091
HG2 7HH,432628,454928
HG2 7HJ,432876,455073
HG2 7HL,432873,455117
HG2 7HN,432977,455116
HG2 7HP,433064,455110
HG2 7HQ,433460,455071
HG2 7HS,432689,454907
HG2 7HT,433348,455190
HG2 7HW,433134,455198
HG2 7HX,432693,455884
HG2 7HY,432661,455804
HG2 7JA,432711,455969
HG2 7JB,432752,456029
HG2 7JD,432868,455904
HG2 7JE,432934,455973
HG2 7JF,432957,455927
HG2 7JG,433017,455829
HG2 7JH,432977,455972
HG2 7JJ,433035,456002
HG2 7JL,433017,455948
HG2 7JN,433040,455936
HG2 7JP,433281,455894
HG2 7JR,433253,455809
HG2 7JS,433223,455784
HG2 7JT,433371,455716
HG2 7JU,433333,455827
HG2 7JW,433071,455980
HG2 7JX,433235,455951
HG2 7JY,433299,456002
HG2 7JZ,433250,456050
HG2 7LA,433254,456119
HG2 7LB,433210,455970
HG2 7LD,433120,455412
HG2 7LE,432960,455961
HG2 7LF,433136,455789
HG2 7LH,433012,456161
HG2 7LJ,432982,456298
HG2 7LL,433141,456347
HG2 7LN,433119,456385
HG2 7LP,433105,456343
HG2 7LQ,432931,456038
HG2 7LT,431920,455668
HG2 7LU,432070,455650
HG2 7LW,433179,456272
HG2 7LX,431895,455662
HG2 7LY,432101,455713
HG2 7NA,432134,455738
HG2 7NE,432457,455543
HG2 7NF,432465,455671
HG2 7NG,432471,455653
HG2 7NH,432494,455560
HG2 7NJ,432507,455502
HG2 7NL,432538,455622
HG2 7NN,432547,455769
HG2 7NP,432692,455658
HG2 7NQ,432476,455622
HG2 7NR,432701,455754
HG2 7NS,432768,455508
HG2 7NT,432728,455439
HG2 7NW,432493,455817
HG2 7NX,432927,455510
HG2 7NY,432904,455838
HG2 7NZ,431997,455282
HG2 7PA,432984,455611
HG2 7PB,432792,455843
HG2 7PD,432834,455631
HG2 7PE,432843,455668
HG2 7PF,432828,455711
HG2 7PG,432734,455803
HG2 7PH,432758,455719
HG2 7PJ,432811,455755
HG2 7PL,432742,455782
HG2 7PN,432796,455801
HG2 7PP,432524,455463
HG2 7PQ,432771,455686
HG2 7PR,432858,455579
HG2 7PS,432745,455672
HG2 7PT,432964,455754
HG2 7PU,432991,455700
HG2 7PW,431404,456372
HG2 7PX,432049,455197
HG2 7PY,432077,455280
HG2 7PZ,432132,455268
HG2 7QA,432268,455356
HG2 7QB,432295,455290
HG2 7QD,432486,455416
HG2 7QE,432555,455445
HG2 7QF,432407,455274
HG2 7QG,432559,455194
HG2 7QH,432305,455049
HG2 7QJ,432535,455293
HG2 7QL,432443,455295
HG2 7QN,432621,455330
HG2 7QP,432613,455669
HG2 7QQ,432410,455142
HG2 7QR,432542,455685
HG2 7QU,432288,455544
HG2 7QW,432581,455536
HG2 7QX,432226,455639
HG2 7QY,432286,455623
HG2 7QZ,432388,455632
HG2 7RA,432338,455547
HG2 7RB,432426,455468
HG2 7RD,432296,455407
HG2 7RE,432238,455497
HG2 7RF,432125,455435
HG2 7RG,432166,455549
HG2 7RH,432082,455332
HG2 7RJ,432007,455371
HG2 7RL,432025,455331
HG2 7RN,431974,455496
HG2 7RP,432064,455439
HG2 7RQ,432121,455610
HG2 7RR,432032,455547
HG2 7RS,431931,455521
HG2 7RT,431982,455594
HG2 7RU,432279,455238
HG2 7RW,431949,455450
HG2 7RX,432267,455184
HG2 7RY,431752,455240
HG2 7RZ,431541,455175
HG2 7SA,431775,455118
HG2 7SB,431599,455216
HG2 7SE,432432,454937
HG2 7SG,432061,455078
HG2 7SH,432315,454946
HG2 7SJ,432399,455040
HG2 7SL,432296,454882
HG2 7SN,431891,455361
HG2 7SP,431783,455589
HG2 7SQ,432086,454957
HG2 7SR,431781,455632
HG2 7SS,431771,455534
HG2 7ST,431718,455541
HG2 7SW,431849,455545
HG2 7SX,431691,455326
HG2 7SY,431871,455244
HG2 7SZ,431873,455091
HG2 7TA,432061,455587
HG2 7TB,431404,456372
HG2 7TE,433542,456699
HG2 7TF,433357,456516
HG2 7TG,433416,456475
HG2 7TH,433449,454758
HG2 7TJ,433397,454825
HG2 7TL,433375,454853
HG2 7TN,433350,454916
HG2 7TQ,433236,456475
HG2 7TW,433444,454930
HG2 7UG,431404,456372
HG2 7WD,431404,456372
HG2 7WJ,431404,456372
HG2 7WT,431404,456372
HG2 7WW,431404,456372
HG2 7WX,431404,456372
HG2 7WZ,431404,456372
HG2 7XD,431404,456372
HG2 7YS,431404,456372
HG2 8AA,430387,454343
HG2 8AB,430390,454267
HG2 8AE,430389,453963
HG2 8AF,430415,453933
HG2 8AH,430432,453855
HG2 8AP,430480,454320
HG2 8AQ,430480,453908
HG2 8AR,430526,454369
HG2 8AS,430573,454262
HG2 8AT,430581,454243
HG2 8AU,430644,454231
HG2 8AW,430478,454261
HG2 8AX,430604,454202
HG2 8AY,430588,453907
HG2 8AZ,430638,454013
HG2 8BA,430607,454028
HG2 8BB,430678,453990
HG2 8BE,430668,453637
HG2 8BG,430606,453675
HG2 8BP,431041,453724
HG2 8BQ,430508,454009
HG2 8BS,430963,453671
HG2 8BT,430792,453652
HG2 8BU,430899,453618
HG2 8BW,431004,453804
HG2 8BX,430832,453640
HG2 8BY,430849,453584
HG2 8BZ,430788,453543
HG2 8DA,430475,453771
HG2 8DB,430450,453614
HG2 8DD,430533,453685
HG2 8DE,430577,453547
HG2 8DF,430682,453676
HG2 8DG,430702,453669
HG2 8DH,430800,453772
HG2 8DJ,430766,453742
HG2 8DL,430784,453694
HG2 8DN,431089,453610
HG2 8DQ,430705,453790
HG2 8DS,430909,453523
HG2 8DY,430958,453482
HG2 8DZ,430911,453264
HG2 8EA,430879,453259
HG2 8EB,430969,453370
HG2 8ED,431137,453370
HG2 8EE,431232,453253
HG2 8EF,431201,453409
HG2 8EG,430944,453341
HG2 8EH,431001,453208
HG2 8EJ,431152,453221
HG2 8EL,431012,453171
HG2 8EN,431080,453458
HG2 8EP,431012,453427
HG2 8EQ,431054,453204
HG2 8ER,430952,453614
HG2 8EY,430739,453513
HG2 8EZ,430802,453245
HG2 8HA,430644,453356
HG2 8HB,430739,453246
HG2 8HD,430971,453013
HG2 8HE,431185,453077
HG2 8HF,430926,452941
HG2 8HH,430911,452698
HG2 8HJ,431213,452867
HG2 8HL,431153,452625
HG2 8HN,431303,452562
HG2 8HP,431226,452701
HG2 8HQ,430900,452919
HG2 8HR,431015,452746
HG2 8HS,431073,452683
HG2 8HT,430839,454455
HG2 8HU,430784,454458
HG2 8HW,431337,452704
HG2 8HX,430941,454554
HG2 8HY,431058,454463
HG2 8HZ,430940,454312
HG2 8JA,430925,454279
HG2 8JB,430871,454204
HG2 8JD,430806,454060
HG2 8JE,430722,454195
HG2 8JF,430704,454366
HG2 8JG,430672,454371
HG2 8JH,430834,453981
HG2 8JJ,430762,453925
HG2 8JL,430665,453882
HG2 8JQ,430694,454139
HG2 8JR,431390,454409
HG2 8JT,431370,454614
HG2 8JU,431356,454293
HG2 8JX,431583,454773
HG2 8JY,431527,454667
HG2 8JZ,431440,454726
HG2 8LA,431590,454856
HG2 8LB,431596,454640
HG2 8LD,431743,454552
HG2 8LE,431497,454583
HG2 8LF,431537,454505
HG2 8LJ,431357,454935
HG2 8LL,431413,455002
HG2 8LN,431344,454845
HG2 8LP,431556,454953
HG2 8LR,431686,455010
HG2 8LS,431487,455079
HG2 8LT,431614,455132
HG2 8LU,431817,455032
HG2 8LW,431478,454997
HG2 8LX,431695,455092
HG2 8LY,431810,454938
HG2 8LZ,431281,454848
HG2 8NA,431602,453474
HG2 8NB,431589,453608
HG2 8ND,431783,453517
HG2 8NE,431667,454672
HG2 8NF,431805,454597
HG2 8NG,431909,454540
HG2 8NH,431739,454710
HG2 8NJ,431878,454914
HG2 8NL,431999,454845
HG2 8NN,432099,454848
HG2 8NP,432146,454740
HG2 8NQ,431880,454640
HG2 8NR,431861,454820
HG2 8NS,431786,454755
HG2 8NT,431954,454721
HG2 8NU,432058,454678
HG2 8NW,432263,454856
HG2 8NX,431924,454654
HG2 8NZ,432910,454248
HG2 8PA,431430,453753
HG2 8PB,431567,453755
HG2 8PD,431629,453638
HG2 8PF,432338,454718
HG2 8PG,432381,454802
HG2 8PH,432205,454697
HG2 8PJ,432244,454786
HG2 8PL,432183,454741
HG2 8PN,432213,454458
HG2 8PP,431913,454471
HG2 8PQ,432462,454710
HG2 8PR,431875,454523
HG2 8PS,431641,454496
HG2 8PT,431582,454290
HG2 8PU,431546,454426
HG2 8PW,432403,454508
HG2 8PX,431225,454358
HG2 8PZ,431154,454377
HG2 8QA,431172,454174
HG2 8QD,432283,454547
HG2 8QE,432371,454618
HG2 8QF,432636,454672
HG2 8QG,432553,454616
HG2 8QH,431437,454218
HG2 8QJ,431177,454040
HG2 8QL,431705,453570
HG2 8QP,431112,453720
HG2 8QQ,431517,454216
HG2 8QR,431048,454097
HG2 8QS,431007,454175
HG2 8QT,431430,453569
HG2 8QU,431316,453649
HG2 8QZ,432899,454432
HG2 8RA,431260,453817
HG2 8RB,431300,453721
HG2 8RD,430625,453282
HG2 8RE,431400,453806
HG2 8RX,431404,456372
HG2 8TH,431404,456372
HG2 8TR,432494,454727
HG2 8UH,431404,456372
HG2 8WG,431404,456372
HG2 8WS,431404,456372
HG2 8WW,431404,456372
HG2 8WX,431404,456372
HG2 8WY,431404,456372
HG2 8WZ,431404,456372
HG2 8XB,431404,456372
HG2 8XE,431404,456372
HG2 8XF,431404,456372
HG2 8XQ,431404,456372
HG2 8YJ,431404,456372
HG2 8YX,431404,456372
HG2 8ZG,431404,456372
HG2 8ZP,431404,456372
HG2 8ZQ,431404,456372
HG2 9AA,429559,454102
HG2 9AB,429508,454074
HG2 9AD,429654,454005
HG2 9AE,429488,454083
HG2 9AF,429599,453970
HG2 9AG,429628,453887
HG2 9AH,429701,453845
HG2 9AJ,429405,453606
HG2 9AL,429554,453737
HG2 9AN,429569,453708
HG2 9AP,429656,453719
HG2 9AQ,429721,453921
HG2 9AR,429637,453804
HG2 9AS,429643,454114
HG2 9AU,430317,454486
HG2 9AW,429614,453788
HG2 9AX,430401,454206
HG2 9AY,430312,454335
HG2 9AZ,430145,454493
HG2 9BA,430224,454298
HG2 9BB,430263,454102
HG2 9BD,430335,454060
HG2 9BE,430195,454008
HG2 9BF,430171,453651
HG2 9BG,430088,454213
HG2 9BH,429975,454394
HG2 9BJ,430171,453651
HG2 9BN,429255,453397
HG2 9BP,430350,453972
HG2 9BQ,430003,454402
HG2 9BS,430350,454023
HG2 9BT,430133,453958
HG2 9BU,430163,453986
HG2 9BX,430007,454279
HG2 9BY,429981,454247
HG2 9BZ,430039,454236
HG2 9DD,430179,453629
HG2 9DH,429355,453629
HG2 9DJ,429268,453482
HG2 9DL,429285,453626
HG2 9DN,429241,453539
HG2 9DP,430107,453846
HG2 9DQ,429240,453609
HG2 9DS,430006,453687
HG2 9DT,430037,453777
HG2 9DU,430007,453655
HG2 9DW,430151,453755
HG2 9DX,430053,453545
HG2 9DY,430115,453581
HG2 9DZ,430179,453629
HG2 9EH,430203,453595
HG2 9ER,430121,453496
HG2 9EX,429336,452928
HG2 9EY,429405,452852
HG2 9EZ,429426,452830
HG2 9HA,430705,453211
HG2 9HB,430672,453068
HG2 9HD,430736,453131
HG2 9HE,430773,453044
HG2 9HF,430635,452900
HG2 9HG,430660,452965
HG2 9HH,430435,453019
HG2 9HJ,430520,453082
HG2 9HL,430361,453123
HG2 9HN,430486,453073
HG2 9HP,430591,453083
HG2 9HQ,430540,452920
HG2 9HS,430633,453251
HG2 9HT,430789,452907
HG2 9HU,430848,452637
HG2 9HW,430422,453192
HG2 9HY,430795,452753
HG2 9HZ,430776,452606
HG2 9JA,430854,452838
HG2 9JB,430773,452783
HG2 9JD,430756,452852
HG2 9JE,430679,452782
HG2 9JF,430635,452760
HG2 9JG,429241,453148
HG2 9JH,429198,453124
HG2 9JJ,429242,453077
HG2 9JL,429370,453469
HG2 9JP,429457,453259
HG2 9JQ,429222,453014
HG2 9JS,429335,453125
HG2 9JT,429247,453220
HG2 9JU,429337,452974
HG2 9JW,429455,452722
HG2 9JX,429502,452726
HG2 9JY,429427,452617
HG2 9JZ,429302,452589
HG2 9LA,429605,452603
HG2 9LB,429600,452642
HG2 9LD,429644,452598
HG2 9LE,429672,452638
HG2 9LF,429615,452494
HG2 9LG,429538,452445
HG2 9LH,429796,452637
HG2 9LJ,429919,452782
HG2 9LL,429985,452779
HG2 9LN,429886,452912
HG2 9LP,429714,453090
HG2 9LQ,429643,452467
HG2 9LR,429793,453195
HG2 9LS,429186,453195
HG2 9LT,429171,453240
HG2 9LU,429110,453185
HG2 9LW,429772,452941
HG2 9LX,429115,453206
HG2 9LY,429155,453224
HG2 9LZ,429895,452838
HG2 9NA,429730,453287
HG2 9NB,429816,453385
HG2 9ND,430313,453398
HG2 9NE,430562,453455
HG2 9NF,430542,453366
HG2 9NG,430515,453255
HG2 9NH,430470,453199
HG2 9NJ,430384,453233
HG2 9NL,430395,453497
HG2 9NN,430312,453374
HG2 9NP,430245,453285
HG2 9NQ,430479,453463
HG2 9NR,430244,453234
HG2 9NS,430077,453250
HG2 9NT,429964,453242
HG2 9NU,430073,453122
HG2 9NW,430305,453218
HG2 9NX,430240,453061
HG2 9NY,430449,453522
HG2 9PA,430089,452964
HG2 9PB,430316,453010
HG2 9PD,430101,453054
HG2 9PE,429914,453017
HG2 9PF,429990,453065
HG2 9PG,429891,453134
HG2 9PH,429548,453608
HG2 9PJ,431404,456372
HG2 9PP,429661,453257
HG2 9PQ,430325,453111
HG2 9QE,430184,453671
HG2 9QG,430192,453456
HG2 9QH,430140,453463
HG2 9QJ,430274,453451
HG2 9QL,430097,453481
HG2 9QN,430082,453437
HG2 9QP,430002,453379
HG2 9QQ,430152,453372
HG2 9WA,431404,456372
HG2 9WS,431404,456372
HG2 9WU,431404,456372
HG2 9WZ,431404,456372
HG2 9XG,431404,456372
HG2 9XH,431404,456372
HG2 9XU,431404,456372
HG3 1AA,436517,451995
HG3 1AB,436895,451438
HG3 1AD,437307,451023
HG3 1AE,436497,451049
HG3 1AF,436367,451114
HG3 1AG,436289,451199
HG3 1AH,436336,451264
HG3 1AJ,436349,451203
HG3 1AL,436207,451461
HG3 1AN,436190,451226
HG3 1AP,436251,451077
HG3 1AQ,436216,451208
HG3 1AR,436107,451210
HG3 1AS,436109,451233
HG3 1AT,436157,451293
HG3 1AU,436168,451274
HG3 1AW,436167,451246
HG3 1AX,436136,451264
HG3 1AY,436108,451402
HG3 1AZ,435596,451731
HG3 1BA,436211,451013
HG3 1BB,436250,450990
HG3 1BD,436239,450947
HG3 1BE,436187,450932
HG3 1BF,436499,450719
HG3 1BG,436216,451078
HG3 1BH,436623,450745
HG3 1BL,436515,450671
HG3 1BN,436529,450610
HG3 1BP,436721,450671
HG3 1BQ,436401,450873
HG3 1BS,436583,450709
HG3 1BT,436735,450525
HG3 1BU,437037,450049
HG3 1BW,436642,450662
HG3 1BY,435663,450270
HG3 1BZ,436139,450997
HG3 1DA,436035,451192
HG3 1DB,436404,450814
HG3 1DD,434230,452473
HG3 1DE,433096,454554
HG3 1DF,433227,454055
HG3 1DG,433179,453996
HG3 1DH,433446,454471
HG3 1DJ,433414,453153
HG3 1DL,432809,452145
HG3 1DN,432705,452159
HG3 1DP,432701,452259
HG3 1DQ,432779,453155
HG3 1DR,433477,452437
HG3 1DS,433939,452566
HG3 1DT,434311,452653
HG3 1DU,434202,452498
HG3 1DW,432851,451655
HG3 1DX,434154,452535
HG3 1DY,434065,452439
HG3 1DZ,434180,452445
HG3 1EA,434106,452383
HG3 1EB,434160,452345
HG3 1ED,434255,452390
HG3 1EE,434251,452311
HG3 1EF,434247,452219
HG3 1EG,434890,452138
HG3 1EH,434280,452455
HG3 1EJ,431033,451225
HG3 1EL,430366,451561
HG3 1EN,430337,451543
HG3 1EP,430997,451649
HG3 1EQ,433752,451255
HG3 1ER,430911,451528
HG3 1ES,431044,451407
HG3 1ET,431374,451247
HG3 1EU,431162,451230
HG3 1EW,430942,451914
HG3 1EX,431291,451201
HG3 1EY,432142,451029
HG3 1EZ,431832,449963
HG3 1GP,433370,454325
HG3 1GW,428480,453843
HG3 1GY,428538,453349
HG3 1HA,433019,450389
HG3 1HB,432762,449644
HG3 1HD,432565,449322
HG3 1HE,432509,449505
HG3 1HF,432519,449485
HG3 1HG,432489,449329
HG3 1HH,432390,449197
HG3 1HJ,432027,449126
HG3 1HL,432793,449138
HG3 1HN,432839,449067
HG3 1HP,431608,448823
HG3 1HQ,432653,449176
HG3 1HR,431509,448003
HG3 1HS,431922,447601
HG3 1HT,432719,447338
HG3 1HU,433420,447783
HG3 1HW,431796,449035
HG3 1HX,433636,447453
HG3 1HY,433168,448162
HG3 1HZ,430815,449695
HG3 1JA,430391,450015
HG3 1JB,430600,449127
HG3 1JD,430421,449137
HG3 1JE,429895,450006
HG3 1JF,433956,453761
HG3 1JG,430857,451474
HG3 1JH,433096,453121
HG3 1JJ,430851,451411
HG3 1JL,430808,451405
HG3 1JN,430695,451540
HG3 1JP,430757,451553
HG3 1JR,430574,451397
HG3 1JS,430607,451502
HG3 1JT,430564,451468
HG3 1JU,430556,451545
HG3 1JW,430804,451527
HG3 1JX,430591,451529
HG3 1JY,430557,451506
HG3 1JZ,430494,451750
HG3 1LA,430452,451710
HG3 1LB,430327,451764
HG3 1LD,430899,451331
HG3 1LE,430896,451176
HG3 1LF,430613,450740
HG3 1LG,430791,451264
HG3 1LH,430643,451819
HG3 1LJ,430335,451855
HG3 1LL,433571,453591
HG3 1LP,429907,451744
HG3 1LQ,430695,451098
HG3 1LR,429855,451566
HG3 1LS,429887,451634
HG3 1LT,429955,451714
HG3 1LU,430076,451627
HG3 1LW,429976,451556
HG3 1LX,430093,451586
HG3 1LY,430129,451563
HG3 1LZ,430122,451404
HG3 1NA,430026,451553
HG3 1NB,429722,451945
HG3 1ND,436134,451085
HG3 1NE,436402,450973
HG3 1NF,434064,452510
HG3 1NG,430025,452709
HG3 1NH,430483,452294
HG3 1NJ,430457,452232
HG3 1NL,430414,452143
HG3 1NN,430347,451901
HG3 1NP,429993,451817
HG3 1NQ,430219,452256
HG3 1NR,429832,451981
HG3 1NS,429772,451734
HG3 1NT,429454,451560
HG3 1NU,429532,451724
HG3 1NW,430105,451737
HG3 1NX,429163,451481
HG3 1NY,429685,451852
HG3 1NZ,429706,451774
HG3 1PA,429062,451580
HG3 1PB,429864,451499
HG3 1PD,430093,451366
HG3 1PE,430172,451342
HG3 1PF,429887,451148
HG3 1PG,429380,451205
HG3 1PH,428937,451009
HG3 1PJ,428535,450832
HG3 1PL,428118,451289
HG3 1PN,427642,450881
HG3 1PQ,428882,451046
HG3 1PR,428634,453794
HG3 1PT,428497,453977
HG3 1PU,428569,453445
HG3 1PW,427981,450390
HG3 1PX,428457,453918
HG3 1PY,428640,453617
HG3 1PZ,428628,454024
HG3 1QA,427966,454356
HG3 1QB,428128,454109
HG3 1QD,428510,453035
HG3 1QE,428810,452576
HG3 1QF,428985,452644
HG3 1QG,428853,452219
HG3 1QH,427795,452653
HG3 1QJ,427450,453083
HG3 1QL,427254,453452
HG3 1QN,425844,453225
HG3 1QP,426818,453092
HG3 1QQ,428244,452652
HG3 1QR,426817,452922
HG3 1QS,426681,452856
HG3 1QT,425744,452665
HG3 1QU,425970,451869
HG3 1QW,426763,453141
HG3 1QX,425009,450905
HG3 1QY,426310,451342
HG3 1QZ,427026,451836
HG3 1RA,426796,452557
HG3 1RB,428135,453264
HG3 1RD,432617,449058
HG3 1RG,430859,451140
HG3 1RH,430815,451181
HG3 1RJ,431417,451054
HG3 1RP,419192,454243
HG3 1RQ,425844,453225
HG3 1RS,430684,451668
HG3 1RW,433491,454420
HG3 1RY,428425,453486
HG3 1RZ,428324,453534
HG3 1SA,428514,453529
HG3 1SB,420770,453844
HG3 1SD,420268,455846
HG3 1SF,426883,454428
HG3 1SG,426435,454494
HG3 1SH,423089,454834
HG3 1SJ,421318,454699
HG3 1SL,421180,454629
HG3 1SN,421009,455236
HG3 1SP,419559,455761
HG3 1SQ,425236,454800
HG3 1SR,419284,454986
HG3 1SS,419055,454379
HG3 1ST,419062,453161
HG3 1SU,419456,454177
HG3 1SW,419663,455471
HG3 1SX,419791,452699
HG3 1SY,419966,454455
HG3 1SZ,420830,454155
HG3 1TA,421185,453616
HG3 1TB,420636,453169
HG3 1TD,420694,453128
HG3 1TE,420775,453092
HG3 1TF,420801,453090
HG3 1TH,426398,453561
HG3 1TJ,425151,453771
HG3 1TL,424281,454406
HG3 1TP,426775,453200
HG3 1TQ,423279,453760
HG3 1TR,426731,453187
HG3 1TZ,433069,453020
HG3 1UA,434231,452584
HG3 1UB,434174,452598
HG3 1UD,428520,453680
HG3 1UE,428510,453802
HG3 1UF,428520,453680
HG3 1UG,428520,453680
HG3 1UW,431404,456372
HG3 1UX,431404,456372
HG3 1WA,428520,453680
HG3 1WE,436797,450205
HG3 1WG,436517,451024
HG3 1WH,428528,453056
HG3 1WP,431404,456372
HG3 1WS,431404,456372
HG3 1WY,431404,456372
HG3 1WZ,431404,456372
HG3 1XE,431404,456372
HG3 1XF,431404,456372
HG3 1XG,431404,456372
HG3 1XH,431404,456372
HG3 1XT,431404,456372
HG3 1XU,431404,456372
HG3 1XW,431404,456372
HG3 1YR,431404,456372
HG3 1ZE,425773,451803
HG3 1ZP,431404,456372
HG3 1ZQ,431404,456372
HG3 2AA,428517,458092
HG3 2AB,428833,457700
HG3 2AD,429046,457708
HG3 2AE,429249,457717
HG3 2AF,429165,457753
HG3 2AG,429300,457824
HG3 2AH,429402,457337
HG3 2AJ,429403,457844
HG3 2AL,428861,457247
HG3 2AN,427781,456954
HG3 2AP,427699,456837
HG3 2AQ,429420,457773
HG3 2AR,427312,456965
HG3 2AS,427770,457137
HG3 2AT,428925,457887
HG3 2AU,429190,458314
HG3 2AX,428688,458203
HG3 2AY,428708,459020
HG3 2AZ,428520,459130
HG3 2BA,428887,459628
HG3 2BB,427887,459038
HG3 2BD,428312,458346
HG3 2BE,428007,458107
HG3 2BF,422733,458522
HG3 2BG,427611,457898
HG3 2BH,427696,457939
HG3 2BJ,427666,457943
HG3 2BL,427257,458311
HG3 2BN,427438,457927
HG3 2BQ,427438,457996
HG3 2BS,426823,457321
HG3 2BT,426733,456852
HG3 2BU,426512,457124
HG3 2BW,427396,457935
HG3 2BX,426356,456507
HG3 2BY,426864,455999
HG3 2DD,428749,458294
HG3 2DE,428606,458425
HG3 2DF,428637,458480
HG3 2DG,428596,458605
HG3 2DH,428654,458700
HG3 2DJ,428488,458738
HG3 2DL,428596,458741
HG3 2DN,428504,458498
HG3 2DP,428465,458577
HG3 2DR,428455,458601
HG3 2DS,428322,458633
HG3 2DT,428523,458460
HG3 2DU,428392,458424
HG3 2DW,428461,458496
HG3 2DX,428384,458530
HG3 2DY,428465,458210
HG3 2DZ,428422,458208
HG3 2EA,426006,458432
HG3 2EB,426035,458279
HG3 2ED,425993,458373
HG3 2EE,425993,458481
HG3 2EF,426068,458311
HG3 2EG,426184,458461
HG3 2EH,426204,458631
HG3 2EJ,426013,458578
HG3 2EL,425955,458582
HG3 2EN,425905,458557
HG3 2EP,425824,458601
HG3 2EQ,426119,458390
HG3 2ER,425754,458408
HG3 2ES,425659,458561
HG3 2ET,425819,458642
HG3 2EU,425925,458765
HG3 2EW,425849,458548
HG3 2EX,425772,458680
HG3 2EY,425914,458685
HG3 2EZ,425947,458724
HG3 2FA,431404,456372
HG3 2FN,431404,456372
HG3 2FR,426100,458456
HG3 2FS,426164,458909
HG3 2FT,426100,458456
HG3 2GA,427717,455578
HG3 2GB,427657,455543
HG3 2GD,427763,455521
HG3 2GE,427957,455521
HG3 2GF,427830,455529
HG3 2GG,427888,455543
HG3 2GH,427645,455630
HG3 2GJ,427689,455709
HG3 2GL,426901,458113
HG3 2GN,426877,458018
HG3 2GP,426866,458080
HG3 2GQ,431404,456372
HG3 2GR,431404,456372
HG3 2GU,431404,456372
HG3 2GY,428698,458399
HG3 2HA,425892,458850
HG3 2HB,426029,458909
HG3 2HE,428473,456381
HG3 2HF,428472,456315
HG3 2HH,426121,458083
HG3 2HJ,426521,457768
HG3 2HL,426478,458109
HG3 2HN,426418,457839
HG3 2HP,426260,457424
HG3 2HR,425852,457337
HG3 2HS,425376,458136
HG3 2HT,425413,458179
HG3 2HU,424944,457852
HG3 2HW,426203,457829
HG3 2HX,425005,458103
HG3 2HY,424652,458120
HG3 2HZ,424490,458842
HG3 2JA,424402,458919
HG3 2JD,424264,458955
HG3 2JE,423992,458845
HG3 2JF,423772,459050
HG3 2JG,423548,459192
HG3 2JH,422731,458942
HG3 2JJ,423013,458774
HG3 2JL,423088,458771
HG3 2JN,423230,458482
HG3 2JP,423985,458175
HG3 2JQ,422972,459404
HG3 2JR,423536,457927
HG3 2JS,423411,457975
HG3 2JT,423155,458015
HG3 2JU,423402,457877
HG3 2JW,424079,458376
HG3 2JX,423164,457618
HG3 2JY,423023,457175
HG3 2JZ,423477,457310
HG3 2LA,423722,457666
HG3 2LB,422646,457204
HG3 2LD,422747,457174
HG3 2LE,422447,457553
HG3 2LF,422024,457436
HG3 2LG,422656,457945
HG3 2LH,422156,457817
HG3 2LJ,421855,458317
HG3 2LL,421503,458664
HG3 2LN,421628,457422
HG3 2LP,421830,456170
HG3 2LQ,422937,458245
HG3 2LR,422393,456659
HG3 2LS,422571,456702
HG3 2LT,423166,456703
HG3 2LU,424319,457171
HG3 2LW,421632,456936
HG3 2LX,424862,456149
HG3 2LY,425094,457002
HG3 2LZ,425487,456923
HG3 2NA,428075,456237
HG3 2NB,428148,456229
HG3 2ND,428229,456208
HG3 2NF,424068,459506
HG3 2NG,423867,459559
HG3 2NH,423833,459597
HG3 2NJ,424084,459559
HG3 2NL,424092,459587
HG3 2NN,424321,459695
HG3 2NP,424402,459702
HG3 2NQ,423776,459573
HG3 2NR,428320,456222
HG3 2NS,428475,456260
HG3 2NT,428557,456244
HG3 2NU,428428,456139
HG3 2NX,428477,456170
HG3 2NZ,428232,456102
HG3 2PE,420506,459574
HG3 2PF,420226,459589
HG3 2PG,420964,459321
HG3 2PH,420282,459562
HG3 2PJ,418152,458629
HG3 2PL,423799,459947
HG3 2PN,423493,459979
HG3 2PP,421644,459448
HG3 2PQ,420591,459483
HG3 2PR,420886,459327
HG3 2PS,421075,459382
HG3 2PT,421053,459377
HG3 2PU,420978,459389
HG3 2PW,420651,459802
HG3 2PX,420880,459410
HG3 2PY,420646,459223
HG3 2PZ,420560,459410
HG3 2QA,420396,459528
HG3 2QB,420472,459558
HG3 2QD,420421,459628
HG3 2QE,420330,459686
HG3 2QF,419962,459533
HG3 2QG,420092,459712
HG3 2QH,419316,460168
HG3 2QJ,419724,459127
HG3 2QL,418985,458208
HG3 2QN,418678,458829
HG3 2QP,418606,459414
HG3 2QQ,419347,459644
HG3 2QR,418316,458095
HG3 2QS,417440,458838
HG3 2QU,418045,458866
HG3 2QW,418417,458815
HG3 2QX,416798,459024
HG3 2QY,416451,459383
HG3 2QZ,416983,458022
HG3 2RA,418144,457071
HG3 2RB,418102,457317
HG3 2RD,418240,457447
HG3 2RE,420177,457734
HG3 2RF,420177,457734
HG3 2RG,420177,457734
HG3 2RJ,420177,457734
HG3 2RL,419932,456404
HG3 2RN,419696,458225
HG3 2RP,420346,459293
HG3 2RQ,420177,457734
HG3 2RR,421011,458553
HG3 2RS,420528,458564
HG3 2RT,427189,455682
HG3 2RU,426352,455378
HG3 2RW,420185,458705
HG3 2RX,426598,456009
HG3 2RY,426737,455988
HG3 2RZ,426431,455971
HG3 2SA,428058,455203
HG3 2SB,427019,455703
HG3 2SD,428084,455210
HG3 2SE,426454,455511
HG3 2SH,427883,456720
HG3 2SJ,427961,456823
HG3 2SL,427887,456755
HG3 2SN,425239,455779
HG3 2SQ,428006,456728
HG3 2ST,428714,456351
HG3 2SU,428634,456339
HG3 2SW,420177,457734
HG3 2SX,428684,456375
HG3 2SY,428678,456184
HG3 2SZ,428823,456357
HG3 2TA,428434,456759
HG3 2TB,428581,456739
HG3 2TD,428325,456695
HG3 2TE,428401,456700
HG3 2TF,428465,456690
HG3 2TG,428558,456711
HG3 2TH,429030,456747
HG3 2TJ,429008,456585
HG3 2TL,428961,456458
HG3 2TN,428998,456728
HG3 2TP,428926,456472
HG3 2TQ,428494,456528
HG3 2TR,429106,456658
HG3 2TS,428883,456609
HG3 2TT,428834,456672
HG3 2TU,428740,456531
HG3 2TW,428947,456581
HG3 2TX,428855,456497
HG3 2TY,429042,456472
HG3 2TZ,429087,456555
HG3 2UA,428651,456517
HG3 2UB,429198,456592
HG3 2UD,428626,456633
HG3 2UE,428570,456580
HG3 2UF,428241,456676
HG3 2UG,428276,456753
HG3 2UH,428145,456744
HG3 2UJ,428146,456790
HG3 2UL,428154,456808
HG3 2UN,429154,456799
HG3 2UP,429191,456736
HG3 2UQ,428104,456697
HG3 2UR,429154,456288
HG3 2UT,428937,456348
HG3 2UU,428164,456506
HG3 2UW,429095,456749
HG3 2UX,428100,456478
HG3 2UY,429113,456204
HG3 2WA,423578,459222
HG3 2WB,427747,456338
HG3 2WD,427854,456354
HG3 2WE,427851,456449
HG3 2WF,427759,456473
HG3 2WG,427836,456509
HG3 2WH,427702,456466
HG3 2WJ,427615,456477
HG3 2WL,427721,456545
HG3 2WN,427695,456585
HG3 2WQ,427801,456217
HG3 2WR,427777,456266
HG3 2WS,427674,456316
HG3 2WT,427733,456320
HG3 2WU,427621,456306
HG3 2WW,427566,456351
HG3 2WX,426860,457825
HG3 2WY,426788,458007
HG3 2XA,429207,456233
HG3 2XB,428086,456364
HG3 2XD,428163,456329
HG3 2XE,428241,456391
HG3 2XF,428154,456402
HG3 2XG,428176,456386
HG3 2XH,427984,456472
HG3 2XJ,427925,456399
HG3 2XL,429154,456059
HG3 2XN,429076,456124
HG3 2XP,428774,456159
HG3 2XQ,428414,456431
HG3 2XR,428864,456128
HG3 2XS,428997,456238
HG3 2XT,429042,456309
HG3 2XU,428848,456207
HG3 2XW,429034,456230
HG3 2XX,428228,456292
HG3 2XY,428880,456257
HG3 2XZ,428134,456143
HG3 2YA,427927,456273
HG3 2YB,428011,456198
HG3 2YD,428321,456384
HG3 2YE,428375,456213
HG3 2YF,428329,456299
HG3 2ZD,431404,456372
HG3 2ZF,431404,456372
HG3 2ZG,431404,456372
HG3 2ZH,431404,456372
HG3 2ZP,431404,456372
HG3 2ZR,431404,456372
HG3 3AA,426634,459281
HG3 3AB,426193,459409
HG3 3AD,428366,460599
HG3 3AE,428382,460635
HG3 3AF,424507,459709
HG3 3AG,424531,459840
HG3 3AH,424645,459774
HG3 3AJ,424627,459891
HG3 3AL,424529,459980
HG3 3AN,424517,459901
HG3 3AP,424395,459981
HG3 3AQ,424570,459768
HG3 3AR,424135,460224
HG3 3AS,422997,460420
HG3 3AT,428500,460553
HG3 3AU,428979,460200
HG3 3AW,424502,460189
HG3 3AX,428453,460565
HG3 3AY,428367,460540
HG3 3AZ,428484,460472
HG3 3BA,428553,459777
HG3 3BB,429246,459893
HG3 3BD,429562,460268
HG3 3BE,429913,459954
HG3 3BG,429953,459936
HG3 3BH,430474,459656
HG3 3BJ,430480,459868
HG3 3BL,430040,460761
HG3 3BN,430022,460762
HG3 3BP,430540,459748
HG3 3BQ,429952,459982
HG3 3BS,430966,458853
HG3 3BT,431668,460315
HG3 3BU,431707,460803
HG3 3BW,430492,459767
HG3 3BX,432187,460949
HG3 3BY,432339,461124
HG3 3BZ,432410,461034
HG3 3DA,432411,461907
HG3 3DB,433665,461769
HG3 3DD,431642,460968
HG3 3DE,430711,461263
HG3 3DF,431161,461536
HG3 3DH,425280,461489
HG3 3DL,426991,460726
HG3 3DN,427327,460434
HG3 3DP,425634,460623
HG3 3DR,425097,459608
HG3 3DS,425910,459933
HG3 3DT,426438,460392
HG3 3DU,426276,459633
HG3 3DW,425713,461012
HG3 3DZ,428939,461589
HG3 3EA,428079,461131
HG3 3EB,427488,461571
HG3 3ED,426806,461521
HG3 3EE,426699,461519
HG3 3EF,425911,461141
HG3 3EG,425731,461119
HG3 3EH,425674,461560
HG3 3EJ,425124,461247
HG3 3EL,425004,461196
HG3 3EN,425017,461236
HG3 3EP,423604,461882
HG3 3EQ,425830,461069
HG3 3ER,423683,461804
HG3 3ES,423412,460704
HG3 3ET,424135,460814
HG3 3EU,422689,461410
HG3 3EW,424656,461528
HG3 3EX,422669,460483
HG3 3EY,421961,461266
HG3 3EZ,421486,461767
HG3 3GY,425214,461155
HG3 3HA,421549,462557
HG3 3HB,421967,463281
HG3 3HD,421975,464347
HG3 3HE,422723,463298
HG3 3HF,422649,462069
HG3 3HG,425021,461139
HG3 3HH,425211,461057
HG3 3HJ,425543,462448
HG3 3HL,426018,461970
HG3 3HN,426453,462229
HG3 3HP,425326,462395
HG3 3HQ,425173,461130
HG3 3HR,425660,462503
HG3 3HS,425691,462521
HG3 3HT,425764,462511
HG3 3HU,425628,462473
HG3 3HW,425736,462349
HG3 3HX,425538,462540
HG3 3HY,425276,462658
HG3 3HZ,425200,462744
HG3 3JA,424670,463271
HG3 3JB,423449,463725
HG3 3JF,425592,462442
HG3 3JG,425724,462402
HG3 3JH,427045,462309
HG3 3JJ,427974,462260
HG3 3JL,427321,462952
HG3 3JN,426835,463797
HG3 3JP,426146,463723
HG3 3JQ,428290,461609
HG3 3JR,426052,463390
HG3 3JS,426315,462912
HG3 3JT,425556,462807
HG3 3JU,426180,463276
HG3 3JW,426315,463448
HG3 3JX,425239,463684
HG3 3JY,426410,464520
HG3 3JZ,426218,465149
HG3 3LA,427230,465900
HG3 3LB,425976,465664
HG3 3LD,425356,465308
HG3 3LE,424433,464314
HG3 3LF,423780,464914
HG3 3LG,423503,465985
HG3 3LH,422805,465163
HG3 3LJ,422666,464428
HG3 3LN,424695,459884
HG3 3LQ,423457,465440
HG3 3LS,430677,462034
HG3 3LT,430222,461864
HG3 3LU,430030,462356
HG3 3LX,430771,462533
HG3 3LY,429938,463047
HG3 3LZ,430441,463032
HG3 3NA,430291,463384
HG3 3NB,428898,462763
HG3 3ND,430353,463365
HG3 3NE,430561,463274
HG3 3NF,430495,463302
HG3 3NG,430559,463986
HG3 3NH,430493,464867
HG3 3NJ,430422,464899
HG3 3NL,429474,464964
HG3 3NN,429184,465123
HG3 3NP,429109,465194
HG3 3NQ,430466,464633
HG3 3NR,428781,464997
HG3 3NS,428741,464884
HG3 3NT,428715,464816
HG3 3NU,428748,464723
HG3 3NW,429198,465159
HG3 3NX,428628,464931
HG3 3NY,428654,464903
HG3 3NZ,429193,465196
HG3 3PA,428673,464915
HG3 3PB,428602,465107
HG3 3PD,428616,465756
HG3 3PE,428616,465756
HG3 3PF,429457,466212
HG3 3PG,429556,466142
HG3 3PH,428320,464936
HG3 3PJ,427866,464237
HG3 3PL,422913,460643
HG3 3PQ,429300,465520
HG3 3PR,430565,464982
HG3 3PS,430673,464942
HG3 3PT,430763,464973
HG3 3PU,430796,465008
HG3 3PW,428631,464894
HG3 3PX,430764,464716
HG3 3PY,430811,464894
HG3 3QA,430832,465117
HG3 3QB,430810,465574
HG3 3QD,430807,466160
HG3 3QE,430732,466267
HG3 3QF,432388,466243
HG3 3QG,432488,466399
HG3 3QH,432738,466197
HG3 3QJ,432236,465917
HG3 3QL,432753,466374
HG3 3QN,433156,466577
HG3 3QP,432987,466317
HG3 3QQ,432710,466144
HG3 3QR,433020,466339
HG3 3QS,433067,466359
HG3 3QT,432988,466157
HG3 3QU,432904,466110
HG3 3QW,432931,466331
HG3 3QX,432982,465995
HG3 3QY,432947,466024
HG3 3QZ,432922,466039
HG3 3RA,432809,466024
HG3 3RB,433080,466470
HG3 3RD,433082,466531
HG3 3RE,433056,466591
HG3 3RF,433146,466559
HG3 3RH,432803,466153
HG3 3RJ,432735,466282
HG3 3RL,433314,466651
HG3 3RN,433366,466667
HG3 3RP,432658,463750
HG3 3RQ,433790,466812
HG3 3RR,432532,463687
HG3 3RS,432543,463649
HG3 3RT,432622,463535
HG3 3RU,432344,463811
HG3 3RW,432643,463780
HG3 3RX,431732,464215
HG3 3RY,432302,463822
HG3 3RZ,432561,463933
HG3 3SA,432697,463931
HG3 3SB,432763,463908
HG3 3SD,432825,463871
HG3 3SE,432843,464012
HG3 3SF,432915,464019
HG3 3SG,432878,463869
HG3 3SH,432944,463837
HG3 3SJ,432779,463745
HG3 3SL,432745,463741
HG3 3SN,432725,463766
HG3 3SP,432819,466204
HG3 3SQ,432967,463897
HG3 3SR,432817,463784
HG3 3ST,432882,464296
HG3 3SU,433934,465265
HG3 3SW,432846,466076
HG3 3SX,433840,463778
HG3 3SY,433526,463227
HG3 3SZ,434459,463314
HG3 3TA,435114,463058
HG3 3TB,434958,463164
HG3 3TD,435292,461847
HG3 3TE,432254,462806
HG3 3TH,434365,463411
HG3 3TJ,432872,463828
HG3 3TS,433544,462310
HG3 3TU,428626,464986
HG3 3TX,432504,463834
HG3 3TY,434577,463426
HG3 3UB,433210,466719
HG3 3UD,433291,466769
HG3 3WR,431404,456372
HG3 3WT,431404,456372
HG3 3WW,431404,456372
HG3 3XY,431404,456372
HG3 4AA,419849,461313
HG3 4AD,419962,460340
HG3 4AE,419009,460550
HG3 4AF,418651,460795
HG3 4AG,417982,460911
HG3 4AH,416062,458651
HG3 4AJ,415059,458438
HG3 4AL,415940,459662
HG3 4AN,415284,459973
HG3 4AP,415773,460883
HG3 4AQ,417266,459720
HG3 4AR,416248,461228
HG3 4AS,414678,460698
HG3 4AT,419602,462913
HG3 4AU,414500,460133
HG3 4AW,415998,460662
HG3 4AX,413211,460650
HG3 4AZ,412883,458472
HG3 4BA,413848,458300
HG3 4BB,414916,457416
HG3 4BD,415628,458323
HG3 4BE,419575,462115
HG3 4BG,419673,462881
HG3 4BH,419554,461729
HG3 4BJ,419714,462851
HG3 4BL,419940,462836
HG3 4BN,419778,462798
HG3 4BP,419689,462834
HG3 4BQ,419636,462867
HG3 4BS,419639,462903
HG3 4BT,419514,463137
HG3 4BU,419206,463602
HG3 4BW,419571,462931
HG3 4BX,419228,463566
HG3 4BY,419199,463618
HG3 4BZ,419185,463653
HG3 4DA,419152,463708
HG3 4DB,419136,463721
HG3 4DD,419060,463736
HG3 4DE,419162,463746
HG3 4DF,418827,464141
HG3 4DH,419181,464222
HG3 4DJ,419145,464272
HG3 4DL,419590,464338
HG3 4DN,419739,463602
HG3 4DP,420792,463331
HG3 4DQ,419023,463935
HG3 4DR,420539,462764
HG3 4DS,419645,463019
HG3 4DT,419522,462962
HG3 4DW,420619,465052
HG3 4DX,419498,462046
HG3 4EA,420009,462350
HG3 4EB,419804,462164
HG3 4ED,419683,462133
HG3 4EE,419611,462125
HG3 4EF,419547,462085
HG3 4EG,419661,462106
HG3 4EH,419679,462029
HG3 4EJ,419631,461985
HG3 4EL,419617,461934
HG3 4EN,419693,461917
HG3 4EP,419580,461714
HG3 4EQ,419692,462023
HG3 4ER,419435,461790
HG3 4ES,419247,460814
HG3 4ET,419342,460814
HG3 4EU,418146,462050
HG3 4EW,419610,461776
HG3 4EX,417948,461443
HG3 4EY,417232,461032
HG3 4EZ,417232,461032
HG3 4HA,419605,462054
HG3 4HD,417247,461809
HG3 4HE,417158,462308
HG3 4HG,417230,462728
HG3 4HP,420201,462402
HG3 4HQ,418628,463093
HG3 4HR,420153,462370
HG3 4HS,420138,462458
HG3 4HT,420182,462525
HG3 4HX,420276,462544
HG3 4HY,420236,462472
HG3 4HZ,420194,462317
HG3 4JA,420277,462313
HG3 4JB,420410,462324
HG3 4JD,420265,462390
HG3 4JE,420330,462389
HG3 4JF,420097,462543
HG3 4JG,420096,462714
HG3 4JH,419987,462675
HG3 4JJ,419991,462770
HG3 4JL,419894,462722
HG3 4JN,419977,462626
HG3 4JP,420062,462354
HG3 4JQ,420004,462645
HG3 4JR,420421,461476
HG3 4JS,421058,459972
HG3 4JT,421838,460782
HG3 4JU,420383,462355
HG3 4JW,419869,462752
HG3 4LA,419612,462894
HG3 4WA,420192,462397
HG3 4WP,420192,462397
HG3 4WX,420192,462397
HG3 4XN,420192,462397
HG3 4XZ,420192,462397
HG3 5AA,414491,466955
HG3 5AB,414041,467959
HG3 5AD,413067,468483
HG3 5AE,412417,469720
HG3 5AL,415843,465647
HG3 5AN,415852,465553
HG3 5AP,415784,465611
HG3 5AQ,415613,465672
HG3 5AR,415725,465579
HG3 5AS,415966,465778
HG3 5AT,415721,465680
HG3 5AU,415707,465737
HG3 5AW,415803,465594
HG3 5AX,415642,465697
HG3 5AY,415663,465709
HG3 5AZ,415689,465637
HG3 5BA,415619,465607
HG3 5BD,415717,465448
HG3 5BH,413604,465456
HG3 5BJ,412970,464921
HG3 5BN,412840,465206
HG3 5BQ,414249,465521
HG3 5BS,412970,465859
HG3 5BT,413439,466347
HG3 5BU,414179,466182
HG3 5BW,412504,465576
HG3 5BX,413308,466645
HG3 5BY,414481,465991
HG3 5BZ,415817,465625
HG3 5DA,415645,465781
HG3 5DG,416697,465003
HG3 5DH,417269,464823
HG3 5DJ,417286,464924
HG3 5DL,417525,464909
HG3 5DN,417503,465197
HG3 5DP,417698,465150
HG3 5DQ,416937,465064
HG3 5DR,417752,465240
HG3 5DT,417845,464970
HG3 5DU,417582,464704
HG3 5DW,417583,465170
HG3 5DX,417606,464748
HG3 5DY,417305,464476
HG3 5EA,417884,464555
HG3 5EB,418244,464543
HG3 5ED,418546,464313
HG3 5EE,418673,464785
HG3 5EF,418283,464932
HG3 5EG,418293,464900
HG3 5EH,418894,465322
HG3 5EJ,419233,465081
HG3 5EL,419155,465167
HG3 5EN,419225,465430
HG3 5EP,418903,466903
HG3 5EQ,418468,465142
HG3 5ER,418919,466350
HG3 5ES,419670,466347
HG3 5ET,420175,466123
HG3 5EU,420559,466459
HG3 5EW,418114,465742
HG3 5EX,420873,466039
HG3 5EY,421556,465950
HG3 5HG,415588,465369
HG3 5HH,415509,465383
HG3 5HJ,415406,465571
HG3 5HL,415079,466067
HG3 5HN,415641,465257
HG3 5HP,415386,465152
HG3 5HQ,415547,465394
HG3 5HR,415562,465040
HG3 5HS,415656,465007
HG3 5HU,415726,464939
HG3 5HW,415203,465098
HG3 5HX,415796,464719
HG3 5HY,415778,464829
HG3 5HZ,415816,464776
HG3 5JA,415924,464134
HG3 5JB,415991,464820
HG3 5JD,415245,464340
HG3 5JE,414656,464859
HG3 5JF,414487,463819
HG3 5JG,414846,464493
HG3 5JH,411280,464051
HG3 5JJ,411925,463088
HG3 5JL,410226,463989
HG3 5JN,415279,465701
HG3 5JP,415315,465717
HG3 5JQ,411636,464203
HG3 5JR,415304,465751
HG3 5JS,415789,465667
HG3 5JT,415765,465627
HG3 5JU,415886,465629
HG3 5JW,415784,465611
HG3 5JX,415915,465558
HG3 5JY,415833,465715
HG3 5JZ,415878,465649
HG3 5LA,415913,465674
HG3 5LB,415870,465678
HG3 5LE,415819,465784
HG3 5LG,415869,465871
HG3 5LH,415971,465950
HG3 5LJ,416058,465944
HG3 5LL,416011,465906
HG3 5LN,415846,465934
HG3 5LP,415794,465953
HG3 5LQ,415904,465823
HG3 5LR,415668,465804
HG3 5LS,415756,465848
HG3 5LT,415811,465845
HG3 5LU,415975,465665
HG3 5LW,416024,466024
HG3 5LX,415974,465689
HG3 5LY,416130,465666
HG3 5LZ,416375,465495
HG3 5NA,415867,465511
HG3 5NB,416644,465722
HG3 5ND,416642,465925
HG3 5NE,416479,466561
HG3 5NF,416351,466935
HG3 5NG,417328,465604
HG3 5NH,416804,465214
HG3 5NJ,416098,465373
HG3 5NL,415987,465537
HG3 5NN,416029,465459
HG3 5NP,416015,465561
HG3 5NQ,417036,465181
HG3 5NR,415997,465635
HG3 5NS,416028,465625
HG3 5NT,416068,465616
HG3 5NU,416099,465593
HG3 5NW,416014,465480
HG3 5NX,416230,465405
HG3 5NY,416140,465387
HG3 5NZ,415951,465851
HG3 5PA,416079,465821
HG3 5PB,416026,465797
HG3 5PG,415703,466217
HG3 5PH,415211,466689
HG3 5PJ,415052,466904
HG3 5PL,414969,467511
HG3 5PN,414822,467694
HG3 5PP,414661,467803
HG3 5PQ,415453,466590
HG3 5PR,414636,468260
HG3 5PS,413778,469193
HG3 5PT,413172,468038
HG3 5PU,413781,467234
HG3 5PW,415620,467926
HG3 5PX,414708,466541
HG3 5PY,414322,466405
HG3 5PZ,413767,466525
HG3 5QE,416319,465057
HG3 5QF,416573,464585
HG3 5QG,417103,464259
HG3 5QH,417189,464458
HG3 5QJ,417340,464383
HG3 5QL,417098,464429
HG3 5QN,417118,464481
HG3 5QP,417204,464601
HG3 5QQ,417322,463922
HG3 5QR,417172,464629
HG3 5QS,417266,464576
HG3 5QT,417290,464598
HG3 5QU,417325,464598
HG3 5QW,417060,464637
HG3 5QX,417318,464635
HG3 5QY,417447,464616
HG3 5QZ,417569,464666
HG3 5RA,417560,464510
HG3 5RB,417287,464637
HG3 5RD,417454,464683
HG3 5RE,416057,465519
HG3 5RG,410969,472779
HG3 5RH,411642,472143
HG3 5RJ,412081,470595
HG3 5RL,411860,471056
HG3 5RN,411821,471004
HG3 5RP,412523,471868
HG3 5RQ,410804,472210
HG3 5RR,412689,471039
HG3 5RS,412982,470268
HG3 5RT,411074,470528
HG3 5RW,412308,471147
HG3 5RZ,410124,473472
HG3 5SA,410157,473518
HG3 5SB,410239,473312
HG3 5SD,410309,473283
HG3 5SE,410855,473675
HG3 5SF,409348,473176
HG3 5SG,409779,473156
HG3 5SN,409485,475785
HG3 5SP,409616,477176
HG3 5SQ,409893,472588
HG3 5ST,409224,474184
HG3 5SU,409297,474740
HG3 5SW,407404,477259
HG3 5SX,409339,473890
HG3 5SY,408703,473480
HG3 5SZ,408295,474219
HG3 5TA,407691,474368
HG3 5WH,415817,465625
HG3 5WQ,415817,465625
HG3 5XA,415817,465625
HG3 5XB,415817,465625
HG3 5XE,415817,465625
HG3 5ZW,415817,465625
HG4 1AA,431300,471393
HG4 1AB,432349,470521
HG4 1AD,431256,471903
HG4 1AE,431759,472490
HG4 1AF,432015,470863
HG4 1AG,431315,471354
HG4 1AH,431269,471997
HG4 1AJ,432411,470439
HG4 1AL,431314,471382
HG4 1AN,431293,471107
HG4 1AQ,431585,470852
HG4 1AW,431044,470599
HG4 1AY,431193,471027
HG4 1AZ,431121,471015
HG4 1BA,431118,471191
HG4 1BB,431106,471169
HG4 1BD,431149,471183
HG4 1BE,431078,471101
HG4 1BG,431077,471073
HG4 1BH,431192,471154
HG4 1BL,431286,471149
HG4 1BN,431182,471297
HG4 1BP,431264,471290
HG4 1BQ,431187,471127
HG4 1BS,431340,471065
HG4 1BU,431226,471104
HG4 1BW,431225,471331
HG4 1BZ,431225,471212
HG4 1DB,431225,471212
HG4 1DD,431210,471208
HG4 1DE,432063,470447
HG4 1DF,431156,471670
HG4 1DG,431190,471220
HG4 1DH,431190,471220
HG4 1DJ,431118,471221
HG4 1DL,431251,470956
HG4 1DP,431208,471451
HG4 1DQ,431407,471615
HG4 1DS,431300,471393
HG4 1DT,431184,471475
HG4 1DX,431190,471388
HG4 1DY,431197,471362
HG4 1EA,431226,471366
HG4 1EB,431231,471365
HG4 1ED,431238,471348
HG4 1EG,431272,471355
HG4 1EH,431054,471924
HG4 1EJ,431003,472342
HG4 1EL,431006,472158
HG4 1EN,431167,471626
HG4 1EP,431144,471589
HG4 1EQ,431281,471375
HG4 1ER,431242,472018
HG4 1ES,431210,471811
HG4 1ET,431207,471883
HG4 1EU,431161,472012
HG4 1EW,431152,471575
HG4 1EX,431301,471942
HG4 1EY,431134,471903
HG4 1EZ,430973,472219
HG4 1FN,431616,471066
HG4 1GY,431340,471751
HG4 1HA,430806,472320
HG4 1HB,431177,472119
HG4 1HD,431171,472164
HG4 1HE,431120,472633
HG4 1HF,431218,472253
HG4 1HG,431112,472184
HG4 1HH,431689,471854
HG4 1HJ,431221,471628
HG4 1HL,431196,471574
HG4 1HN,431281,471783
HG4 1HP,431348,471715
HG4 1HQ,431093,472205
HG4 1HR,431450,471694
HG4 1HS,431479,471746
HG4 1HT,431652,471766
HG4 1HU,431721,471758
HG4 1HW,431444,471728
HG4 1HX,431703,471935
HG4 1HY,431828,472133
HG4 1HZ,431444,471585
HG4 1JA,431798,472358
HG4 1JD,431704,472439
HG4 1JE,431300,471393
HG4 1JF,431728,472350
HG4 1JG,431611,472376
HG4 1JJ,431572,472096
HG4 1JL,431573,472036
HG4 1JN,431482,472050
HG4 1JP,431528,471936
HG4 1JR,431432,471945
HG4 1JT,431885,471169
HG4 1JU,431857,471157
HG4 1JW,431596,472003
HG4 1JX,431510,471717
HG4 1JY,431219,471483
HG4 1LA,431290,471439
HG4 1LB,431333,471415
HG4 1LD,431251,471450
HG4 1LE,431345,471477
HG4 1LF,431367,471439
HG4 1LG,431409,471385
HG4 1LH,431597,471582
HG4 1LJ,431641,471446
HG4 1LL,431653,471360
HG4 1LN,431611,471327
HG4 1LP,431742,471269
HG4 1LQ,431457,471435
HG4 1LR,431803,471283
HG4 1LS,431815,471115
HG4 1LT,431773,471128
HG4 1LU,431724,471077
HG4 1LW,431754,471313
HG4 1LX,431559,471338
HG4 1LY,431533,471342
HG4 1LZ,431530,471231
HG4 1NA,431613,471025
HG4 1NB,431531,471442
HG4 1ND,431587,471170
HG4 1NE,431573,470989
HG4 1NG,431651,470981
HG4 1NH,431744,470944
HG4 1NJ,431862,470832
HG4 1NL,432072,470876
HG4 1NN,431928,470821
HG4 1NP,431876,470996
HG4 1NQ,431771,471022
HG4 1NR,431358,470575
HG4 1NS,431724,471040
HG4 1NT,431380,470311
HG4 1NU,431254,471451
HG4 1NW,432080,470947
HG4 1NX,431855,470960
HG4 1NY,431519,471379
HG4 1NZ,431310,471295
HG4 1PA,431295,471146
HG4 1PB,431302,471173
HG4 1PD,431357,471168
HG4 1PE,431354,471106
HG4 1PF,431296,471068
HG4 1PG,431132,470658
HG4 1PH,431273,471010
HG4 1PJ,431314,470982
HG4 1PL,431276,470828
HG4 1PN,431348,470803
HG4 1PP,431329,470816
HG4 1PQ,431218,470863
HG4 1PR,431299,470807
HG4 1PS,431197,470905
HG4 1PT,431091,470951
HG4 1PU,431197,470853
HG4 1PW,431328,470767
HG4 1PX,431153,470784
HG4 1PY,431302,470695
HG4 1PZ,431329,470701
HG4 1QA,431212,470681
HG4 1QB,431376,470644
HG4 1QD,431373,470821
HG4 1QE,431429,470743
HG4 1QF,431416,470561
HG4 1QG,431484,470541
HG4 1QH,431602,470709
HG4 1QJ,431580,470769
HG4 1QL,431300,471393
HG4 1QN,431575,470810
HG4 1QP,431449,471073
HG4 1QQ,431520,470721
HG4 1QR,431510,471014
HG4 1QS,431473,471188
HG4 1QT,431448,471126
HG4 1QU,431266,471045
HG4 1QW,431551,470908
HG4 1QX,431448,470858
HG4 1QY,431572,470422
HG4 1QZ,431479,470647
HG4 1RA,431299,470911
HG4 1RB,431318,469965
HG4 1RD,431558,470145
HG4 1RE,431507,470016
HG4 1RF,431431,470004
HG4 1RG,431429,470083
HG4 1RH,431319,470294
HG4 1RJ,431331,470227
HG4 1RL,431259,470062
HG4 1RN,431303,470130
HG4 1RP,431260,470215
HG4 1RQ,431481,470278
HG4 1RR,431189,470260
HG4 1RS,431229,470256
HG4 1RT,431113,470292
HG4 1RU,431061,470531
HG4 1RW,431118,469877
HG4 1RX,431112,470473
HG4 1RY,431019,470409
HG4 1RZ,431148,470455
HG4 1SA,431177,470315
HG4 1SB,431214,470339
HG4 1SD,431270,470381
HG4 1SE,431340,470422
HG4 1SF,431361,470541
HG4 1SG,431293,470498
HG4 1SH,431263,470556
HG4 1SJ,431569,470663
HG4 1SL,431300,471393
HG4 1SN,431119,470804
HG4 1SP,430868,470750
HG4 1SQ,431218,470572
HG4 1SR,430914,470652
HG4 1SS,431044,470669
HG4 1ST,430978,470454
HG4 1SU,430928,470334
HG4 1SW,431004,470796
HG4 1SX,431030,470292
HG4 1SY,431032,470225
HG4 1SZ,431069,469908
HG4 1TA,431007,469856
HG4 1TD,430883,470253
HG4 1TE,431153,470056
HG4 1TF,431098,469970
HG4 1TG,431005,470379
HG4 1TH,431127,470150
HG4 1TJ,431083,470082
HG4 1TL,431702,470715
HG4 1TN,431760,470359
HG4 1TP,431549,471557
HG4 1TQ,431111,470265
HG4 1TT,431935,470483
HG4 1TZ,432203,470247
HG4 1UA,432153,470144
HG4 1UB,431631,470178
HG4 1UD,431880,470027
HG4 1UE,432234,470668
HG4 1UF,432075,470682
HG4 1UG,432487,469955
HG4 1UH,432185,470727
HG4 1UJ,432067,470794
HG4 1UL,431482,470158
HG4 1UN,430741,472432
HG4 1UP,431503,469935
HG4 1UQ,432120,470299
HG4 1UR,431542,472003
HG4 1US,432129,470595
HG4 1UW,430785,472580
HG4 1UY,431300,471393
HG4 1UZ,431300,471393
HG4 1WA,431322,471119
HG4 1WB,431515,471425
HG4 1WD,431105,469918
HG4 1WE,431300,471393
HG4 1WF,431063,471017
HG4 1WT,431300,471393
HG4 1XT,431300,471393
HG4 1XY,431300,471393
HG4 2AB,431103,471562
HG4 2AE,430928,471612
HG4 2AF,431098,471505
HG4 2AG,431089,471468
HG4 2AH,431029,471407
HG4 2AJ,431026,471364
HG4 2AL,430995,471525
HG4 2AN,431006,471331
HG4 2AP,430789,471790
HG4 2AQ,431109,471436
HG4 2AR,431101,471288
HG4 2AT,431105,471271
HG4 2AU,431130,471490
HG4 2AW,430971,471382
HG4 2AX,430989,471281
HG4 2AY,430897,471283
HG4 2AZ,431037,471372
HG4 2BD,431033,471262
HG4 2BE,430997,471250
HG4 2BL,431148,471238
HG4 2BN,431070,471108
HG4 2BP,430994,471669
HG4 2BQ,431113,471247
HG4 2BT,431082,471362
HG4 2BU,430818,471207
HG4 2BW,431126,471232
HG4 2BX,430711,471205
HG4 2BY,430690,471286
HG4 2BZ,430655,471286
HG4 2DA,430537,471336
HG4 2DB,430460,471297
HG4 2DD,430357,471342
HG4 2DE,430050,471541
HG4 2DF,430220,471316
HG4 2DG,430209,471578
HG4 2DH,430076,471478
HG4 2DJ,430063,471648
HG4 2DL,429873,471604
HG4 2DN,429675,471602
HG4 2DP,430278,471758
HG4 2DQ,430058,471589
HG4 2DR,430206,471874
HG4 2DS,430184,471856
HG4 2DW,429653,471693
HG4 2DX,430415,471257
HG4 2ED,429591,471919
HG4 2EF,429746,471790
HG4 2EG,429790,471839
HG4 2EH,429743,471488
HG4 2EJ,429758,471398
HG4 2EL,429824,471309
HG4 2EN,429693,471892
HG4 2EP,429798,471896
HG4 2EQ,429829,471492
HG4 2ER,430858,471609
HG4 2ES,430903,471381
HG4 2ET,430937,471496
HG4 2EU,430687,471726
HG4 2EW,429740,471896
HG4 2EY,430702,471638
HG4 2EZ,430582,471681
HG4 2HA,430661,471814
HG4 2HD,430857,471736
HG4 2HE,430661,471769
HG4 2HF,430375,471871
HG4 2HG,430497,471787
HG4 2HH,430197,471976
HG4 2HJ,430037,471967
HG4 2HL,429993,471912
HG4 2HN,429943,471894
HG4 2HP,429947,471713
HG4 2HQ,431022,471683
HG4 2HR,429857,471756
HG4 2HS,430111,471890
HG4 2HT,430110,471951
HG4 2HU,430743,471716
HG4 2HW,430032,471761
HG4 2HY,431115,471624
HG4 2HZ,431117,471659
HG4 2JA,431116,471715
HG4 2JB,431116,471715
HG4 2JD,431187,471790
HG4 2JE,431105,471809
HG4 2JF,430405,470205
HG4 2JH,430885,470822
HG4 2JJ,430842,470646
HG4 2JL,430807,470498
HG4 2JN,430615,470369
HG4 2JP,430833,470357
HG4 2JT,430220,469978
HG4 2JW,430743,470319
HG4 2JX,430622,470142
HG4 2JY,430684,470208
HG4 2JZ,430700,470239
HG4 2LA,430457,470268
HG4 2LB,430465,470067
HG4 2LD,430380,469996
HG4 2LE,430380,470053
HG4 2LF,430275,470105
HG4 2LG,430365,470154
HG4 2LH,430439,469754
HG4 2LJ,430357,469835
HG4 2LL,430406,469861
HG4 2LN,430504,469941
HG4 2LP,430474,469861
HG4 2LQ,430337,469817
HG4 2LR,430577,469792
HG4 2LS,430514,469731
HG4 2LT,430564,469688
HG4 2LU,430538,470076
HG4 2LW,430560,469926
HG4 2LX,430922,469982
HG4 2LZ,429647,471627
HG4 2NA,430584,469897
HG4 2NB,430676,469906
HG4 2ND,430650,469977
HG4 2NE,430686,470066
HG4 2NF,430689,469982
HG4 2NH,430960,469897
HG4 2NJ,430836,469740
HG4 2NL,430829,469758
HG4 2NN,430743,469620
HG4 2NP,430493,469665
HG4 2NR,430678,469534
HG4 2NS,430490,469789
HG4 2NW,430821,469650
HG4 2NX,430676,469611
HG4 2PA,430689,469709
HG4 2PB,430782,469756
HG4 2PD,430716,469834
HG4 2PE,430763,469975
HG4 2PF,430879,470074
HG4 2PG,430842,469944
HG4 2PH,430896,470036
HG4 2PJ,430992,470084
HG4 2PL,430636,469823
HG4 2PN,430534,469748
HG4 2PQ,430872,470021
HG4 2PR,430990,471167
HG4 2PT,430953,471057
HG4 2PU,430851,470993
HG4 2PW,430773,470921
HG4 2PX,430831,470956
HG4 2PZ,430843,470906
HG4 2QA,430510,470843
HG4 2QB,430591,470853
HG4 2QD,430703,471007
HG4 2QE,430473,470962
HG4 2QF,430313,471016
HG4 2QG,430726,471080
HG4 2QH,430296,471089
HG4 2QJ,430297,471165
HG4 2QL,430087,471166
HG4 2QN,429895,471367
HG4 2QP,429875,471186
HG4 2QR,429824,470940
HG4 2QS,431102,471214
HG4 2QT,431068,471117
HG4 2QW,430024,471426
HG4 2QZ,430239,472089
HG4 2RA,430131,472090
HG4 2RD,429493,472063
HG4 2RF,429878,472206
HG4 2RH,429535,471736
HG4 2RJ,429849,471566
HG4 2RL,430795,471970
HG4 2RN,430737,472093
HG4 2RP,430647,472461
HG4 2RQ,428615,472201
HG4 2RR,430694,472359
HG4 2RU,431076,469683
HG4 2RY,430936,469663
HG4 2RZ,430918,469706
HG4 2SA,431225,470028
HG4 2SB,431112,469628
HG4 2SD,431040,469560
HG4 2SE,429989,469890
HG4 2SF,431009,469610
HG4 2SG,430850,471971
HG4 2SZ,430652,471879
HG4 2TB,430976,470998
HG4 2TE,430708,471961
HG4 2TF,430808,471902
HG4 2TG,430858,471901
HG4 2TH,430843,471832
HG4 2TJ,430872,471873
HG4 2TN,430881,471839
HG4 2TP,429600,471528
HG4 2TQ,430921,471819
HG4 2TR,429544,471654
HG4 2TS,429438,471654
HG4 2TT,429452,471581
HG4 2TU,429525,471496
HG4 2TW,430966,471818
HG4 2TX,429556,471463
HG4 2TY,429683,471496
HG4 2TZ,429718,471495
HG4 2WA,431300,471393
HG4 2WR,431300,471393
HG4 2WS,431300,471393
HG4 2WT,431300,471393
HG4 2WU,431300,471393
HG4 3AA,431128,469102
HG4 3AB,431317,467286
HG4 3AD,429456,467395
HG4 3AE,430998,467281
HG4 3AF,430807,468523
HG4 3AG,430914,468985
HG4 3AH,428216,472463
HG4 3AJ,428494,471425
HG4 3AL,427100,472082
HG4 3AN,426807,466765
HG4 3AP,428088,468130
HG4 3AQ,430899,469100
HG4 3AR,428621,467792
HG4 3AS,429787,468943
HG4 3AT,430950,469154
HG4 3AU,428755,477002
HG4 3AW,428430,466918
HG4 3AX,429082,470193
HG4 3AY,429043,470209
HG4 3AZ,428871,469905
HG4 3BA,428684,470638
HG4 3BB,427769,470233
HG4 3BD,427715,470275
HG4 3BE,426424,469411
HG4 3BG,426345,469356
HG4 3BH,422920,476363
HG4 3BL,423113,476224
HG4 3BN,423380,475154
HG4 3BP,423679,476621
HG4 3BQ,426069,469882
HG4 3BS,423194,476125
HG4 3BT,423102,476066
HG4 3BU,423124,476101
HG4 3BW,422969,476428
HG4 3BX,423057,476098
HG4 3BY,422957,476218
HG4 3BZ,422783,476310
HG4 3DA,421834,476959
HG4 3DB,422775,476465
HG4 3DD,422892,476519
HG4 3DE,423037,476855
HG4 3DF,422770,476601
HG4 3DG,422344,477056
HG4 3DH,420589,477137
HG4 3DJ,419973,476446
HG4 3DL,420115,476099
HG4 3DN,420675,476484
HG4 3DP,422412,475807
HG4 3DQ,420843,477765
HG4 3DR,423461,475696
HG4 3DS,424576,475838
HG4 3DT,425063,475353
HG4 3DW,421466,475896
HG4 3DX,424981,467691
HG4 3DY,427634,469361
HG4 3DZ,427241,468447
HG4 3EA,426996,468019
HG4 3EB,426764,468560
HG4 3ED,425358,466791
HG4 3EE,424974,467403
HG4 3EF,424669,467439
HG4 3EG,424972,467587
HG4 3EH,424905,467622
HG4 3EJ,424902,467713
HG4 3EL,425313,467853
HG4 3EN,424583,467957
HG4 3EP,424617,468780
HG4 3EQ,424836,467771
HG4 3ER,425234,468377
HG4 3ES,424169,469280
HG4 3ET,424169,469280
HG4 3EU,423773,469616
HG4 3EW,424280,468605
HG4 3EX,423220,468959
HG4 3EY,423789,468180
HG4 3EZ,423598,467218
HG4 3HA,422817,467423
HG4 3HB,421212,468163
HG4 3HD,422319,468318
HG4 3HE,428676,477230
HG4 3HF,430128,473031
HG4 3HG,429089,475672
HG4 3HH,430712,473095
HG4 3HJ,430910,473405
HG4 3HN,430311,473066
HG4 3HP,429944,473963
HG4 3HQ,428050,478312
HG4 3HR,429146,475176
HG4 3HS,430197,475084
HG4 3HT,428613,476838
HG4 3HU,428730,477164
HG4 3HW,430009,473967
HG4 3HX,428521,477429
HG4 3HY,428579,476839
HG4 3HZ,428575,476947
HG4 3JA,427811,477259
HG4 3JB,426422,476918
HG4 3JD,426499,476770
HG4 3JE,425605,476952
HG4 3JF,425013,476644
HG4 3JG,426091,476098
HG4 3JH,426621,475482
HG4 3JJ,425828,474495
HG4 3JL,426028,474127
HG4 3JN,427577,475344
HG4 3JP,427333,473963
HG4 3JQ,427129,476051
HG4 3JT,428758,477044
HG4 3JU,429532,472810
HG4 3JW,427811,474418
HG4 3JX,428574,473127
HG4 3JY,428677,473477
HG4 3JZ,428379,474039
HG4 3LA,428785,476980
HG4 3LB,428683,476836
HG4 3LD,428737,476820
HG4 3LE,428870,477072
HG4 3LF,431989,469809
HG4 3LG,432227,469423
HG4 3LH,432046,469503
HG4 3LJ,432059,469843
HG4 3LL,432024,469770
HG4 3LN,431914,469796
HG4 3LP,432461,469068
HG4 3LQ,432069,469467
HG4 3LR,432678,468516
HG4 3LS,432449,468210
HG4 3LT,432564,467681
HG4 3LU,431866,467828
HG4 3LW,432372,469190
HG4 3LX,431963,467135
HG4 3LY,431624,469489
HG4 3NE,425827,473207
HG4 3NF,426797,472657
HG4 3NG,425576,472041
HG4 3NJ,425286,472666
HG4 3NL,424859,473393
HG4 3NN,424816,472600
HG4 3NP,425153,471432
HG4 3NR,425181,471300
HG4 3NS,424664,471926
HG4 3NT,424021,472231
HG4 3NU,423196,472476
HG4 3NW,425164,472374
HG4 3NX,423332,471851
HG4 3NY,425174,472746
HG4 3PA,423596,473244
HG4 3PB,423987,472974
HG4 3PG,424500,471194
HG4 3PH,423776,470338
HG4 3PJ,423250,469928
HG4 3PL,422739,470094
HG4 3PN,422558,470655
HG4 3PP,422053,469630
HG4 3PQ,423767,470849
HG4 3PR,421425,469745
HG4 3PS,420332,469481
HG4 3PT,419431,470559
HG4 3PU,420061,471558
HG4 3PW,422366,469924
HG4 3PX,422895,471630
HG4 3PY,422581,469461
HG4 3QD,423869,474566
HG4 3QE,424183,474771
HG4 3QF,421923,474398
HG4 3QG,420796,475003
HG4 3QH,419731,474484
HG4 3QJ,419180,475250
HG4 3QL,422668,473871
HG4 3QN,421991,473933
HG4 3QP,420986,473089
HG4 3QQ,420094,474988
HG4 3QR,420802,473703
HG4 3QS,419407,473567
HG4 3QT,419396,473314
HG4 3QU,419567,472765
HG4 3QW,421950,473357
HG4 3QX,417429,472263
HG4 3QY,418396,472247
HG4 3QZ,418336,471890
HG4 3RA,418764,471262
HG4 3RB,419533,471903
HG4 3RD,419927,472270
HG4 3RE,420554,472388
HG4 3RF,420869,472393
HG4 3RG,420623,472050
HG4 3RH,421021,472048
HG4 3RJ,423050,474968
HG4 3RP,423380,474430
HG4 3RQ,421014,472159
HG4 3RR,423137,474384
HG4 3RS,423336,474366
HG4 3RT,423485,474547
HG4 3RU,423566,474416
HG4 3RW,423078,474377
HG4 3RX,423499,474269
HG4 3RY,423349,474329
HG4 3RZ,423278,474335
HG4 3SA,423155,474344
HG4 3SB,423151,474324
HG4 3SD,422957,474251
HG4 3SE,422942,474302
HG4 3SF,422774,474226
HG4 3SG,422723,474224
HG4 3SH,423182,474282
HG4 3SJ,423160,474225
HG4 3SL,422727,474306
HG4 3SN,422756,474162
HG4 3SP,423213,474248
HG4 3SQ,423038,474209
HG4 3SR,422954,474350
HG4 3SS,423432,473911
HG4 3ST,423413,473892
HG4 3SU,422988,473278
HG4 3SW,423270,474195
HG4 3SX,422793,473352
HG4 3SY,422754,473173
HG4 3SZ,422086,473007
HG4 3TA,422037,472643
HG4 3TD,422759,473263
HG4 3TE,423094,476167
HG4 3TT,420778,475146
HG4 3WW,431300,471393
HG4 3WX,431300,471393
HG4 3WY,431300,471393
HG4 3XH,431300,471393
HG4 3XX,431300,471393
HG4 3YB,431300,471393
HG4 4AA,422416,484482
HG4 4AB,421766,484381
HG4 4AD,421707,485037
HG4 4AE,421075,485036
HG4 4AF,422504,484592
HG4 4AG,422009,485303
HG4 4AH,423569,485577
HG4 4AJ,423447,485542
HG4 4AL,423685,485380
HG4 4AN,423653,485373
HG4 4AP,423472,485701
HG4 4AQ,422772,485325
HG4 4AR,423578,485774
HG4 4AS,423477,486053
HG4 4AT,422472,485935
HG4 4AU,421671,485903
HG4 4AW,423711,485385
HG4 4AY,420493,486484
HG4 4AZ,418759,486588
HG4 4BA,417985,487109
HG4 4BB,417742,487070
HG4 4BD,417814,487178
HG4 4BE,417744,487255
HG4 4BG,417906,487228
HG4 4BH,419463,487086
HG4 4BJ,423573,485370
HG4 4BP,422583,481813
HG4 4BQ,418399,487971
HG4 4BS,422672,482735
HG4 4BT,423307,482594
HG4 4DA,422152,480693
HG4 4DB,422448,480993
HG4 4DD,422972,481175
HG4 4DE,423050,481209
HG4 4DF,423272,481244
HG4 4DG,423297,481247
HG4 4DH,423233,480982
HG4 4DJ,424377,479980
HG4 4DL,423512,479131
HG4 4DN,423864,478214
HG4 4DP,424998,479277
HG4 4DQ,423454,481406
HG4 4DR,422427,480738
HG4 4DS,422476,481056
HG4 4DT,422125,480709
HG4 4DU,422446,481077
HG4 4DW,424997,479821
HG4 4DX,422457,480818
HG4 4DY,422526,480781
HG4 4DZ,422528,480739
HG4 4EA,422461,480739
HG4 4EB,422458,480712
HG4 4ED,422460,480699
HG4 4EE,422420,480630
HG4 4EF,422551,480673
HG4 4EG,422586,480747
HG4 4EH,422406,480861
HG4 4EJ,422424,480918
HG4 4EL,421821,480860
HG4 4EN,422387,481044
HG4 4EP,422342,481023
HG4 4EQ,422655,480735
HG4 4ER,422307,480934
HG4 4ES,422107,480925
HG4 4ET,422069,480909
HG4 4EU,422064,480882
HG4 4EW,422359,481163
HG4 4EX,422185,480793
HG4 4EY,422150,480837
HG4 4EZ,422868,480680
HG4 4HA,422180,480866
HG4 4HB,422286,480834
HG4 4HD,422436,480831
HG4 4HE,422411,480811
HG4 4HF,422364,480716
HG4 4HG,422382,480753
HG4 4HH,422276,480653
HG4 4HJ,422345,480490
HG4 4HN,422382,480631
HG4 4HP,422414,480646
HG4 4HQ,422516,480391
HG4 4HR,422308,480625
HG4 4HS,422392,480474
HG4 4HT,422276,480461
HG4 4HU,422185,480526
HG4 4HX,422353,480426
HG4 4HY,422491,480533
HG4 4HZ,422447,480473
HG4 4JA,422406,480410
HG4 4JB,422472,480342
HG4 4JD,422561,480519
HG4 4JF,415529,484627
HG4 4JH,421246,479820
HG4 4JP,421360,479504
HG4 4JR,420700,478858
HG4 4JS,420620,479112
HG4 4JT,420281,478140
HG4 4JU,419151,478113
HG4 4JW,423124,478960
HG4 4JX,418754,477392
HG4 4JY,418973,478404
HG4 4JZ,418037,478700
HG4 4LA,417889,479811
HG4 4LB,418540,480120
HG4 4LD,419839,479701
HG4 4LH,418155,480640
HG4 4LJ,415970,480672
HG4 4LL,415395,481004
HG4 4LN,415053,480375
HG4 4LP,416322,480192
HG4 4LS,416269,479121
HG4 4LT,415124,477570
HG4 4LU,413635,476780
HG4 4LW,415959,480212
HG4 4LX,414805,478966
HG4 4ND,419433,481172
HG4 4NE,419819,481235
HG4 4NF,419291,480981
HG4 4NG,418706,481187
HG4 4NH,415508,482894
HG4 4NJ,415214,481445
HG4 4NL,414476,481596
HG4 4NN,412657,481002
HG4 4NQ,417480,481649
HG4 4NS,421867,480266
HG4 4NT,420698,480439
HG4 4NU,420850,481056
HG4 4NX,422163,481899
HG4 4PA,420712,481748
HG4 4PB,420510,482402
HG4 4PD,420230,483280
HG4 4PE,420377,483747
HG4 4PF,419861,484749
HG4 4PG,418159,485164
HG4 4PH,416967,485668
HG4 4PJ,416808,484307
HG4 4PL,416092,483959
HG4 4PN,417036,483611
HG4 4PP,418418,482641
HG4 4PQ,418772,485510
HG4 4PR,419549,483389
HG4 4PS,421734,483237
HG4 4PW,417567,483762
HG4 4WA,431300,471393
HG4 4WW,431300,471393
HG4 4YD,422377,481104
HG4 5AA,433647,470344
HG4 5AB,433753,470619
HG4 5AD,433741,469188
HG4 5AE,434792,467561
HG4 5AF,436002,468373
HG4 5AG,436137,468548
HG4 5AH,436136,468374
HG4 5AJ,436150,468139
HG4 5AL,436031,468280
HG4 5AN,437083,470374
HG4 5AP,434752,469617
HG4 5AR,435735,469586
HG4 5AS,437084,470435
HG4 5AT,437122,470639
HG4 5AU,437057,470880
HG4 5AW,436396,466718
HG4 5AY,435588,470850
HG4 5AZ,434749,470715
HG4 5BA,432680,471922
HG4 5BB,432650,472070
HG4 5BD,432933,471874
HG4 5BE,432793,471926
HG4 5BG,432195,472021
HG4 5BH,432398,471896
HG4 5BJ,432628,472166
HG4 5BL,432601,472219
HG4 5BN,432763,471855
HG4 5BP,433089,471699
HG4 5BQ,432532,471967
HG4 5BS,433048,471776
HG4 5BT,437111,470756
HG4 5BU,433291,472083
HG4 5BW,432737,471857
HG4 5BX,433762,471969
HG4 5BY,433938,471259
HG4 5BZ,434019,471267
HG4 5DA,434084,471288
HG4 5DB,433956,471312
HG4 5DD,433909,471365
HG4 5DE,434373,471601
HG4 5DF,435182,472112
HG4 5DG,435088,471452
HG4 5DH,434574,472530
HG4 5DJ,437165,470547
HG4 5DL,437101,470505
HG4 5DN,432247,477026
HG4 5DP,432208,472362
HG4 5DR,432231,472435
HG4 5DS,432348,472388
HG4 5DT,432513,472636
HG4 5DU,433460,474084
HG4 5DX,432711,473381
HG4 5DY,432648,473418
HG4 5DZ,432566,473429
HG4 5EA,432488,473369
HG4 5EB,432381,473389
HG4 5ED,432174,474544
HG4 5EE,432060,474679
HG4 5EF,431649,475313
HG4 5EG,436061,468094
HG4 5EJ,432764,476111
HG4 5EL,432333,477058
HG4 5EN,432286,477017
HG4 5EP,432187,477032
HG4 5EQ,431873,476290
HG4 5ER,432275,477219
HG4 5ES,432295,477172
HG4 5ET,432424,477096
HG4 5EU,432437,477135
HG4 5EW,432231,476921
HG4 5EX,433057,476845
HG4 5EY,433439,476825
HG4 5EZ,433459,476742
HG4 5GZ,433871,475521
HG4 5HA,433596,476812
HG4 5HB,433496,476855
HG4 5HD,433544,476846
HG4 5HE,433606,476871
HG4 5HF,433634,476806
HG4 5HG,433664,476839
HG4 5HH,433745,476975
HG4 5HJ,433490,476927
HG4 5HL,433907,476675
HG4 5HN,433868,476764
HG4 5HP,433894,475664
HG4 5HQ,433722,476998
HG4 5HR,433947,476675
HG4 5HU,433686,476989
HG4 5HW,433949,476581
HG4 5HX,433455,478418
HG4 5HZ,432678,478458
HG4 5JA,432198,477989
HG4 5JB,433283,475971
HG4 5JD,426845,478924
HG4 5JE,431020,477844
HG4 5JF,426748,478958
HG4 5JG,426771,478136
HG4 5JH,426632,478764
HG4 5JJ,426609,478812
HG4 5JL,426874,478980
HG4 5JN,426773,479014
HG4 5JP,426743,479078
HG4 5JQ,426886,478756
HG4 5JR,426587,479107
HG4 5JS,426781,479159
HG4 5JT,426151,480056
HG4 5JU,426955,478892
HG4 5JW,426829,479013
HG4 5JX,427095,478904
HG4 5JY,427249,478913
HG4 5JZ,427354,478977
HG4 5LA,426456,478649
HG4 5LB,425923,478470
HG4 5LD,426530,477712
HG4 5LE,425177,477125
HG4 5LF,427745,478567
HG4 5LG,425185,477357
HG4 5LH,428081,478927
HG4 5LL,427853,478568
HG4 5LN,429010,477850
HG4 5LQ,424509,477890
HG4 5LS,431448,477580
HG4 5LT,430467,476819
HG4 5LW,429508,478264
HG4 5LX,435155,475259
HG4 5LY,435115,475052
HG4 5LZ,434598,474195
HG4 5NA,433761,474857
HG4 5NB,433995,475415
HG4 5ND,436045,468410
HG4 5NE,433844,475347
HG4 5NJ,433939,475397
HG4 5NL,434056,475523
HG4 5NZ,432233,477040
HG4 5PA,433791,476753
HG4 5PG,433618,477431
HG4 5WA,431300,471393
HG4 5WS,431300,471393
HG4 5WW,431300,471393
HG4 5ZP,431300,471393
HG4 9AD,431300,471393
HG4 9AE,431300,471393
HG4 9AF,431300,471393
HG4 9AG,431300,471393
HG4 9AJ,431300,471393
HG4 9AL,0,0
HG4 9AN,431300,471393
HG4 9AP,431300,471393
HG4 9AQ,431300,471393
HG4 9AR,431300,471393
HG4 9AS,431300,471393
HG5 0AA,435225,456902
HG5 0AB,435203,456891
HG5 0AD,435299,456889
HG5 0AF,435489,456794
HG5 0AG,435735,456805
HG5 0AH,435528,456741
HG5 0AJ,435519,456907
HG5 0AL,435525,456824
HG5 0AN,435559,456855
HG5 0AP,435685,456984
HG5 0AQ,435690,456829
HG5 0AR,435764,456966
HG5 0AS,435784,457107
HG5 0AT,435862,457050
HG5 0AU,435709,457061
HG5 0AW,435711,456917
HG5 0AX,435598,457047
HG5 0AY,435821,457105
HG5 0AZ,435855,457126
HG5 0BA,435853,457206
HG5 0BB,435713,457245
HG5 0BD,435687,457168
HG5 0BE,435945,457120
HG5 0BG,435960,457151
HG5 0BH,435382,456898
HG5 0BJ,435235,457091
HG5 0BN,435372,457015
HG5 0BP,435295,457114
HG5 0BQ,436163,457241
HG5 0BS,435366,457137
HG5 0BT,435213,457079
HG5 0BU,435188,457135
HG5 0BW,435529,457013
HG5 0BX,435223,457161
HG5 0BY,435290,457215
HG5 0BZ,435342,457212
HG5 0DA,435593,457380
HG5 0DB,435291,457344
HG5 0DD,435383,457345
HG5 0DE,435448,457256
HG5 0DF,435505,457309
HG5 0DG,435570,457445
HG5 0DH,435815,457329
HG5 0DJ,435699,457328
HG5 0DL,435713,457276
HG5 0DN,435543,457177
HG5 0DP,435426,457090
HG5 0DQ,435796,457472
HG5 0DR,435614,457275
HG5 0DS,435547,457148
HG5 0DT,435555,457093
HG5 0DU,436070,457119
HG5 0DW,435480,457201
HG5 0DX,435854,456964
HG5 0DY,435915,456987
HG5 0DZ,436091,457119
HG5 0EA,434965,457143
HG5 0EB,435005,457121
HG5 0ED,435183,457017
HG5 0EF,434944,457204
HG5 0EG,435051,457123
HG5 0EH,434764,457318
HG5 0EJ,435057,457083
HG5 0EP,435083,457141
HG5 0EQ,435116,457035
HG5 0ER,435150,457043
HG5 0ES,435187,456993
HG5 0ET,435068,457026
HG5 0EW,435192,456986
HG5 0EX,434851,457309
HG5 0EY,435012,457137
HG5 0EZ,435135,456966
HG5 0FB,435844,457335
HG5 0FD,435839,457368
HG5 0HB,434970,457103
HG5 0HF,434957,457088
HG5 0HG,434970,457103
HG5 0HH,436054,456999
HG5 0HJ,435987,456986
HG5 0HL,434849,457237
HG5 0HN,434856,457300
HG5 0HP,434872,457271
HG5 0HQ,436100,457299
HG5 0HR,434921,457243
HG5 0HS,434885,457316
HG5 0HT,436189,457044
HG5 0HU,436217,456810
HG5 0HW,434820,457268
HG5 0HX,436228,456883
HG5 0HY,434958,457236
HG5 0HZ,434988,457258
HG5 0JA,434967,457218
HG5 0JB,435012,457255
HG5 0JD,435030,457279
HG5 0JF,436238,456912
HG5 0JG,435244,457209
HG5 0JH,435122,457253
HG5 0JJ,435078,457179
HG5 0JL,435147,457192
HG5 0JN,435235,457298
HG5 0JP,435180,457436
HG5 0JR,434960,457520
HG5 0JS,435013,457350
HG5 0JT,434920,457348
HG5 0JU,434982,457401
HG5 0JW,435206,457208
HG5 0JX,434942,457407
HG5 0JY,435042,457465
HG5 0JZ,435025,457549
HG5 0LA,435155,457585
HG5 0LB,435253,457544
HG5 0LD,435185,457650
HG5 0LE,435341,457587
HG5 0LF,435331,457603
HG5 0LG,435323,457693
HG5 0LH,435311,457724
HG5 0LJ,435189,457781
HG5 0LL,435259,457804
HG5 0LN,435082,457702
HG5 0LP,436291,457018
HG5 0LQ,435275,457686
HG5 0LR,436300,457051
HG5 0LS,436118,456869
HG5 0LT,434897,457578
HG5 0LU,436156,456976
HG5 0LW,435108,457638
HG5 0LX,434934,457770
HG5 0LY,435042,457934
HG5 0LZ,435252,458255
HG5 0NA,435411,458385
HG5 0NB,435407,458342
HG5 0ND,435174,458079
HG5 0NE,435371,457235
HG5 0NF,436231,457279
HG5 0NG,434909,457491
HG5 0NH,435490,458122
HG5 0NJ,435116,457933
HG5 0NL,435067,457749
HG5 0NN,435239,458007
HG5 0NP,435301,458243
HG5 0NQ,436168,457137
HG5 0NR,435401,458295
HG5 0NS,435408,458138
HG5 0NT,435325,458180
HG5 0NU,435416,457994
HG5 0NW,435264,458152
HG5 0NX,435645,458245
HG5 0NY,436313,457275
HG5 0NZ,436239,457143
HG5 0PA,435705,458106
HG5 0PB,435503,457929
HG5 0PD,435511,458013
HG5 0PE,435416,457872
HG5 0PF,435446,457821
HG5 0PG,435283,457852
HG5 0PH,435223,457913
HG5 0PJ,435277,458051
HG5 0PL,435347,458042
HG5 0PN,435365,457952
HG5 0PP,435537,457619
HG5 0PQ,435322,457896
HG5 0PR,435165,457952
HG5 0PS,435671,457506
HG5 0PT,435630,457692
HG5 0PU,436336,457374
HG5 0PW,435544,457814
HG5 0PX,436289,457430
HG5 0PY,435633,457456
HG5 0PZ,436963,460702
HG5 0QA,437081,460696
HG5 0QB,436906,460556
HG5 0QD,437065,460760
HG5 0QE,434975,457483
HG5 0QF,435442,458531
HG5 0QG,435811,458644
HG5 0QH,438856,460914
HG5 0QJ,436663,460281
HG5 0QL,438226,462383
HG5 0QN,438484,463321
HG5 0QP,438746,462378
HG5 0QQ,436388,459343
HG5 0QR,438437,461288
HG5 0QS,438732,461067
HG5 0QT,438812,461028
HG5 0QU,438919,460787
HG5 0QW,438565,463050
HG5 0QX,438934,460554
HG5 0QY,439784,461861
HG5 0RA,440241,461567
HG5 0RB,440399,460856
HG5 0RD,440611,460270
HG5 0RE,438778,460966
HG5 0RF,438576,460958
HG5 0RG,438363,460963
HG5 0RH,437739,460030
HG5 0RJ,439621,457841
HG5 0RL,439360,458969
HG5 0RN,439429,458929
HG5 0RP,439505,457718
HG5 0RQ,437996,460862
HG5 0RR,439523,457825
HG5 0RT,439528,457937
HG5 0RU,439574,458450
HG5 0RW,439389,459041
HG5 0RX,437991,457898
HG5 0RY,439372,458873
HG5 0RZ,438986,459351
HG5 0SA,439536,459360
HG5 0SB,440460,460077
HG5 0SD,441221,459746
HG5 0SE,441557,457810
HG5 0SF,441969,458660
HG5 0SG,442025,457268
HG5 0SH,435979,456819
HG5 0SJ,435411,456967
HG5 0SL,435627,457770
HG5 0SN,437165,457959
HG5 0SP,436349,456809
HG5 0SQ,435250,457055
HG5 0SR,436069,456698
HG5 0SS,437082,456916
HG5 0ST,436836,456972
HG5 0SU,437172,457052
HG5 0SW,435976,456728
HG5 0SX,436330,456966
HG5 0SY,436330,456857
HG5 0TD,435935,457276
HG5 0TG,435533,457706
HG5 0TH,435602,456845
HG5 0TJ,435296,456927
HG5 0TL,435275,456905
HG5 0TN,435196,457256
HG5 0TS,437124,456867
HG5 0TT,436902,456942
HG5 0TU,436636,456808
HG5 0TX,436751,456879
HG5 0TY,436713,456831
HG5 0TZ,437082,456831
HG5 0UB,435101,457333
HG5 0UD,435095,457162
HG5 0US,434960,457520
HG5 0UT,434960,457520
HG5 0UU,434960,457520
HG5 0UX,435634,457818
HG5 0UY,434960,457520
HG5 0UZ,435678,457766
HG5 0WA,435754,457731
HG5 0WB,435716,457726
HG5 0WD,434960,457520
HG5 0WE,435783,457716
HG5 0WF,435750,457766
HG5 0WG,435810,457808
HG5 0WH,435847,457820
HG5 0WJ,435735,457842
HG5 0WL,435677,457873
HG5 0WQ,434960,457520
HG5 0WR,434960,457520
HG5 0WW,434960,457520
HG5 0XJ,440262,456674
HG5 0XT,434960,457520
HG5 0XY,434960,457520
HG5 5AA,0,0
HG5 5AD,0,0
HG5 5AF,0,0
HG5 5AG,0,0
HG5 5AH,0,0
HG5 5AJ,0,0
HG5 5AL,0,0
HG5 5AN,0,0
HG5 5AP,0,0
HG5 8AA,434891,457105
HG5 8AD,434919,457035
HG5 8AE,434995,457012
HG5 8AF,434937,457007
HG5 8AG,435028,457046
HG5 8AH,434991,457056
HG5 8AJ,435095,456992
HG5 8AL,435029,456996
HG5 8AN,435043,456905
HG5 8AP,438553,456094
HG5 8AR,435010,456944
HG5 8AS,434963,456941
HG5 8AU,435034,456921
HG5 8AX,435043,456880
HG5 8AY,434998,456868
HG5 8AZ,434992,456860
HG5 8BA,435009,456846
HG5 8BB,434923,456816
HG5 8BD,434972,456768
HG5 8BE,435006,456810
HG5 8BF,434893,457162
HG5 8BG,435045,456755
HG5 8BH,434968,456659
HG5 8BJ,434972,456571
HG5 8BL,435064,456790
HG5 8BQ,435012,456723
HG5 8BS,436150,456532
HG5 8BT,435085,456943
HG5 8BU,434890,456589
HG5 8BW,434924,456592
HG5 8BX,434857,457133
HG5 8BY,434850,457117
HG5 8BZ,434827,457072
HG5 8DA,434131,456958
HG5 8DB,434084,456934
HG5 8DD,434513,457084
HG5 8DE,434792,456861
HG5 8DF,434871,456621
HG5 8DG,434965,456537
HG5 8DH,434958,456602
HG5 8DJ,434904,456726
HG5 8DL,434930,456734
HG5 8DN,434943,456673
HG5 8DP,434469,457060
HG5 8DQ,434929,456631
HG5 8DR,435145,456833
HG5 8DS,435110,456892
HG5 8DT,435128,456877
HG5 8DW,434952,456685
HG5 8DX,435142,456805
HG5 8DY,435241,456820
HG5 8DZ,435243,456714
HG5 8EA,435146,456676
HG5 8EB,435345,456666
HG5 8ED,435332,456453
HG5 8EE,435196,456513
HG5 8EF,435710,455910
HG5 8EG,435204,456380
HG5 8EH,435235,456272
HG5 8EJ,435339,456253
HG5 8EL,435454,456036
HG5 8EN,435528,456081
HG5 8EP,435544,456100
HG5 8EQ,435279,456373
HG5 8ER,435807,455864
HG5 8ES,435887,455937
HG5 8ET,436232,456454
HG5 8EU,435768,455947
HG5 8EW,435382,456181
HG5 8EX,435512,456204
HG5 8EY,435565,456321
HG5 8EZ,435527,456383
HG5 8FD,434954,456722
HG5 8HA,435624,456481
HG5 8HB,435816,456375
HG5 8HD,435831,456454
HG5 8HE,435586,456308
HG5 8HF,435617,456264
HG5 8HG,435755,456359
HG5 8HH,435830,456140
HG5 8HJ,435802,456265
HG5 8HL,435667,456239
HG5 8HN,435722,456115
HG5 8HP,435713,456076
HG5 8HQ,435883,456273
HG5 8HR,435849,456399
HG5 8HS,436057,456372
HG5 8HT,436023,456277
HG5 8HU,436045,456220
HG5 8HW,435747,456198
HG5 8HX,435933,455818
HG5 8HY,435220,456252
HG5 8HZ,434976,456454
HG5 8JA,435012,456417
HG5 8JB,435091,456305
HG5 8JD,435025,456373
HG5 8JE,435002,456362
HG5 8JF,435028,456086
HG5 8JG,434926,456116
HG5 8JH,434869,456074
HG5 8JJ,434952,456015
HG5 8JL,434999,456056
HG5 8JN,435005,455911
HG5 8JP,434629,455832
HG5 8JQ,434991,456115
HG5 8JR,434407,455679
HG5 8JS,434382,455723
HG5 8JT,434356,455654
HG5 8JU,434311,455694
HG5 8JW,435052,455827
HG5 8JX,434180,455698
HG5 8JY,434584,455853
HG5 8JZ,434702,456019
HG5 8LA,436030,456178
HG5 8LB,435996,456189
HG5 8LD,435882,456172
HG5 8LE,434981,456213
HG5 8LF,436242,456589
HG5 8LG,435992,456662
HG5 8LH,436115,456386
HG5 8LJ,436416,456343
HG5 8LL,436409,456023
HG5 8LN,436704,455856
HG5 8LP,437142,455127
HG5 8LQ,435931,456563
HG5 8LR,436167,455928
HG5 8LS,435091,455388
HG5 8LT,433932,455549
HG5 8LU,433606,455470
HG5 8LW,436819,455925
HG5 8LX,434915,453799
HG5 8LY,434480,453964
HG5 8LZ,435710,453433
HG5 8NA,435722,454008
HG5 8NB,435819,452653
HG5 8ND,436949,452604
HG5 8NE,436891,453700
HG5 8NG,435915,456026
HG5 8NH,438184,456091
HG5 8NJ,437998,456224
HG5 8NL,438089,456178
HG5 8NN,437962,456039
HG5 8NP,438231,456301
HG5 8NQ,436353,456496
HG5 8NR,438394,456109
HG5 8NS,438149,456369
HG5 8NT,438173,456319
HG5 8NU,438206,456474
HG5 8NW,438108,456139
HG5 8NX,442217,456692
HG5 8NZ,435945,456115
HG5 8PA,442224,456665
HG5 8PB,442292,456648
HG5 8PD,441325,456339
HG5 8PF,435033,456817
HG5 8PH,435322,456585
HG5 8PJ,436593,456479
HG5 8PL,438165,455093
HG5 8PN,434889,456530
HG5 8PP,435232,456806
HG5 8PQ,434943,457093
HG5 8PR,437849,455992
HG5 8PS,438133,456209
HG5 8PT,437980,456162
HG5 8PX,435894,456731
HG5 8PY,436737,456356
HG5 8PZ,436558,456166
HG5 8QA,436447,456375
HG5 8QB,436604,456256
HG5 8QD,434965,455498
HG5 8UQ,434960,457520
HG5 8UY,434960,457520
HG5 8WA,434960,457520
HG5 8WU,434960,457520
HG5 8XH,434960,457520
HG5 8XL,434960,457520
HG5 8XQ,434960,457520
HG5 8XR,434960,457520
HG5 8XT,434960,457520
HG5 8XW,434960,457520
HG5 8XZ,434960,457520
HG5 8YD,434960,457520
HG5 8YG,434960,457520
HG5 8YH,434960,457520
HG5 8YW,434960,457520
HG5 8YX,434960,457520
HG5 8YZ,434960,457520
HG5 8ZD,434960,457520
HG5 8ZE,434960,457520
HG5 8ZW,434960,457520
HG5 9AA,434789,457156
HG5 9AB,434767,457102
HG5 9AD,434736,457122
HG5 9AE,434652,457162
HG5 9AF,434795,457193
HG5 9AG,434784,457181
HG5 9AJ,434725,457460
HG5 9AL,434658,457375
HG5 9AP,434566,457461
HG5 9AQ,434764,457394
HG5 9AR,434712,457342
HG5 9AT,434602,457257
HG5 9AU,434594,457232
HG5 9AW,434703,457356
HG5 9AX,434502,457175
HG5 9AY,434273,457394
HG5 9AZ,434664,457128
HG5 9BB,434822,457483
HG5 9BG,434822,457577
HG5 9BH,434862,457707
HG5 9BJ,434875,457772
HG5 9BL,434691,457685
HG5 9BN,434597,457797
HG5 9BQ,434827,457657
HG5 9BS,434597,457669
HG5 9BT,434545,457646
HG5 9BU,434295,457841
HG5 9BW,434579,457765
HG5 9BX,434241,457746
HG5 9BY,433897,458043
HG5 9BZ,433647,458134
HG5 9DA,433702,458066
HG5 9DD,433593,457991
HG5 9DE,433893,457920
HG5 9DF,434489,457817
HG5 9DG,433662,458016
HG5 9DH,434700,457700
HG5 9DJ,434829,457825
HG5 9DL,434716,457871
HG5 9DN,434687,457788
HG5 9DP,435171,458253
HG5 9DR,435105,458280
HG5 9DS,434905,458414
HG5 9DT,434854,458387
HG5 9DU,434871,458410
HG5 9DW,435039,458209
HG5 9DX,434759,458391
HG5 9DY,434612,458422
HG5 9DZ,434655,458478
HG5 9EA,434826,458483
HG5 9EB,434992,458432
HG5 9ED,434886,458509
HG5 9EG,434938,457858
HG5 9EH,434874,457938
HG5 9EJ,434953,458198
HG5 9EL,435108,458346
HG5 9EN,435029,458447
HG5 9EP,435074,458385
HG5 9EQ,434957,457951
HG5 9ER,435146,458088
HG5 9ES,435085,458121
HG5 9ET,435067,458143
HG5 9EU,435039,458032
HG5 9EW,435253,458382
HG5 9HA,433608,458219
HG5 9HE,432873,458526
HG5 9HF,432765,458621
HG5 9HG,432857,458484
HG5 9HH,432774,458653
HG5 9HJ,431693,458888
HG5 9HL,432086,458960
HG5 9HN,432365,459115
HG5 9HP,432584,459031
HG5 9HQ,432743,458493
HG5 9HR,432674,458890
HG5 9HS,432676,459132
HG5 9HT,432820,458987
HG5 9HU,432599,459271
HG5 9HW,432492,459025
HG5 9HX,432555,459289
HG5 9HY,432631,459488
HG5 9HZ,432771,459713
HG5 9JA,433885,459573
HG5 9JB,433576,460192
HG5 9JD,434764,460515
HG5 9JE,434962,460577
HG5 9JF,435974,460640
HG5 9JG,436835,460683
HG5 9JH,433977,459621
HG5 9JJ,435085,460539
HG5 9JL,432546,459102
HG5 9JN,433480,460154
HG5 9JP,435391,459753
HG5 9JQ,433627,459827
HG5 9JR,435236,460006
HG5 9JS,435108,460407
HG5 9JT,437044,461449
HG5 9JU,436836,462146
HG5 9JW,434031,460188
HG5 9JX,436817,462559
HG5 9JY,436684,462729
HG5 9JZ,436726,462626
HG5 9LA,436772,462651
HG5 9LB,436808,462729
HG5 9LD,436434,462706
HG5 9LE,435935,462714
HG5 9LG,436523,462719
HG5 9LH,436711,462757
HG5 9LJ,436759,462805
HG5 9LL,437624,463188
HG5 9LN,436638,463973
HG5 9LQ,436798,462923
HG5 9LR,436839,462648
HG5 9LS,433472,458110
HG5 9LT,433453,458139
HG5 9LU,433507,458012
HG5 9LW,431574,459104
HG5 9LX,433436,457970
HG5 9LY,433352,457972
HG5 9LZ,433285,458065
HG5 9NA,432650,459375
HG5 9NB,435531,460033
HG5 9ND,432370,459140
HG5 9NE,433283,458296
HG5 9NF,434704,457400
HG5 9NG,432299,459125
HG5 9NH,432678,459165
HG5 9NJ,436326,462729
HG5 9NL,433854,459604
HG5 9NQ,433407,458182
HG5 9WB,434960,457520
HG5 9WN,434960,457520
HG5 9WX,434960,457520
HG5 9XB,433662,459914
HG5 9XJ,434960,457520
HG5 9XU,434960,457520
