KW1 4AA,336421,950959
KW1 4AB,336407,950964
KW1 4AF,336392,950985
KW1 4AG,336294,950911
KW1 4AH,336351,950955
KW1 4AJ,336320,950951
KW1 4AP,336294,950875
KW1 4AR,336452,950971
KW1 4AW,336302,950920
KW1 4BP,336316,951025
KW1 4BS,336295,951084
KW1 4BY,336284,951171
KW1 4DA,336254,951274
KW1 4DB,336220,951170
KW1 4DD,336169,951253
KW1 4DE,336077,951233
KW1 4DF,335953,951388
KW1 4DG,336117,951400
KW1 4DJ,336219,951436
KW1 4DL,336168,951587
KW1 4DN,336182,951716
KW1 4DP,336447,951624
KW1 4DQ,336054,951455
KW1 4DR,336323,951614
KW1 4DS,336453,951580
KW1 4DT,336457,951521
KW1 4DU,336383,951494
KW1 4DW,336318,951665
KW1 4DX,336310,951583
KW1 4DY,336271,951503
KW1 4DZ,336352,951365
KW1 4EA,336248,951035
KW1 4EB,336240,950984
KW1 4EE,336256,951130
KW1 4HA,336383,951238
KW1 4HB,336356,951189
KW1 4HD,336384,951256
KW1 4HE,336489,951347
KW1 4HF,336471,951272
KW1 4HG,336673,951295
KW1 4HH,336493,951125
KW1 4HJ,336486,951191
KW1 4HL,336486,951191
KW1 4HN,336486,951191
KW1 4HP,336614,951416
KW1 4HQ,336822,951225
KW1 4HR,336755,951359
KW1 4HS,336700,951472
KW1 4HT,336761,951436
KW1 4HU,336782,951295
KW1 4HW,336555,951231
KW1 4HX,336871,951275
KW1 4HY,336919,951263
KW1 4HZ,336970,951376
KW1 4JA,337045,951327
KW1 4JB,336983,951303
KW1 4JD,337019,951231
KW1 4JE,337078,951305
KW1 4JF,337089,951388
KW1 4JG,337120,951361
KW1 4JH,336977,951083
KW1 4JJ,337143,951040
KW1 4JL,337138,951119
KW1 4JN,337075,951096
KW1 4JP,337186,951120
KW1 4JQ,337124,951271
KW1 4JR,337064,951116
KW1 4JS,337246,951464
KW1 4JT,336499,951386
KW1 4JW,336832,951013
KW1 4JX,336617,951026
KW1 4LP,336421,950959
KW1 4LR,336474,951012
KW1 4LS,336533,951009
KW1 4LU,336553,951013
KW1 4LX,336474,951082
KW1 4LY,336415,951026
KW1 4NB,336381,951033
KW1 4ND,336417,951070
KW1 4NE,336354,951028
KW1 4NG,336297,950969
KW1 4NH,336253,950941
KW1 4NL,336216,951053
KW1 4NN,336311,950997
KW1 4NP,336342,951090
KW1 4NQ,336297,950969
KW1 4NR,336318,951060
KW1 4NS,336377,951133
KW1 4NT,336488,951054
KW1 4NU,336514,951037
KW1 4NX,336746,951094
KW1 4NY,336615,951148
KW1 4NZ,336815,951159
KW1 4PA,336628,951219
KW1 4PB,336743,951212
KW1 4PD,336900,951102
KW1 4PE,337144,951202
KW1 4PF,337288,951118
KW1 4PG,337382,951081
KW1 4PH,337828,951134
KW1 4PJ,337758,951159
KW1 4PL,337798,951027
KW1 4PN,337519,951260
KW1 4PQ,337593,951076
KW1 4PY,336345,950949
KW1 4QP,336484,952146
KW1 4QR,335515,952648
KW1 4QS,336444,951960
KW1 4QT,337802,954323
KW1 4QU,338357,952328
KW1 4QW,338446,952311
KW1 4QX,338327,952358
KW1 4QY,338497,952393
KW1 4QZ,338452,951853
KW1 4RA,338447,951798
KW1 4RB,338512,951718
KW1 4RD,338221,951613
KW1 4RE,338186,951519
KW1 4RF,337756,951232
KW1 4RG,335419,953481
KW1 4RH,335252,953143
KW1 4RJ,335800,954350
KW1 4RL,335895,954481
KW1 4RN,335793,954406
KW1 4RP,333411,954678
KW1 4RQ,335282,952730
KW1 4RR,333138,954431
KW1 4RS,333265,954607
KW1 4RT,333202,954637
KW1 4RU,333187,954519
KW1 4RW,333911,954621
KW1 4RX,332266,955984
KW1 4RY,332338,958031
KW1 4RZ,338396,952286
KW1 4SA,333061,954809
KW1 4SB,338469,952095
KW1 4SD,338168,951488
KW1 4TA,328687,954187
KW1 4TB,332730,952893
KW1 4TD,335738,952227
KW1 4TE,336407,950964
KW1 4TL,323376,963094
KW1 4TN,323695,962942
KW1 4TP,325851,961407
KW1 4TR,328615,958742
KW1 4TS,323969,962558
KW1 4TT,323057,961402
KW1 4TW,324359,963913
KW1 4UD,330026,962300
KW1 4UE,327447,962123
KW1 4UF,326718,964758
KW1 4UG,329037,965025
KW1 4UQ,329826,962504
KW1 4UR,333149,957188
KW1 4UY,334735,961280
KW1 4UZ,334706,961352
KW1 4WB,336421,950959
KW1 4WZ,336421,950959
KW1 4XA,334590,961352
KW1 4XB,334942,961056
KW1 4XD,335067,960986
KW1 4XE,334855,961033
KW1 4XF,334986,962105
KW1 4XG,334005,960547
KW1 4XP,336394,964248
KW1 4XR,336899,963863
KW1 4XX,337599,968323
KW1 4YB,332484,972802
KW1 4YD,332492,971104
KW1 4YH,335232,972131
KW1 4YJ,334774,972206
KW1 4YL,336202,973095
KW1 4YN,334906,972261
KW1 4YP,336421,950959
KW1 4YR,337895,972856
KW1 4YS,338771,972609
KW1 4YT,338471,972464
KW1 4YX,338480,972578
KW1 5AB,336272,950682
KW1 5AD,336366,950634
KW1 5AE,336277,950638
KW1 5AF,336426,950569
KW1 5AG,336534,950580
KW1 5AH,336570,950526
KW1 5AJ,336554,950511
KW1 5AL,336526,950439
KW1 5AN,336513,950421
KW1 5AP,336598,950618
KW1 5AQ,336590,950579
KW1 5AR,336620,950621
KW1 5AS,336666,950548
KW1 5AT,336667,950513
KW1 5AU,336748,950471
KW1 5AW,336622,950578
KW1 5AX,336740,950418
KW1 5AY,336709,950371
KW1 5AZ,336809,950301
KW1 5BA,336714,950114
KW1 5BB,336853,950245
KW1 5BD,336735,950307
KW1 5BE,336699,950235
KW1 5BG,336681,950130
KW1 5BH,336701,949928
KW1 5BJ,336568,949886
KW1 5BL,336656,949804
KW1 5BN,336544,949839
KW1 5BQ,336616,950074
KW1 5BS,336576,949991
KW1 5BT,336541,950076
KW1 5BU,321803,959115
KW1 5BW,336459,949940
KW1 5EA,336340,950775
KW1 5EB,336307,950781
KW1 5ED,336285,950748
KW1 5EF,336229,950775
KW1 5EG,336467,950745
KW1 5EH,336436,950789
KW1 5EL,336562,950850
KW1 5EN,336619,950834
KW1 5EP,336631,950709
KW1 5EQ,336501,950766
KW1 5ES,336552,950755
KW1 5ET,336559,950708
KW1 5EU,336559,950702
KW1 5EX,336621,950693
KW1 5EY,336498,950687
KW1 5EZ,336672,950630
KW1 5HA,336836,950609
KW1 5HB,336732,950582
KW1 5HD,336821,950403
KW1 5HE,336836,950364
KW1 5HF,336879,950344
KW1 5HG,336917,950294
KW1 5HH,336968,950219
KW1 5HJ,336957,950137
KW1 5HL,337047,950202
KW1 5HN,337054,950076
KW1 5HP,336955,949887
KW1 5HQ,336991,950279
KW1 5HR,336895,950062
KW1 5HS,336885,950173
KW1 5HU,337026,949972
KW1 5HW,336955,950002
KW1 5HX,337101,949931
KW1 5HY,337042,949908
KW1 5HZ,337058,949937
KW1 5JA,337100,950014
KW1 5JB,337131,950148
KW1 5LB,336045,950828
KW1 5LD,335697,950886
KW1 5LE,335787,950805
KW1 5LF,336066,950702
KW1 5LG,336112,950656
KW1 5LH,335980,950659
KW1 5LJ,336079,950567
KW1 5LL,335983,950611
KW1 5LN,335924,950688
KW1 5LP,335777,950860
KW1 5LQ,336040,950682
KW1 5LR,335612,950876
KW1 5LS,335868,950666
KW1 5LT,335864,950542
KW1 5LU,336050,950497
KW1 5LW,335894,950823
KW1 5LX,336179,950397
KW1 5LZ,336126,950345
KW1 5NA,335988,950390
KW1 5NB,335915,950280
KW1 5ND,336068,950125
KW1 5NE,336164,950147
KW1 5NF,336104,950208
KW1 5NG,336103,950045
KW1 5NH,336158,949946
KW1 5NJ,336233,950060
KW1 5NL,336221,950228
KW1 5NN,336254,950180
KW1 5NP,336254,950260
KW1 5NQ,336043,949934
KW1 5NR,336264,950304
KW1 5NS,336130,950859
KW1 5NU,336053,949768
KW1 5NW,336282,950200
KW1 5PZ,336205,950508
KW1 5QA,336261,950634
KW1 5QB,336357,950553
KW1 5QD,336199,950636
KW1 5QE,336146,950546
KW1 5QF,336325,950512
KW1 5QG,336414,950479
KW1 5QH,336507,950313
KW1 5QJ,336377,950387
KW1 5QL,336408,950312
KW1 5QN,336656,950314
KW1 5QP,336384,950275
KW1 5QQ,336468,950381
KW1 5QR,336218,950385
KW1 5QS,336200,950441
KW1 5QW,336569,950237
KW1 5SA,335539,950205
KW1 5SB,334922,949608
KW1 5SD,332983,949294
KW1 5SE,331657,944447
KW1 5SF,332344,947853
KW1 5SG,331355,950007
KW1 5SP,335455,950956
KW1 5SR,335155,950901
KW1 5SS,334714,950852
KW1 5ST,333865,951011
KW1 5SU,332516,951228
KW1 5SX,332456,951146
KW1 5SY,332532,951116
KW1 5SZ,331984,950798
KW1 5TA,328938,952505
KW1 5TB,328074,953301
KW1 5TD,334506,950468
KW1 5TE,333800,945258
KW1 5TF,336660,949589
KW1 5TG,336618,949650
KW1 5TL,336670,949469
KW1 5TN,337379,949837
KW1 5TP,336147,948957
KW1 5TQ,333669,945265
KW1 5TR,333873,945043
KW1 5TS,333820,945206
KW1 5TT,333902,945153
KW1 5TU,334544,943817
KW1 5TW,336355,949809
KW1 5TX,333215,944498
KW1 5TY,336259,949391
KW1 5TZ,333934,945032
KW1 5UG,325869,954056
KW1 5UH,325066,955771
KW1 5UJ,324859,955167
KW1 5UL,326226,956038
KW1 5UN,326632,957948
KW1 5UP,322471,958598
KW1 5UQ,325493,952092
KW1 5UR,321230,959478
KW1 5UT,321059,959531
KW1 5UU,320503,960105
KW1 5UW,324239,958452
KW1 5XG,323975,954599
KW1 5XH,323709,954792
KW1 5XJ,322815,954425
KW1 5XL,320797,956015
KW1 5XN,319262,954960
KW1 5XQ,323752,954588
KW1 5XR,316866,953969
KW1 5XS,316782,954055
KW1 5XT,318094,949150
KW1 5XU,316677,952911
KW1 5XW,317437,953263
KW1 5XX,321027,954113
KW1 5XY,322756,951988
KW1 5YJ,324151,954460
KW1 5YL,324063,954328
KW1 5YN,324279,954555
KW1 5YP,323950,954483
KW1 5YQ,336421,950959
KW1 5YR,323943,954386
KW1 5YW,324383,954751
KW10 6AB,283187,899975
KW10 6RA,283395,900073
KW10 6RB,283537,900115
KW10 6RF,283379,900175
KW10 6RH,283680,900125
KW10 6RJ,283510,900147
KW10 6RN,283494,900212
KW10 6RP,283888,900164
KW10 6RQ,283451,900397
KW10 6RR,283852,900206
KW10 6RS,283878,900364
KW10 6RU,283833,900499
KW10 6RW,283379,900175
KW10 6RX,283799,900365
KW10 6RY,283684,900487
KW10 6RZ,283699,900572
KW10 6SA,283551,900530
KW10 6SB,283503,900566
KW10 6SD,282795,900377
KW10 6SE,283124,902064
KW10 6SF,284912,901225
KW10 6SG,283428,900447
KW10 6SH,284775,901524
KW10 6SJ,283469,900432
KW10 6SL,283390,900471
KW10 6SN,282853,899823
KW10 6SP,282762,899914
KW10 6SQ,284597,901519
KW10 6SR,282647,899837
KW10 6SS,282528,899920
KW10 6ST,282562,899631
KW10 6SU,282777,899961
KW10 6SW,282787,899729
KW10 6SX,282468,899949
KW10 6SY,282346,899819
KW10 6SZ,282275,899762
KW10 6TA,280762,899138
KW10 6TD,280580,895788
KW10 6TE,283167,899894
KW10 6TF,283198,899911
KW10 6TG,283177,899907
KW10 6TH,283150,900069
KW10 6TJ,283005,899994
KW10 6TL,283088,900014
KW10 6TN,283002,899909
KW10 6TP,282934,899992
KW10 6TQ,283036,899826
KW10 6TR,282866,899917
KW10 6TS,282951,899872
KW10 6TT,282843,899650
KW10 6TU,283303,900287
KW10 6TW,282922,899919
KW10 6TX,282806,899683
KW10 6TY,282974,899725
KW10 6TZ,283316,900394
KW10 6UA,282934,899830
KW10 6UB,282347,899608
KW10 6UE,282050,899850
KW10 6UF,282104,899838
KW11 6UA,270812,946504
KW11 6UB,286147,931538
KW11 6UD,265203,930336
KW11 6UE,279898,933359
KW11 6UF,278151,938665
KW11 6UG,269351,944465
KW12 6UJ,313749,957835
KW12 6UL,313356,956557
KW12 6UN,312511,955903
KW12 6UP,312715,949015
KW12 6UR,301119,944205
KW12 6UU,315262,960736
KW12 6UW,313444,953416
KW12 6UX,318069,960781
KW12 6UY,319869,958499
KW12 6UZ,317298,959114
KW12 6WB,313360,959120
KW12 6WD,313516,959134
KW12 6WU,313027,959350
KW12 6WX,313157,959059
KW12 6XA,315592,958272
KW12 6XB,314670,962258
KW12 6XD,313777,960184
KW12 6XE,313723,960089
KW12 6XF,312870,960345
KW12 6XG,312813,959829
KW12 6XH,313399,959331
KW12 6XJ,309675,955701
KW12 6XN,313332,959564
KW12 6XP,313277,959453
KW12 6XQ,310191,959577
KW12 6XR,313409,959215
KW12 6XS,313376,959324
KW12 6XT,313318,959428
KW12 6XU,313245,959376
KW12 6XW,313141,959470
KW12 6XX,313080,959478
KW12 6XY,313010,959199
KW12 6XZ,313068,959384
KW12 6YA,313236,959144
KW12 6YB,313086,959295
KW12 6YD,313299,959258
KW12 6YE,313306,959032
KW12 6YF,313396,958983
KW12 6YG,313159,958753
KW12 6YH,312794,959487
KW12 6YJ,312959,959693
KW12 6YL,313010,959618
KW12 6YN,313066,959698
KW12 6YP,313092,959347
KW12 6YQ,313363,958842
KW12 6YT,313312,959193
KW12 6YW,307462,956473
KW12 6YX,312888,960028
KW12 6ZA,312657,959838
KW13 6YT,289642,953224
KW13 6YU,289193,953540
KW14 7AA,311555,968249
KW14 7AB,311494,968230
KW14 7AD,311537,968129
KW14 7AE,311434,968150
KW14 7AF,311497,968080
KW14 7AG,311498,968094
KW14 7AH,311551,968211
KW14 7AJ,311603,968227
KW14 7AL,311640,968263
KW14 7AN,311596,968274
KW14 7AP,311607,968166
KW14 7AQ,311527,968171
KW14 7AR,311611,968130
KW14 7AS,310512,967773
KW14 7AW,311691,968222
KW14 7AX,310032,965831
KW14 7BA,311147,968020
KW14 7BE,311616,968331
KW14 7BG,311576,968362
KW14 7BJ,311736,968432
KW14 7BL,311715,968472
KW14 7BQ,311660,968397
KW14 7BZ,310888,967666
KW14 7DB,311492,968314
KW14 7DD,311458,968285
KW14 7DE,311436,968204
KW14 7DF,311412,968223
KW14 7DG,311380,968132
KW14 7DH,311398,968060
KW14 7DJ,311367,968061
KW14 7DL,311288,967912
KW14 7DN,311231,968018
KW14 7DP,311174,967994
KW14 7DQ,311410,968149
KW14 7DR,310804,967398
KW14 7DS,311108,967589
KW14 7DT,310990,967810
KW14 7DU,310915,967834
KW14 7DW,311080,967802
KW14 7DX,310878,967928
KW14 7DY,310769,967814
KW14 7DZ,310626,967962
KW14 7EA,310776,967746
KW14 7EB,310933,967647
KW14 7EE,310874,967431
KW14 7EF,311093,967392
KW14 7EG,311285,967749
KW14 7EJ,310561,967830
KW14 7EL,310688,967832
KW14 7EP,310568,967859
KW14 7EQ,311403,967876
KW14 7ER,310748,967603
KW14 7ES,310793,967581
KW14 7ET,310837,967539
KW14 7EU,310784,967689
KW14 7EW,310616,967912
KW14 7EX,310812,967667
KW14 7EY,310894,967620
KW14 7GY,310589,967620
KW14 7GZ,311295,968088
KW14 7HA,311565,968411
KW14 7HB,311575,968461
KW14 7HD,311627,968449
KW14 7HE,311302,968478
KW14 7HF,311589,968533
KW14 7HH,311581,968480
KW14 7HJ,311515,968451
KW14 7HL,311481,968435
KW14 7HN,311459,968324
KW14 7HP,311369,968185
KW14 7HQ,311641,968498
KW14 7HR,311323,968237
KW14 7HS,311234,968112
KW14 7HT,311254,968289
KW14 7HU,311390,968324
KW14 7HW,311357,968194
KW14 7HY,311467,968402
KW14 7HZ,311506,968475
KW14 7JA,311450,968581
KW14 7JB,311451,968493
KW14 7JD,311346,968398
KW14 7JE,311271,968398
KW14 7JF,311359,968464
KW14 7JG,311383,968542
KW14 7JH,311014,968670
KW14 7JJ,311065,968638
KW14 7JL,311203,968496
KW14 7JN,311331,968581
KW14 7JP,311202,968630
KW14 7JQ,311346,968550
KW14 7JR,311206,968660
KW14 7JS,311265,968534
KW14 7JT,311126,968713
KW14 7JU,310949,968773
KW14 7JW,311359,968575
KW14 7JY,311201,968738
KW14 7JZ,311278,968694
KW14 7LB,310491,967423
KW14 7LD,310388,967651
KW14 7LE,310937,967120
KW14 7LF,310311,967502
KW14 7LG,310629,968990
KW14 7LH,310267,967568
KW14 7LJ,311274,968616
KW14 7LL,311115,968588
KW14 7LN,311139,968522
KW14 7LP,311040,968423
KW14 7LQ,310436,967529
KW14 7LR,311007,968497
KW14 7LS,310990,968586
KW14 7LT,310969,968472
KW14 7LU,310969,968373
KW14 7LW,311104,968496
KW14 7LX,311071,968374
KW14 7LY,311041,968297
KW14 7LZ,310959,968215
KW14 7NA,310975,968160
KW14 7NB,310970,968297
KW14 7ND,310892,968205
KW14 7NE,310897,968032
KW14 7NF,310839,967932
KW14 7NG,310942,968067
KW14 7NH,311011,968027
KW14 7NJ,310953,967951
KW14 7NL,311025,967980
KW14 7NN,311012,968144
KW14 7NP,311216,968377
KW14 7NQ,310946,968122
KW14 7NR,310955,968683
KW14 7NT,310967,967215
KW14 7NW,311108,968198
KW14 7NX,310915,968445
KW14 7NY,310883,968464
KW14 7NZ,310760,968538
KW14 7PA,310912,968507
KW14 7PB,310894,968593
KW14 7PD,310696,968629
KW14 7PE,310786,968606
KW14 7PF,310779,968560
KW14 7PG,310544,968551
KW14 7PH,310611,968623
KW14 7PJ,310524,968612
KW14 7PL,310416,968530
KW14 7PN,310672,968304
KW14 7PP,310521,968433
KW14 7PQ,310600,968602
KW14 7PR,310618,968499
KW14 7PS,310576,968505
KW14 7PT,310594,968401
KW14 7PU,310647,968425
KW14 7PW,310483,968377
KW14 7PX,310689,968335
KW14 7PY,310764,968345
KW14 7PZ,310640,968227
KW14 7QA,310782,968168
KW14 7QB,310833,968192
KW14 7QD,310850,968292
KW14 7QE,310795,968339
KW14 7QF,310892,968369
KW14 7QG,310806,968117
KW14 7QH,310854,967278
KW14 7QJ,310802,967203
KW14 7QL,310951,967238
KW14 7QN,306339,964160
KW14 7QP,306066,963924
KW14 7QQ,310810,967308
KW14 7QR,306548,963397
KW14 7QS,310836,967082
KW14 7QT,310973,967167
KW14 7QU,310679,967490
KW14 7QW,305580,965936
KW14 7QX,310786,967039
KW14 7QY,301773,963961
KW14 7QZ,301833,963960
KW14 7RA,302467,964024
KW14 7RB,303397,960280
KW14 7RD,300567,964257
KW14 7RE,297175,964927
KW14 7RF,296198,964745
KW14 7RG,296072,964756
KW14 7RH,295771,964400
KW14 7RJ,295780,964563
KW14 7RL,295601,964557
KW14 7RN,295191,965311
KW14 7RP,299891,965982
KW14 7RQ,295949,964595
KW14 7RR,298604,964885
KW14 7RW,297760,965302
KW14 7RY,282972,966914
KW14 7RZ,284210,964807
KW14 7SA,278789,964590
KW14 7SB,283422,965475
KW14 7SD,297334,964947
KW14 7SG,270739,960290
KW14 7SH,310400,967791
KW14 7SJ,310402,967730
KW14 7SL,310416,967669
KW14 7SN,310462,967717
KW14 7SP,270694,961832
KW14 7SQ,271649,957496
KW14 7SR,271277,961800
KW14 7SS,270733,962204
KW14 7ST,270752,961926
KW14 7SU,270666,961947
KW14 7SW,310529,967646
KW14 7SX,270591,962012
KW14 7SY,270715,962302
KW14 7SZ,272055,962585
KW14 7TA,272326,962920
KW14 7TB,274555,963588
KW14 7TD,270557,961836
KW14 7TH,267421,961607
KW14 7TJ,265657,963114
KW14 7TY,299052,967048
KW14 7TZ,299052,967048
KW14 7UB,310258,969135
KW14 7UD,310214,969035
KW14 7UE,310364,969154
KW14 7UF,310017,969611
KW14 7UG,310700,969057
KW14 7UH,310088,969467
KW14 7UJ,310072,970383
KW14 7UL,309956,970312
KW14 7UN,309807,969890
KW14 7UP,309819,970166
KW14 7UQ,310351,969271
KW14 7UR,309744,970121
KW14 7UT,309753,969445
KW14 7UU,310674,968892
KW14 7UW,310102,970574
KW14 7UX,309720,970231
KW14 7UY,310131,969231
KW14 7UZ,302282,969788
KW14 7WU,311640,968263
KW14 7XA,310406,968937
KW14 7XB,310449,968888
KW14 7XD,310330,966528
KW14 7XE,310620,967186
KW14 7XF,309268,966101
KW14 7XG,308389,965332
KW14 7XH,310866,964976
KW14 7XJ,310726,964943
KW14 7XL,310115,965832
KW14 7XN,309539,963510
KW14 7XP,310132,965724
KW14 7XQ,307973,967408
KW14 7XR,311162,968715
KW14 7XT,310514,968842
KW14 7XU,305421,969095
KW14 7XW,309934,968653
KW14 7XX,304633,968977
KW14 7XY,303586,968769
KW14 7YA,302432,968616
KW14 7YB,300876,967382
KW14 7YD,302232,967062
KW14 7YE,303162,967243
KW14 7YH,308789,959991
KW14 7YJ,288418,964488
KW14 7YL,287661,965664
KW14 7YN,287702,966297
KW14 7YP,287611,965700
KW14 7YQ,287904,964838
KW14 7YR,287518,965652
KW14 7YS,287739,964890
KW14 7YT,287922,964759
KW14 7YU,287703,965530
KW14 7YW,287502,965779
KW14 7YX,287697,965595
KW14 8AA,311761,968462
KW14 8AB,311736,968432
KW14 8AD,311758,968503
KW14 8AE,311840,968443
KW14 8AG,311811,968476
KW14 8AH,311899,968482
KW14 8AJ,311822,968518
KW14 8AL,311790,968512
KW14 8AN,311739,968523
KW14 8AP,311836,968569
KW14 8AQ,311887,968454
KW14 8AR,311895,968515
KW14 8AS,311951,968547
KW14 8AT,311925,968494
KW14 8AU,311987,968510
KW14 8AW,311793,968563
KW14 8AX,312004,968554
KW14 8AY,311991,968577
KW14 8AZ,311894,968606
KW14 8BB,311832,968619
KW14 8BD,311725,968607
KW14 8BE,311766,968564
KW14 8BG,311698,968578
KW14 8BH,311582,968572
KW14 8BJ,311666,968567
KW14 8BL,311745,968627
KW14 8BN,311994,968670
KW14 8BP,311980,968629
KW14 8BQ,311603,968614
KW14 8BS,311938,968614
KW14 8BT,312077,968630
KW14 8BU,311911,968331
KW14 8BW,311986,968687
KW14 8BY,311899,968420
KW14 8BZ,311850,968350
KW14 8DA,312072,968705
KW14 8DB,311951,968371
KW14 8DD,311782,968324
KW14 8DE,312106,968720
KW14 8DF,312644,968225
KW14 8DG,312710,968235
KW14 8EG,311660,968353
KW14 8EH,311678,968320
KW14 8EJ,311734,968390
KW14 8EL,311684,968385
KW14 8EN,311757,968408
KW14 8EP,311759,968267
KW14 8EQ,311657,968347
KW14 8ER,311825,968403
KW14 8HL,312228,968353
KW14 8HN,312193,968449
KW14 8HP,312537,968972
KW14 8HR,312290,968152
KW14 8HS,312270,968250
KW14 8HT,312316,968235
KW14 8HU,312295,968179
KW14 8HW,312615,968995
KW14 8HX,312371,968261
KW14 8HY,312402,968303
KW14 8HZ,312464,968466
KW14 8JA,312492,968410
KW14 8JB,312590,968376
KW14 8JD,312507,968372
KW14 8JE,312438,968373
KW14 8JF,312475,968326
KW14 8JG,312540,968305
KW14 8JH,312665,968357
KW14 8JJ,312625,968353
KW14 8JL,312542,968257
KW14 8JN,312507,968222
KW14 8JP,312375,968169
KW14 8JQ,312586,968288
KW14 8JR,312450,968151
KW14 8JS,312472,968209
KW14 8JT,312395,968051
KW14 8JU,312412,968103
KW14 8JW,312428,968252
KW14 8JX,312359,968110
KW14 8JZ,312076,968263
KW14 8NE,312058,968016
KW14 8NF,312003,967907
KW14 8NG,312140,968075
KW14 8NH,312162,968009
KW14 8NJ,312048,967875
KW14 8NL,312079,967861
KW14 8NN,312226,967993
KW14 8NP,312168,967847
KW14 8NQ,312101,968033
KW14 8NR,312326,967908
KW14 8NT,312115,967877
KW14 8NW,312291,967959
KW14 8NX,312346,967853
KW14 8PP,311872,968136
KW14 8PS,311765,967940
KW14 8PT,311629,967694
KW14 8PU,311611,967645
KW14 8PX,311481,967647
KW14 8PY,311509,967569
KW14 8PZ,311346,967468
KW14 8QA,311383,967401
KW14 8QB,311587,967535
KW14 8QD,311460,967477
KW14 8QE,311445,967407
KW14 8QF,311466,967341
KW14 8QG,311481,967305
KW14 8QH,311573,967328
KW14 8QJ,311545,967425
KW14 8QL,311545,967451
KW14 8QN,311534,967529
KW14 8QP,311649,967538
KW14 8QQ,311513,967333
KW14 8QR,311652,967590
KW14 8QS,311677,967495
KW14 8QT,311702,967558
KW14 8QU,311705,967608
KW14 8QW,311613,967591
KW14 8QX,311741,967605
KW14 8QY,311680,967618
KW14 8QZ,311718,967636
KW14 8RA,311659,967673
KW14 8RB,311701,967692
KW14 8RD,311764,967642
KW14 8RE,312022,967768
KW14 8RF,311987,967760
KW14 8SL,320209,967212
KW14 8SN,318364,966734
KW14 8SP,316477,967804
KW14 8SR,316862,968249
KW14 8SS,318488,968294
KW14 8ST,316482,968557
KW14 8SW,316578,966183
KW14 8SX,324393,967120
KW14 8SY,325677,970884
KW14 8SZ,325620,971287
KW14 8TA,326683,968129
KW14 8TB,322646,966026
KW14 8TD,321493,964718
KW14 8TE,319319,963975
KW14 8TF,318536,968450
KW14 8TG,319281,968277
KW14 8TH,319093,968244
KW14 8TP,319103,968157
KW14 8TQ,312042,968562
KW14 8TS,319007,968227
KW14 8TT,318793,968348
KW14 8TU,319442,967912
KW14 8TX,319684,967849
KW14 8TY,319318,967895
KW14 8UA,319840,967303
KW14 8UB,319843,967543
KW14 8UD,319749,967615
KW14 8UE,319470,967940
KW14 8UF,319302,968119
KW14 8UG,319356,968050
KW14 8UH,319443,968094
KW14 8UJ,319576,967919
KW14 8UL,319568,967958
KW14 8UN,319665,967897
KW14 8UP,319597,968005
KW14 8UQ,319401,968059
KW14 8UR,319345,968151
KW14 8US,319527,967855
KW14 8UT,319820,967923
KW14 8UU,319575,967807
KW14 8UW,319701,967964
KW14 8UX,319367,967928
KW14 8XD,322025,971175
KW14 8XE,322226,971329
KW14 8XF,322254,971258
KW14 8XG,322170,971364
KW14 8XH,328773,972777
KW14 8XJ,328810,972810
KW14 8XL,330449,973960
KW14 8XN,326814,974409
KW14 8XP,324313,973301
KW14 8XQ,323890,972042
KW14 8XR,321679,974152
KW14 8XS,320498,976685
KW14 8XT,326539,973168
KW14 8XW,325995,973702
KW14 8YD,321470,971714
KW14 8YE,322383,973602
KW14 8YH,311951,965761
KW14 8YJ,314616,964681
KW14 8YL,314730,964637
KW14 8YN,314795,966175
KW14 8YP,311640,968263
KW14 8YS,314687,968122
KW14 8YT,315828,968703
KW14 9AA,311640,968263
KW14 9AD,311640,968263
KW15 1AA,344889,1011069
KW15 1AB,344852,1011105
KW15 1AE,344793,1011023
KW15 1AF,344777,1010973
KW15 1AG,344779,1010934
KW15 1AH,344686,1011106
KW15 1AL,344695,1010889
KW15 1AN,344676,1010893
KW15 1AP,344702,1010813
KW15 1AQ,344750,1010843
KW15 1AR,344733,1010770
KW15 1AS,344748,1010727
KW15 1AT,344691,1010605
KW15 1AU,344684,1010588
KW15 1AX,344706,1010588
KW15 1AY,344633,1010483
KW15 1AZ,344515,1010409
KW15 1BA,344337,1010461
KW15 1BB,344376,1010273
KW15 1BD,344502,1010235
KW15 1BE,344654,1010427
KW15 1BF,344330,1010556
KW15 1BG,344623,1010392
KW15 1BH,344624,1010351
KW15 1BJ,344632,1010156
KW15 1BL,344669,1010174
KW15 1BN,344725,1010360
KW15 1BP,344796,1010341
KW15 1BQ,344740,1010117
KW15 1BS,344841,1010409
KW15 1BT,344698,1010391
KW15 1BU,344786,1010513
KW15 1BW,344780,1010237
KW15 1BX,344666,1010758
KW15 1BY,344210,1010630
KW15 1BZ,344450,1010568
KW15 1DB,344497,1010686
KW15 1DD,344889,1011069
KW15 1DE,345380,1010164
KW15 1DF,344881,1010964
KW15 1DG,344865,1010822
KW15 1DH,344860,1010895
KW15 1DJ,344871,1010918
KW15 1DL,344397,1010558
KW15 1DN,344824,1010736
KW15 1DP,344889,1011069
KW15 1DQ,344820,1010620
KW15 1DR,344419,1010496
KW15 1DS,344811,1010737
KW15 1DT,344800,1010725
KW15 1DU,344794,1010669
KW15 1DX,344793,1010663
KW15 1DY,344871,1010598
KW15 1DZ,344869,1010654
KW15 1EA,344765,1010569
KW15 1EB,344909,1010545
KW15 1EE,344881,1010383
KW15 1EF,344855,1010229
KW15 1EG,344915,1010227
KW15 1EH,344910,1010284
KW15 1EJ,344929,1010322
KW15 1EL,344934,1010282
KW15 1EN,345202,1009998
KW15 1EP,345126,1010227
KW15 1EQ,344965,1010225
KW15 1ER,345151,1010082
KW15 1ES,345205,1010095
KW15 1ET,345082,1010186
KW15 1EU,344991,1010109
KW15 1EW,345045,1010129
KW15 1EX,344496,1010491
KW15 1EY,345558,1010233
KW15 1EZ,344846,1010619
KW15 1FB,345631,1009667
KW15 1FD,345644,1009642
KW15 1FE,345596,1009632
KW15 1FF,345545,1009539
KW15 1FG,345576,1009730
KW15 1FH,345520,1009740
KW15 1FJ,344262,1010737
KW15 1FL,344008,1012056
KW15 1FN,345448,1010163
KW15 1FP,342643,1011457
KW15 1FQ,346003,1011195
KW15 1FR,345955,1011183
KW15 1FT,344404,1010709
KW15 1GA,345207,1010852
KW15 1GB,344889,1011069
KW15 1GD,343881,1011732
KW15 1GE,344152,1011835
KW15 1GF,344022,1012012
KW15 1GG,343987,1012203
KW15 1GH,344806,1010472
KW15 1GJ,343877,1011812
KW15 1GL,344023,1011662
KW15 1GN,344239,1011538
KW15 1GP,344112,1011655
KW15 1GR,344083,1011603
KW15 1GT,344280,1011730
KW15 1GU,344819,1011059
KW15 1GY,344831,1010906
KW15 1GZ,345052,1011021
KW15 1HA,345559,1010191
KW15 1HB,344889,1011069
KW15 1HD,344864,1011015
KW15 1HE,344912,1010967
KW15 1HF,344942,1010967
KW15 1HG,344977,1010952
KW15 1HL,344976,1011087
KW15 1HN,345583,1011202
KW15 1HP,345023,1011111
KW15 1HQ,344969,1011024
KW15 1HR,345017,1011178
KW15 1HS,344889,1011069
KW15 1HT,345208,1011200
KW15 1HU,344874,1011483
KW15 1HW,344969,1011113
KW15 1HX,345157,1011213
KW15 1HY,345160,1011157
KW15 1HZ,345258,1011157
KW15 1JA,345124,1011150
KW15 1JB,345077,1011156
KW15 1JD,345098,1011117
KW15 1JE,345122,1011072
KW15 1JF,345070,1010949
KW15 1JG,345066,1010854
KW15 1JH,345034,1010578
KW15 1JJ,345088,1010608
KW15 1JL,344986,1010610
KW15 1JN,344969,1010710
KW15 1JP,344899,1010662
KW15 1JQ,345176,1010610
KW15 1JR,345696,1010976
KW15 1JS,345853,1010834
KW15 1JT,345750,1010762
KW15 1JU,345826,1010773
KW15 1JW,344934,1010652
KW15 1JX,345791,1010852
KW15 1JY,344895,1011117
KW15 1JZ,344928,1011115
KW15 1LA,344969,1011113
KW15 1LB,344938,1011181
KW15 1LD,344963,1011200
KW15 1LE,344939,1011214
KW15 1LG,345046,1011248
KW15 1LH,345197,1011327
KW15 1LJ,345570,1011012
KW15 1LL,345312,1011403
KW15 1LN,345297,1011557
KW15 1LP,345387,1011590
KW15 1LR,344127,1010975
KW15 1LS,345375,1011363
KW15 1LT,345429,1011384
KW15 1LW,345341,1011507
KW15 1LX,345566,1011263
KW15 1LY,345805,1011194
KW15 1NA,345541,1011060
KW15 1NB,345759,1011034
KW15 1ND,345320,1011078
KW15 1NE,345243,1011047
KW15 1NF,345348,1010990
KW15 1NG,345320,1010957
KW15 1NH,345331,1010861
KW15 1NJ,345237,1010907
KW15 1NL,345159,1010957
KW15 1NN,345099,1010980
KW15 1NP,345257,1011306
KW15 1NR,345246,1011250
KW15 1NS,345823,1011095
KW15 1NT,345981,1010396
KW15 1NU,344881,1011190
KW15 1NW,345022,1011072
KW15 1NX,344931,1010944
KW15 1NY,345098,1010875
KW15 1PA,344908,1010828
KW15 1PB,344891,1010816
KW15 1PD,344943,1010750
KW15 1PE,345239,1010846
KW15 1PF,345283,1010714
KW15 1PG,345300,1010815
KW15 1PH,345423,1010759
KW15 1PJ,345448,1010844
KW15 1PL,345426,1010699
KW15 1PN,345405,1010624
KW15 1PP,345263,1010551
KW15 1PQ,345352,1010773
KW15 1PR,345261,1010659
KW15 1PS,345200,1010484
KW15 1PT,345304,1010225
KW15 1PU,345281,1010414
KW15 1PW,345340,1010594
KW15 1PY,345282,1010099
KW15 1PZ,345152,1010387
KW15 1QA,345170,1010290
KW15 1QB,345175,1010184
KW15 1QD,345100,1010301
KW15 1QE,345072,1010348
KW15 1QF,345016,1010403
KW15 1QG,345120,1010451
KW15 1QH,344945,1010552
KW15 1QJ,345469,1010533
KW15 1QL,345447,1010505
KW15 1QN,345680,1010695
KW15 1QP,345716,1010897
KW15 1QQ,344998,1010522
KW15 1QR,345556,1011293
KW15 1QS,344708,1010921
KW15 1QT,344889,1011069
KW15 1QW,345074,1010685
KW15 1QX,344755,1011210
KW15 1QY,344711,1011170
KW15 1QZ,344362,1011352
KW15 1RA,344289,1012197
KW15 1RB,346247,1010632
KW15 1RD,344046,1011448
KW15 1RE,343997,1011737
KW15 1RF,345198,1009889
KW15 1RG,344251,1012150
KW15 1RH,344329,1011475
KW15 1RJ,344601,1010651
KW15 1RL,344956,1010030
KW15 1RP,344328,1010918
KW15 1RQ,344249,1011897
KW15 1RR,344226,1010909
KW15 1RS,343831,1010839
KW15 1RT,345298,1009797
KW15 1RU,345414,1009830
KW15 1RW,344987,1009729
KW15 1RX,345213,1009637
KW15 1RY,345133,1009795
KW15 1RZ,344156,1009909
KW15 1SA,343105,1009587
KW15 1SB,343916,1009480
KW15 1SD,344203,1008752
KW15 1SE,342828,1008923
KW15 1SF,341756,1008053
KW15 1SG,340910,1007543
KW15 1SH,344246,1010420
KW15 1SJ,344155,1009825
KW15 1SL,345354,1009549
KW15 1SN,345405,1010061
KW15 1SP,345782,1009736
KW15 1SQ,344339,1010359
KW15 1SR,346294,1009397
KW15 1SS,346861,1007690
KW15 1ST,345272,1007242
KW15 1SU,345327,1009244
KW15 1SW,345470,1009898
KW15 1SX,344844,1007662
KW15 1SY,345257,1008826
KW15 1SZ,346212,1010563
KW15 1TA,346292,1010006
KW15 1TB,346612,1011420
KW15 1TD,345724,1011784
KW15 1TE,345766,1012463
KW15 1TF,345392,1009566
KW15 1TG,344809,1010984
KW15 1TH,348180,1007738
KW15 1TJ,344081,1010414
KW15 1TL,346010,1010470
KW15 1TN,344131,1010523
KW15 1TP,342912,1011249
KW15 1TQ,344780,1010774
KW15 1TR,341728,1010561
KW15 1TS,340155,1011140
KW15 1TT,337252,1012560
KW15 1TU,337218,1013212
KW15 1TW,343621,1010437
KW15 1TX,339623,1012305
KW15 1TY,341832,1012888
KW15 1TZ,343222,1012019
KW15 1UA,343724,1011535
KW15 1UB,343227,1012063
KW15 1UD,345957,1010641
KW15 1UE,345943,1012724
KW15 1UF,346749,1012434
KW15 1UH,344119,1011281
KW15 1UJ,346033,1012226
KW15 1UL,343709,1011495
KW15 1UN,345523,1010376
KW15 1UP,345326,1009936
KW15 1UQ,345395,1010006
KW15 1UR,345340,1010045
KW15 1US,345352,1009859
KW15 1UT,345730,1010425
KW15 1UU,345671,1010403
KW15 1UW,343954,1010531
KW15 1UX,345631,1010296
KW15 1UY,345674,1010274
KW15 1UZ,345749,1010216
KW15 1WA,346004,1009604
KW15 1WB,345502,1009707
KW15 1WD,345541,1009653
KW15 1WP,344889,1011069
KW15 1WQ,344889,1011069
KW15 1WS,344889,1011069
KW15 1WT,346371,1010429
KW15 1WU,345258,1009533
KW15 1XA,345760,1010333
KW15 1XB,345766,1010375
KW15 1XD,345806,1010383
KW15 1XE,345802,1010292
KW15 1XF,345833,1010229
KW15 1XG,345873,1010294
KW15 1XH,345929,1010327
KW15 1XJ,345429,1009681
KW15 1XL,345625,1009747
KW15 1XN,346288,1010562
KW15 1XQ,345926,1010396
KW15 1XS,345722,1009693
KW15 1XU,346151,1010749
KW15 1XX,346190,1010671
KW15 1XY,344957,1010699
KW15 1YA,344889,1011069
KW15 1YB,344889,1011069
KW15 1YD,344889,1011069
KW15 1YF,345421,1009897
KW15 1YG,344889,1011069
KW15 1YN,345514,1011587
KW15 1YP,345572,1011665
KW15 1YQ,344889,1011069
KW15 1YR,345516,1011687
KW15 1YS,345448,1011650
KW15 1YT,345555,1011763
KW15 1YU,345683,1011700
KW15 1YW,345570,1011598
KW15 1YX,344889,1011069
KW15 1ZZ,344889,1011069
KW15 9AD,344889,1011069
KW15 9BA,344889,1011069
KW15 9BB,344889,1011069
KW15 9BD,344889,1011069
KW15 9SA,345098,1010875
KW15 9SB,345098,1010875
KW15 9SD,345098,1010875
KW15 9SE,345098,1010875
KW15 9SF,345098,1010875
KW15 9SG,345098,1010875
KW15 9SH,345098,1010875
KW15 9SJ,345098,1010875
KW15 9SL,345098,1010875
KW15 9SN,345098,1010875
KW15 9SP,345098,1010875
KW15 9SQ,345098,1010875
KW15 9SR,345098,1010875
KW15 9SS,345098,1010875
KW15 9ST,345098,1010875
KW15 9SU,345098,1010875
KW15 9SW,345098,1010875
KW15 9SX,345098,1010875
KW15 9SY,345098,1010875
KW15 9SZ,345098,1010875
KW15 9TA,345098,1010875
KW15 9TB,345098,1010875
KW16 3AA,325472,1009184
KW16 3AD,325507,1009330
KW16 3AE,325557,1009360
KW16 3AF,326310,1009597
KW16 3AG,325625,1009600
KW16 3AH,325669,1009985
KW16 3AJ,325435,1009379
KW16 3AL,325439,1009336
KW16 3AN,325358,1009239
KW16 3AP,325288,1009021
KW16 3AQ,325598,1009856
KW16 3AR,325284,1009003
KW16 3AS,325225,1009034
KW16 3AT,325213,1008991
KW16 3AU,325147,1009010
KW16 3AW,325259,1009211
KW16 3AX,325105,1009032
KW16 3AY,325162,1009109
KW16 3AZ,325117,1009216
KW16 3BA,325337,1009098
KW16 3BB,325367,1009105
KW16 3BF,325232,1009064
KW16 3BG,325061,1009150
KW16 3BH,325593,1009262
KW16 3BL,326403,1009778
KW16 3BN,326194,1009549
KW16 3BP,325404,1009139
KW16 3BQ,325005,1009105
KW16 3BS,325409,1009107
KW16 3BT,325363,1009065
KW16 3BU,325371,1009002
KW16 3BW,326219,1009445
KW16 3BX,325349,1009031
KW16 3BY,325333,1008952
KW16 3BZ,325324,1008892
KW16 3DA,325289,1008809
KW16 3DB,325307,1008901
KW16 3DD,325257,1008787
KW16 3DE,325267,1008757
KW16 3DF,325263,1008649
KW16 3DG,325243,1008713
KW16 3DH,325204,1008567
KW16 3DJ,325238,1008518
KW16 3DL,325275,1008336
KW16 3DN,325291,1008198
KW16 3DP,325229,1008245
KW16 3DQ,325219,1008611
KW16 3DR,325130,1008357
KW16 3DS,325130,1008423
KW16 3DT,325103,1008559
KW16 3DU,325074,1008851
KW16 3DW,325323,1008075
KW16 3DX,325032,1009029
KW16 3DY,325215,1008755
KW16 3DZ,325262,1008919
KW16 3EA,325242,1008957
KW16 3EB,325306,1008797
KW16 3ED,325254,1008665
KW16 3EE,326289,1009562
KW16 3EF,326342,1009655
KW16 3EH,325129,1008989
KW16 3EJ,325062,1008479
KW16 3EL,325072,1008367
KW16 3EP,325368,1009430
KW16 3EU,326015,1010708
KW16 3EX,326293,1011127
KW16 3EY,328775,1010618
KW16 3EZ,329949,1009981
KW16 3HA,329645,1008546
KW16 3HB,330034,1007380
KW16 3HD,336054,1008871
KW16 3HE,334322,1011697
KW16 3HF,333561,1012438
KW16 3HG,332683,1013438
KW16 3HH,332361,1012345
KW16 3HJ,325811,1010275
KW16 3HQ,332145,1012770
KW16 3HR,325741,1010338
KW16 3HS,325566,1010356
KW16 3HT,325129,1011029
KW16 3HU,325214,1013141
KW16 3HX,325299,1014920
KW16 3HY,327411,1015154
KW16 3HZ,325926,1016948
KW16 3JA,327587,1016609
KW16 3JB,326528,1018061
KW16 3JD,325890,1019160
KW16 3JE,325624,1018701
KW16 3JF,325847,1016044
KW16 3JG,326072,1009909
KW16 3JH,326831,1010117
KW16 3JJ,325934,1008759
KW16 3JL,326124,1009980
KW16 3JN,324877,1009089
KW16 3JP,323690,1009671
KW16 3JQ,326142,1009612
KW16 3JR,324950,1008524
KW16 3JS,325931,1009896
KW16 3JT,326176,1010022
KW16 3JU,326907,1010605
KW16 3JW,324516,1008929
KW16 3JX,329448,1011561
KW16 3JY,330677,1011791
KW16 3JZ,330336,1012841
KW16 3LA,332520,1010843
KW16 3LB,330268,1011314
KW16 3LD,330600,1011634
KW16 3LE,326247,1009969
KW16 3LH,325830,1010188
KW16 3LJ,325914,1010333
KW16 3LL,325852,1012042
KW16 3LN,326177,1013340
KW16 3LP,324601,1016696
KW16 3LR,323479,1018764
KW16 3LS,323779,1020728
KW16 3LT,325017,1020985
KW16 3LU,324387,1021791
KW16 3LW,325078,1015363
KW16 3LX,324666,1020848
KW16 3LY,324494,1020333
KW16 3LZ,324317,1020844
KW16 3NG,325852,1005858
KW16 3NJ,323471,1003503
KW16 3NN,325404,1009139
KW16 3NP,336349,993692
KW16 3NQ,327427,990128
KW16 3NR,331010,995156
KW16 3NS,330332,994894
KW16 3NT,330916,994402
KW16 3NU,330020,995112
KW16 3NW,330521,994410
KW16 3NX,330718,992726
KW16 3NY,329194,991262
KW16 3NZ,328435,988871
KW16 3PA,330907,989705
KW16 3PG,330684,990828
KW16 3PH,330399,990788
KW16 3PQ,333026,990922
KW16 3WY,325404,1009139
KW16 9AA,325404,1009139
KW17 2AA,356208,1030825
KW17 2AB,356596,1037850
KW17 2AD,334317,1005824
KW17 2AE,365171,1026065
KW17 2AF,366390,1023771
KW17 2AG,367008,1024934
KW17 2AJ,366036,1023271
KW17 2AN,362396,1023912
KW17 2AR,365731,1028367
KW17 2AS,366141,1028297
KW17 2AT,363631,1028456
KW17 2AU,367096,1016923
KW17 2AY,366009,1041061
KW17 2AZ,367014,1044153
KW17 2BA,362434,1038059
KW17 2BB,368713,1041121
KW17 2BE,375872,1053188
KW17 2BG,376798,1055019
KW17 2BJ,365890,1038625
KW17 2BL,368194,1039985
KW17 2BN,367072,1040834
KW17 2BP,374020,1044174
KW17 2BU,349298,1051568
KW17 2BW,369040,1041134
KW17 2BZ,343824,1048093
KW17 2DA,344390,1048131
KW17 2DB,345691,1046915
KW17 2DD,348443,1045156
KW17 2DE,350467,1041010
KW17 2DF,343862,1048864
KW17 2DG,343766,1048769
KW17 2DH,343772,1048661
KW17 2DJ,343676,1048746
KW17 2DL,344539,1049114
KW17 2DN,344748,1050371
KW17 2DP,344445,1045288
KW17 2DR,344130,1043726
KW17 2DU,348359,1017077
KW17 2DW,342937,1048340
KW17 2DX,347909,1016494
KW17 2DY,348322,1017534
KW17 2DZ,350809,1017923
KW17 2EA,350892,1016611
KW17 2EB,352918,1020270
KW17 2ED,348333,1016960
KW17 2EE,336022,1013887
KW17 2EG,335992,1013839
KW17 2EH,336586,1013407
KW17 2EJ,336567,1013255
KW17 2EL,335699,1013986
KW17 2EN,335854,1014059
KW17 2EP,335710,1014064
KW17 2EQ,336376,1013482
KW17 2ER,336145,1014872
KW17 2ES,336365,1014589
KW17 2ET,338581,1016167
KW17 2EU,336953,1016727
KW17 2EW,336089,1014019
KW17 2EX,338888,1018689
KW17 2EY,339996,1019770
KW17 2EZ,341579,1020304
KW17 2HA,340235,1022230
KW17 2HB,340216,1022891
KW17 2HD,339849,1023025
KW17 2HE,339413,1022764
KW17 2HF,339265,1021539
KW17 2HG,339270,1020581
KW17 2HH,329510,1020667
KW17 2HJ,336483,1013358
KW17 2HN,329375,1020987
KW17 2HP,328017,1023521
KW17 2HQ,337444,1016485
KW17 2HR,328500,1022934
KW17 2HS,328840,1021471
KW17 2HT,329474,1020789
KW17 2HU,329522,1020870
KW17 2HW,329648,1021042
KW17 2HX,329845,1021181
KW17 2HY,330165,1021955
KW17 2HZ,330687,1020381
KW17 2JA,329931,1020167
KW17 2JB,330818,1021181
KW17 2JD,330790,1024554
KW17 2JE,329027,1020216
KW17 2JF,327519,1019073
KW17 2JG,326331,1021333
KW17 2JH,326435,1022393
KW17 2JQ,327849,1020991
KW17 2JR,332531,1016742
KW17 2JS,331799,1015541
KW17 2JT,332453,1015153
KW17 2JU,333680,1015209
KW17 2JX,335850,1013291
KW17 2JY,333724,1012978
KW17 2JZ,334493,1013802
KW17 2LA,332974,1017893
KW17 2LB,331914,1017485
KW17 2LD,331501,1017714
KW17 2LE,330503,1017520
KW17 2LF,330127,1019159
KW17 2LG,330191,1019764
KW17 2LH,335741,1013521
KW17 2LN,327149,1024371
KW17 2LP,328825,1026952
KW17 2LQ,331636,1018749
KW17 2LR,327345,1026705
KW17 2LS,326099,1026951
KW17 2LT,326250,1027746
KW17 2LU,325739,1028571
KW17 2LW,328275,1025437
KW17 2LX,324787,1027649
KW17 2LY,325588,1027186
KW17 2LZ,326635,1025245
KW17 2NA,325563,1024537
KW17 2NB,324042,1023659
KW17 2ND,324259,1025516
KW17 2NH,338571,1026157
KW17 2NJ,333955,1027944
KW17 2NL,333366,1027921
KW17 2NN,333063,1028282
KW17 2NP,329320,1028721
KW17 2NR,329568,1028109
KW17 2NS,328724,1028666
KW17 2NW,331901,1028727
KW17 2NY,337982,1018303
KW17 2NZ,338427,1019778
KW17 2PA,336641,1019114
KW17 2PB,341963,1018583
KW17 2PE,337792,1024641
KW17 2PF,338664,1024320
KW17 2PG,338407,1023637
KW17 2PH,337109,1025337
KW17 2PJ,336017,1026101
KW17 2PL,335732,1025104
KW17 2PQ,338644,1023698
KW17 2PR,343792,1030733
KW17 2PS,338913,1033069
KW17 2PT,340042,1027658
KW17 2PU,343499,1027758
KW17 2PY,343566,1027589
KW17 2PZ,343549,1027562
KW17 2QA,344301,1026441
KW17 2QD,346804,1029555
KW17 2QG,352909,1003792
KW17 2QH,357301,1005624
KW17 2QJ,358219,1005923
KW17 2QL,355840,1006566
KW17 2QN,352302,1004233
KW17 2QP,349428,1007129
KW17 2QQ,355951,1004565
KW17 2QR,350408,1008411
KW17 2QS,351837,1010021
KW17 2QT,350949,1006929
KW17 2QU,350869,1005536
KW17 2QW,356380,1005366
KW17 2QX,348087,1007440
KW17 2RA,338583,1007152
KW17 2RB,335204,1006205
KW17 2RD,332547,1004129
KW17 2RE,330579,1005553
KW17 2RF,331679,1005926
KW17 2RG,347315,1001431
KW17 2RH,342328,991447
KW17 2RJ,343494,989631
KW17 2RL,345694,989349
KW17 2RN,344528,986507
KW17 2RP,332990,1005653
KW17 2RQ,334454,1005951
KW17 2RS,347475,1001345
KW17 2RT,347253,1001327
KW17 2RU,347788,1001411
KW17 2RW,345659,984477
KW17 2RX,348046,1002123
KW17 2RY,346626,1002325
KW17 2RZ,346105,1005108
KW17 2SA,348098,1003118
KW17 2SB,349866,1001854
KW17 2SD,351450,1001327
KW17 2SE,347563,1001451
KW17 2SF,348402,1000067
KW17 2SG,347836,1001338
KW17 2SH,344945,993625
KW17 2SJ,344868,993586
KW17 2SL,344745,993537
KW17 2SN,344607,993475
KW17 2SP,344727,993498
KW17 2SR,344894,993426
KW17 2SS,347326,995697
KW17 2ST,346303,995593
KW17 2SU,346976,996172
KW17 2SW,344485,993710
KW17 2SX,346448,996781
KW17 2SY,347880,997768
KW17 2SZ,347871,996611
KW17 2TA,348627,995905
KW17 2TB,347601,995913
KW17 2TD,344927,993572
KW17 2TE,347007,995619
KW17 2TF,347809,1001465
KW17 2TG,344384,992567
KW17 2TH,347691,993924
KW17 2TJ,345743,991569
KW17 2TL,343913,993733
KW17 2TN,344414,993407
KW17 2TP,344544,993498
KW17 2TQ,346191,993937
KW17 2TR,344844,993416
KW17 2TS,344514,993533
KW17 2TT,347010,995782
KW17 2TW,342697,993051
KW17 2TX,347039,995797
KW17 2TY,343486,1021919
KW17 2UQ,335951,1013586
KW17 2UR,336059,1013691
KW17 2UT,336024,1013638
KW2 6AA,331871,940728
KW2 6AB,332003,940398
KW3 6AD,324769,936458
KW3 6AE,324805,935554
KW3 6AF,324704,935502
KW3 6AG,324734,935442
KW3 6AH,324682,935220
KW3 6AJ,324857,935184
KW3 6AL,324809,935108
KW3 6AN,324911,935101
KW3 6AP,324931,935272
KW3 6AQ,324798,935315
KW3 6AR,325009,935361
KW3 6AS,325753,935903
KW3 6AT,324908,937456
KW3 6AU,326413,937368
KW3 6AW,324940,935164
KW3 6AX,326460,935653
KW3 6AY,326454,936053
KW3 6AZ,327306,936165
KW3 6BA,329476,937785
KW3 6BB,326734,938209
KW3 6BD,326232,939965
KW3 6BG,324907,935317
KW3 6BH,324712,935996
KW3 6BJ,324795,935834
KW3 6BL,324753,936022
KW3 6BN,324774,936187
KW3 6BP,324878,936312
KW3 6BQ,324737,935534
KW3 6BS,324689,936258
KW3 6BT,323638,935547
KW3 6BU,323252,935397
KW3 6BW,324775,936276
KW3 6BX,322475,934894
KW3 6BY,322952,936664
KW3 6DA,323830,937635
KW3 6DB,324655,935189
KW3 6WZ,324774,935527
KW5 6DG,321151,933988
KW5 6DJ,319803,934137
KW5 6DL,319481,932912
KW5 6DN,319799,933369
KW5 6DP,319037,932594
KW5 6DQ,318553,934042
KW5 6DR,319152,932454
KW5 6DS,318803,932892
KW5 6DT,317979,931894
KW5 6DU,317429,934221
KW5 6DW,318876,932733
KW5 6DX,317987,942705
KW6 6EA,315643,929491
KW6 6EB,315755,929487
KW6 6ED,315890,929529
KW6 6EE,316261,929366
KW6 6EF,316330,929570
KW6 6EG,316252,929876
KW6 6EH,317134,930337
KW6 6EJ,316350,930547
KW6 6EL,315239,931157
KW6 6EN,315491,934291
KW6 6EP,315666,929592
KW6 6EQ,316372,929856
KW6 6ET,315411,930023
KW6 6EU,314914,929168
KW6 6EX,307579,929774
KW6 6EY,314876,927488
KW6 6EZ,315611,929557
KW7 6HA,312971,924592
KW7 6HB,311977,922501
KW7 6HD,310387,922445
KW7 6HE,311792,922741
KW7 6HF,311890,922635
KW8 6HH,302049,915429
KW8 6HJ,301509,914509
KW8 6HL,300644,913434
KW8 6HN,300829,913445
KW8 6HP,296384,911195
KW8 6HR,297179,911699
KW8 6HT,302460,915341
KW8 6HU,301787,916770
KW8 6HW,300471,913300
KW8 6HX,302120,917463
KW8 6HY,292318,919873
KW8 6JA,302724,915402
KW8 6JD,302785,915417
KW8 6JE,302736,915478
KW8 6JF,302701,915464
KW8 6JG,302629,915557
KW8 6JH,302777,915535
KW8 6JJ,302709,915579
KW8 6JL,302546,915811
KW8 6JN,302332,915928
KW8 6JP,302887,915480
KW8 6JQ,302748,915531
KW8 6JR,302950,915439
KW8 6JS,303516,915691
KW8 6JU,302880,915227
KW8 6JW,302808,915616
KW8 6JX,302893,915284
KW8 6JY,302869,915361
KW8 6JZ,302857,915231
KW8 6LA,303102,915196
KW8 6LB,302990,915222
KW8 6LD,303147,915236
KW8 6LE,303272,915326
KW8 6LF,303118,915313
KW8 6LG,302975,915380
KW8 6LH,302851,915398
KW8 6LJ,303059,915295
KW8 6LQ,302950,915310
KW8 6WZ,302950,915310
KW9 6AD,290501,904183
KW9 6LA,290386,904213
KW9 6LN,290472,904966
KW9 6LP,290921,905630
KW9 6LR,289624,905373
KW9 6LS,289828,906249
KW9 6LT,290679,906545
KW9 6LU,291985,907697
KW9 6LW,290402,904848
KW9 6LX,283526,910181
KW9 6LY,290596,904115
KW9 6LZ,290846,904322
KW9 6NA,290106,903441
KW9 6NB,290526,904049
KW9 6ND,290347,904068
KW9 6NE,289533,904047
KW9 6NF,289977,904154
KW9 6NG,289328,904706
KW9 6NH,288649,905804
KW9 6NJ,288557,903253
KW9 6NL,288149,901941
KW9 6NN,287898,903570
KW9 6NP,290241,904055
KW9 6NQ,289020,904314
KW9 6NR,290612,903964
KW9 6NS,290592,903949
KW9 6NT,290567,903923
KW9 6NU,290534,903950
KW9 6NW,290559,903780
KW9 6NX,290473,903923
KW9 6NY,290358,903920
KW9 6NZ,290178,903783
KW9 6PA,290232,903866
KW9 6PB,290524,903916
KW9 6PD,290581,903874
KW9 6PF,290486,903714
KW9 6PG,290380,903743
KW9 6PH,290436,903614
KW9 6PJ,290389,903550
KW9 6PL,290295,903574
KW9 6PN,290253,903471
KW9 6PP,290579,903753
KW9 6PQ,290434,903832
KW9 6PR,290630,903742
KW9 6PS,290668,903890
KW9 6PT,290740,903870
KW9 6PU,290732,903807
KW9 6PW,290340,903484
KW9 6PX,290859,903695
KW9 6PY,291049,904146
KW9 6PZ,290956,903681
KW9 6QA,290989,903685
KW9 6QB,290928,903743
KW9 6QD,290874,903742
KW9 6QE,290931,903818
KW9 6QF,290864,903852
KW9 6QH,290210,903659
KW9 6QJ,290623,904082
KW9 6QL,290911,904426
KW9 6QN,290557,904337
KW9 6QP,290313,904460
KW9 6QQ,290838,904286
KW9 6QR,290487,904548
KW9 6QS,290955,904144
KW9 6QT,290962,904324
KW9 6QU,290692,904119
KW9 6QW,290468,904318
KW9 6QX,290693,904232
KW9 6QY,290732,904376
KW9 6QZ,290391,904569
KW9 6WY,290436,903930
