ZE1 0AA,447759,1141280
ZE1 0AB,447823,1141264
ZE1 0AD,447759,1141280
ZE1 0AE,447791,1141217
ZE1 0AF,447974,1141187
ZE1 0AG,447867,1141189
ZE1 0AH,448020,1141090
ZE1 0AJ,447780,1141257
ZE1 0AL,447818,1141186
ZE1 0AN,447970,1141215
ZE1 0AP,448026,1141143
ZE1 0AQ,447830,1141090
ZE1 0AR,447812,1141053
ZE1 0AS,447848,1140989
ZE1 0AT,447691,1140988
ZE1 0AU,447938,1141185
ZE1 0AW,447951,1141139
ZE1 0AX,447847,1140865
ZE1 0AZ,447553,1141657
ZE1 0BA,447985,1141039
ZE1 0BB,448173,1140902
ZE1 0BD,447725,1141282
ZE1 0BE,447711,1141124
ZE1 0BF,447774,1141219
ZE1 0BG,448104,1141135
ZE1 0BH,448031,1141020
ZE1 0BJ,447685,1141214
ZE1 0BL,447689,1141193
ZE1 0BN,447646,1141136
ZE1 0BP,447766,1141066
ZE1 0BQ,447623,1141001
ZE1 0BR,447572,1141105
ZE1 0BS,447621,1141163
ZE1 0BT,447525,1141098
ZE1 0BU,447705,1141086
ZE1 0BW,447679,1141078
ZE1 0BX,447522,1141033
ZE1 0BY,447727,1141189
ZE1 0BZ,447730,1141166
ZE1 0DA,447481,1141160
ZE1 0DB,447486,1140960
ZE1 0DD,447368,1141039
ZE1 0DE,447021,1141761
ZE1 0DG,446222,1143036
ZE1 0DH,446053,1140393
ZE1 0DJ,447445,1141050
ZE1 0DL,447673,1141308
ZE1 0DP,447626,1141318
ZE1 0DQ,447631,1141315
ZE1 0DR,447578,1141278
ZE1 0DS,447650,1141302
ZE1 0DT,447584,1141240
ZE1 0DU,447751,1140882
ZE1 0DW,447555,1141330
ZE1 0DX,447566,1141202
ZE1 0EA,447613,1141220
ZE1 0EB,447619,1141235
ZE1 0ED,447505,1141230
ZE1 0EE,447893,1140924
ZE1 0EF,446242,1140336
ZE1 0EG,447516,1141329
ZE1 0EH,447759,1141280
ZE1 0EJ,447546,1141203
ZE1 0EL,447480,1141296
ZE1 0EN,447451,1141291
ZE1 0EP,447431,1141186
ZE1 0EQ,447334,1141220
ZE1 0ER,447263,1141542
ZE1 0ES,447351,1141620
ZE1 0ET,447291,1141271
ZE1 0EU,447408,1141463
ZE1 0EW,447296,1141619
ZE1 0EX,447650,1141375
ZE1 0EY,445898,1140318
ZE1 0EZ,447617,1141388
ZE1 0FB,446481,1142467
ZE1 0FL,447836,1141183
ZE1 0FN,447851,1141213
ZE1 0GA,446052,1140844
ZE1 0GB,446122,1140918
ZE1 0GD,446252,1140866
ZE1 0GE,446061,1140729
ZE1 0GF,446591,1140522
ZE1 0GG,447712,1141235
ZE1 0GH,447744,1141199
ZE1 0GJ,447683,1141163
ZE1 0GN,447619,1141147
ZE1 0GQ,447548,1141040
ZE1 0GZ,447619,1141147
ZE1 0HA,447535,1141403
ZE1 0HB,447500,1141395
ZE1 0HD,447453,1141469
ZE1 0HE,447574,1141414
ZE1 0HF,447521,1141703
ZE1 0HG,447008,1141347
ZE1 0HH,446130,1142185
ZE1 0HJ,447204,1141633
ZE1 0HL,447090,1141566
ZE1 0HN,446947,1141488
ZE1 0HP,446879,1141538
ZE1 0HQ,446882,1141609
ZE1 0HR,446845,1141466
ZE1 0HS,446867,1141429
ZE1 0HT,446855,1141666
ZE1 0HU,446923,1141386
ZE1 0HW,447114,1141601
ZE1 0HX,447618,1141446
ZE1 0HY,447641,1141493
ZE1 0JB,447498,1141446
ZE1 0JD,447558,1141423
ZE1 0JE,447509,1141461
ZE1 0JF,445311,1139751
ZE1 0JH,448036,1140895
ZE1 0JJ,447759,1141280
ZE1 0JL,447569,1141462
ZE1 0JN,447505,1141537
ZE1 0JP,447438,1141634
ZE1 0JS,447420,1141555
ZE1 0JT,447376,1141635
ZE1 0JW,447571,1141308
ZE1 0JX,447224,1141570
ZE1 0JZ,445664,1140269
ZE1 0LA,447239,1141408
ZE1 0LB,447228,1141210
ZE1 0LD,447332,1141102
ZE1 0LE,447273,1141220
ZE1 0LF,447143,1141378
ZE1 0LJ,447303,1141073
ZE1 0LL,447656,1141494
ZE1 0LN,447248,1141078
ZE1 0LP,445722,1140416
ZE1 0LQ,447521,1141703
ZE1 0LR,447559,1141590
ZE1 0LT,447521,1141703
ZE1 0LU,447691,1141247
ZE1 0LW,447513,1141670
ZE1 0LX,447521,1141703
ZE1 0LY,446118,1140350
ZE1 0LZ,447494,1141914
ZE1 0NA,445320,1142233
ZE1 0ND,447386,1141775
ZE1 0NE,446248,1142321
ZE1 0NF,446071,1142219
ZE1 0NG,446198,1142268
ZE1 0NH,447187,1141873
ZE1 0NJ,447353,1141753
ZE1 0NL,447286,1141700
ZE1 0NN,446009,1142097
ZE1 0NP,447109,1141709
ZE1 0NQ,447013,1141701
ZE1 0NR,446979,1141684
ZE1 0NS,447059,1141616
ZE1 0NT,446903,1141752
ZE1 0NU,445968,1141935
ZE1 0NW,446998,1141276
ZE1 0NX,446826,1141860
ZE1 0NY,447082,1141799
ZE1 0NZ,446067,1142085
ZE1 0PA,446836,1141745
ZE1 0PB,446794,1141763
ZE1 0PD,446788,1141557
ZE1 0PE,447021,1141761
ZE1 0PF,446603,1142480
ZE1 0PG,446669,1142409
ZE1 0PH,446842,1141994
ZE1 0PJ,446770,1141282
ZE1 0PL,446782,1141244
ZE1 0PN,446752,1141809
ZE1 0PP,446809,1141924
ZE1 0PQ,446791,1142067
ZE1 0PR,446623,1142359
ZE1 0PS,446456,1142794
ZE1 0PT,446157,1143204
ZE1 0PU,447081,1145114
ZE1 0PW,446762,1142271
ZE1 0PX,446373,1143059
ZE1 0PY,446853,1143910
ZE1 0PZ,445986,1143134
ZE1 0QA,447097,1141304
ZE1 0QB,447157,1141224
ZE1 0QD,446879,1141252
ZE1 0QE,446448,1142320
ZE1 0QF,446373,1142305
ZE1 0QG,446362,1142203
ZE1 0QH,446208,1142163
ZE1 0QJ,446994,1141168
ZE1 0QN,446954,1141161
ZE1 0QQ,446848,1141194
ZE1 0QR,446854,1141065
ZE1 0QS,446866,1140971
ZE1 0QT,446894,1141092
ZE1 0QW,446600,1142308
ZE1 0QX,446883,1140885
ZE1 0QY,445596,1141963
ZE1 0QZ,447215,1140996
ZE1 0RA,446763,1140992
ZE1 0RB,447171,1141055
ZE1 0RD,446608,1140686
ZE1 0RE,446234,1140528
ZE1 0RF,446175,1140943
ZE1 0RG,446198,1140776
ZE1 0RH,446595,1140431
ZE1 0RJ,446557,1140467
ZE1 0RL,446439,1140136
ZE1 0RN,446617,1140024
ZE1 0RP,446150,1140846
ZE1 0RQ,445735,1140103
ZE1 0RR,445318,1139682
ZE1 0RS,446503,1140482
ZE1 0RT,446474,1140356
ZE1 0RU,446442,1140380
ZE1 0RW,446395,1140431
ZE1 0RX,446380,1140496
ZE1 0RY,446442,1140574
ZE1 0RZ,446187,1140689
ZE1 0SA,446371,1140269
ZE1 0SB,446298,1140399
ZE1 0SD,446179,1140201
ZE1 0SE,446106,1140560
ZE1 0SF,445906,1140429
ZE1 0SG,445831,1140412
ZE1 0SH,445835,1140179
ZE1 0SJ,445898,1140192
ZE1 0SL,445965,1140136
ZE1 0SN,445998,1140138
ZE1 0SP,445898,1140063
ZE1 0SQ,445775,1140167
ZE1 0SR,445505,1140169
ZE1 0SS,446268,1140202
ZE1 0ST,445726,1140335
ZE1 0SU,445636,1140195
ZE1 0SW,447498,1141506
ZE1 0SX,446036,1140179
ZE1 0SY,446238,1140988
ZE1 0SZ,446270,1140125
ZE1 0TA,446405,1142967
ZE1 0TB,446970,1141019
ZE1 0TE,440505,1139692
ZE1 0TF,440528,1139702
ZE1 0TG,446985,1140903
ZE1 0TH,440411,1139333
ZE1 0TJ,440048,1139453
ZE1 0TL,440383,1139653
ZE1 0TN,440460,1139708
ZE1 0TP,440428,1139463
ZE1 0TQ,440390,1139247
ZE1 0TR,440288,1139452
ZE1 0TS,440391,1139432
ZE1 0TT,440259,1139682
ZE1 0TU,440197,1139479
ZE1 0TW,446380,1142658
ZE1 0TX,440255,1139597
ZE1 0TY,447197,1141391
ZE1 0UA,440196,1139513
ZE1 0UB,440197,1139652
ZE1 0UD,440291,1139727
ZE1 0UE,440222,1139581
ZE1 0UF,447664,1141014
ZE1 0UG,440962,1139647
ZE1 0UH,440202,1139815
ZE1 0UJ,440335,1139602
ZE1 0UL,440433,1140462
ZE1 0UN,439712,1138965
ZE1 0UP,440582,1139915
ZE1 0UQ,441032,1141774
ZE1 0UR,441092,1139531
ZE1 0US,440831,1138660
ZE1 0UT,440143,1139704
ZE1 0UU,440906,1139463
ZE1 0UW,439662,1138987
ZE1 0UX,440070,1139754
ZE1 0UY,440147,1139625
ZE1 0UZ,440916,1139755
ZE1 0WD,447759,1141280
ZE1 0WH,445703,1139908
ZE1 0WJ,445726,1139860
ZE1 0WL,445680,1139831
ZE1 0WN,447958,1141194
ZE1 0WP,447276,1141791
ZE1 0WS,440922,1139847
ZE1 0WW,447617,1141493
ZE1 0WX,445767,1139955
ZE1 0WY,445767,1139955
ZE1 0WZ,446652,1140422
ZE1 0XA,440057,1139549
ZE1 0XB,439968,1139441
ZE1 0XD,439876,1139432
ZE1 0XG,439848,1139344
ZE1 0XH,440094,1139498
ZE1 0XJ,440090,1139445
ZE1 0XL,439717,1137814
ZE1 0XN,439313,1140813
ZE1 0XS,447759,1141280
ZE1 0YA,447888,1141004
ZE1 0YB,448100,1140732
ZE1 0YJ,447759,1141280
ZE1 0YL,447759,1141280
ZE1 0YP,447606,1141331
ZE1 9AA,447759,1141280
ZE1 9AB,447759,1141280
ZE1 9SA,447500,1141412
ZE1 9SB,447500,1141412
ZE1 9SD,447500,1141412
ZE1 9SE,447500,1141412
ZE1 9SF,447500,1141412
ZE1 9SG,447500,1141412
ZE1 9SH,447500,1141412
ZE1 9SJ,447500,1141412
ZE1 9SL,447500,1141412
ZE1 9SN,447500,1141412
ZE1 9SP,447500,1141412
ZE1 9SQ,447500,1141412
ZE1 9SR,447500,1141412
ZE1 9SS,447500,1141412
ZE1 9ST,447500,1141412
ZE1 9SU,447500,1141412
ZE1 9SW,447500,1141412
ZE1 9SX,447500,1141412
ZE1 9SY,447500,1141412
ZE1 9SZ,447500,1141412
ZE1 9TA,447500,1141412
ZE1 9TB,447500,1141412
ZE2 9AA,454063,1162175
ZE2 9AB,454247,1162317
ZE2 9AD,454218,1162653
ZE2 9AE,454426,1163319
ZE2 9AF,454333,1163266
ZE2 9AG,454375,1161569
ZE2 9AH,456079,1162385
ZE2 9AJ,457832,1164164
ZE2 9AL,455554,1164954
ZE2 9AN,456604,1165468
ZE2 9AP,455286,1164514
ZE2 9AQ,454771,1162355
ZE2 9AR,468841,1171751
ZE2 9AS,468187,1171656
ZE2 9AT,468423,1171546
ZE2 9AU,452201,1183935
ZE2 9AW,458995,1166305
ZE2 9AX,453310,1186837
ZE2 9AY,452042,1179837
ZE2 9AZ,452013,1179470
ZE2 9BA,450461,1180020
ZE2 9BD,446425,1180078
ZE2 9BE,448031,1179068
ZE2 9BG,445677,1182697
ZE2 9BH,445096,1188516
ZE2 9BJ,450683,1190946
ZE2 9BL,446941,1193047
ZE2 9BN,451118,1191244
ZE2 9BP,451573,1190841
ZE2 9BQ,454564,1162273
ZE2 9BS,451512,1190666
ZE2 9BT,451727,1190714
ZE2 9BU,453678,1189494
ZE2 9BW,451591,1190814
ZE2 9BX,451087,1191204
ZE2 9BZ,453793,1204092
ZE2 9DA,451547,1192248
ZE2 9DB,452267,1194462
ZE2 9DD,453380,1203866
ZE2 9DE,453703,1203988
ZE2 9DF,454564,1198904
ZE2 9DG,452138,1197855
ZE2 9DH,449392,1140499
ZE2 9DJ,462754,1190784
ZE2 9DL,460366,1200957
ZE2 9DN,459957,1200769
ZE2 9DP,462184,1208795
ZE2 9DQ,451118,1198014
ZE2 9DR,462357,1208950
ZE2 9DS,463377,1209443
ZE2 9DT,462738,1208138
ZE2 9DU,462106,1209413
ZE2 9DW,458624,1201829
ZE2 9DX,460868,1208767
ZE2 9DY,461081,1208926
ZE2 9DZ,460324,1209797
ZE2 9EA,462124,1208868
ZE2 9EB,462008,1208953
ZE2 9ED,463677,1212478
ZE2 9EE,463699,1212199
ZE2 9EF,464745,1213660
ZE2 9EG,442836,1124322
ZE2 9EH,459994,1200665
ZE2 9EJ,464595,1213447
ZE2 9EL,449170,1141584
ZE2 9EN,449211,1141441
ZE2 9EP,449635,1143464
ZE2 9EQ,461626,1213615
ZE2 9ER,449335,1139607
ZE2 9ES,450362,1141146
ZE2 9ET,449431,1140267
ZE2 9EU,449494,1140296
ZE2 9EW,447922,1143069
ZE2 9EX,443929,1137046
ZE2 9EY,442598,1135299
ZE2 9EZ,441315,1135047
ZE2 9FA,451570,1192366
ZE2 9FD,443888,1138463
ZE2 9FE,443984,1138454
ZE2 9FG,444062,1138470
ZE2 9GA,438043,1121428
ZE2 9GB,438418,1114798
ZE2 9GD,443738,1137838
ZE2 9GE,443639,1137966
ZE2 9GF,443677,1138054
ZE2 9GG,442892,1124264
ZE2 9GH,439221,1147355
ZE2 9GJ,439221,1147355
ZE2 9GL,439234,1148388
ZE2 9HA,443497,1132027
ZE2 9HB,443096,1129580
ZE2 9HD,443166,1130100
ZE2 9HE,443112,1130056
ZE2 9HF,443157,1128408
ZE2 9HG,444068,1130018
ZE2 9HH,442132,1124124
ZE2 9HJ,442057,1124262
ZE2 9HL,441585,1123855
ZE2 9HN,442620,1124629
ZE2 9HP,443203,1125053
ZE2 9HQ,443139,1130170
ZE2 9HR,441674,1123893
ZE2 9HS,443046,1124719
ZE2 9HT,442889,1124188
ZE2 9HU,442249,1124033
ZE2 9HW,443053,1123902
ZE2 9HX,440771,1121002
ZE2 9HY,440483,1123285
ZE2 9HZ,443087,1124830
ZE2 9JA,438002,1121445
ZE2 9JB,439167,1115106
ZE2 9JD,437717,1114352
ZE2 9JE,437674,1117312
ZE2 9JF,438509,1121581
ZE2 9JG,439598,1115012
ZE2 9JH,438555,1116709
ZE2 9JJ,440397,1115578
ZE2 9JL,442940,1124404
ZE2 9JN,441933,1124676
ZE2 9JP,443130,1129160
ZE2 9JQ,440184,1116576
ZE2 9JR,439573,1115460
ZE2 9JS,443192,1129139
ZE2 9JT,437580,1133803
ZE2 9JU,420495,1070586
ZE2 9JW,439399,1115480
ZE2 9JX,443932,1138328
ZE2 9JY,436929,1135937
ZE2 9JZ,437072,1136013
ZE2 9LA,437088,1135781
ZE2 9LB,437809,1135415
ZE2 9LD,436965,1132828
ZE2 9LE,437688,1132287
ZE2 9LF,437332,1135732
ZE2 9LG,439137,1148189
ZE2 9LH,440888,1151611
ZE2 9LJ,439836,1145968
ZE2 9LL,438760,1144492
ZE2 9LN,438577,1150729
ZE2 9LP,441743,1155169
ZE2 9LQ,438809,1150109
ZE2 9LR,438669,1149800
ZE2 9LS,434030,1153297
ZE2 9LT,435968,1151177
ZE2 9LU,435471,1148857
ZE2 9LW,439558,1153098
ZE2 9LX,432649,1154277
ZE2 9LY,431021,1152200
ZE2 9LZ,429774,1152436
ZE2 9NA,433010,1152294
ZE2 9NB,434176,1155666
ZE2 9ND,433944,1157619
ZE2 9NE,435446,1157414
ZE2 9NF,434882,1155688
ZE2 9NG,433501,1150459
ZE2 9NH,433156,1147973
ZE2 9NJ,432438,1144454
ZE2 9NL,429718,1144018
ZE2 9NN,433370,1152242
ZE2 9NP,426664,1151229
ZE2 9NQ,434347,1147784
ZE2 9NR,428166,1149255
ZE2 9NS,430043,1150217
ZE2 9NT,426504,1157100
ZE2 9NU,442356,1123702
ZE2 9NW,434667,1155596
ZE2 9NX,438698,1150065
ZE2 9NY,431198,1144738
ZE2 9NZ,441985,1123693
ZE2 9PA,422629,1146904
ZE2 9PB,423708,1149099
ZE2 9PD,421969,1148528
ZE2 9PE,419646,1150797
ZE2 9PF,424566,1149003
ZE2 9PG,423907,1149089
ZE2 9PH,424184,1150180
ZE2 9PJ,424662,1150965
ZE2 9PL,419558,1157305
ZE2 9PN,396978,1139004
ZE2 9PP,445969,1154516
ZE2 9PQ,424010,1149358
ZE2 9PR,447889,1159746
ZE2 9PS,446469,1153257
ZE2 9PT,440849,1164697
ZE2 9PU,440821,1163951
ZE2 9PW,417746,1160295
ZE2 9PX,440489,1162938
ZE2 9PY,436868,1161993
ZE2 9PZ,442958,1168893
ZE2 9QA,448129,1164894
ZE2 9QB,448469,1165350
ZE2 9QD,446094,1163696
ZE2 9QE,446433,1166366
ZE2 9QF,448727,1169462
ZE2 9QG,435408,1168046
ZE2 9QH,435920,1167323
ZE2 9QJ,436046,1167313
ZE2 9QL,435971,1165487
ZE2 9QN,434610,1167124
ZE2 9QP,437683,1170932
ZE2 9QQ,436030,1167548
ZE2 9QR,440921,1173455
ZE2 9QS,437970,1165323
ZE2 9QT,443505,1176574
ZE2 9QU,436145,1166355
ZE2 9QW,434132,1164444
ZE2 9QX,424082,1149867
ZE2 9QY,436057,1167391
ZE2 9QZ,440790,1164101
ZE2 9RA,445190,1175436
ZE2 9RB,445152,1175056
ZE2 9RD,435417,1172697
ZE2 9RE,433652,1169853
ZE2 9RF,434318,1175238
ZE2 9RG,431148,1176841
ZE2 9RH,430197,1178625
ZE2 9RJ,430373,1178351
ZE2 9RL,429741,1180609
ZE2 9RN,435162,1172685
ZE2 9RP,427750,1178220
ZE2 9RQ,432047,1174271
ZE2 9RS,423840,1179102
ZE2 9RT,436140,1180059
ZE2 9RU,434880,1177790
ZE2 9RW,428562,1177304
ZE2 9RX,434301,1182411
ZE2 9RY,436698,1189326
ZE2 9RZ,436692,1184981
ZE2 9SA,436647,1180622
ZE2 9SB,442449,1144102
ZE2 9SD,442752,1144606
ZE2 9SE,443065,1145312
ZE2 9SF,444167,1146461
ZE2 9SG,443186,1146651
ZE2 9SH,442316,1144776
ZE2 9SJ,436072,1168497
ZE2 9SL,435865,1167760
ZE2 9SN,435847,1168544
ZE2 9SP,435960,1168521
ZE2 9SQ,443010,1150244
ZE2 9SR,435967,1168443
ZE2 9SS,436001,1168415
ZE2 9ST,435909,1168431
ZE2 9SU,435891,1168377
ZE2 9SW,435913,1168617
ZE2 9SX,435836,1168385
ZE2 9SY,435765,1168364
ZE2 9SZ,435799,1168486
ZE2 9TA,462092,1209525
ZE2 9TD,444892,1175033
ZE2 9TE,444011,1173890
ZE2 9TF,444541,1174269
ZE2 9TG,445181,1175504
ZE2 9TH,445211,1175373
ZE2 9TL,444407,1174074
ZE2 9TN,464373,1213297
ZE2 9TP,464469,1213450
ZE2 9TQ,445152,1175434
ZE2 9TR,443047,1144326
ZE2 9TS,454437,1163405
ZE2 9TT,435207,1167869
ZE2 9TU,440032,1175079
ZE2 9TW,463618,1210113
ZE2 9TX,444386,1139347
ZE2 9TY,435971,1168027
ZE2 9TZ,434760,1167629
ZE2 9UA,435030,1167992
ZE2 9UB,447864,1165477
ZE2 9UP,440246,1172957
ZE2 9UR,440021,1173401
ZE2 9UT,462188,1208199
ZE2 9XA,446437,1153174
ZE2 9XB,424222,1149682
ZE2 9XF,440920,1164007
ZE2 9XG,436402,1189333
ZE2 9XH,442786,1144406
ZE2 9XJ,441895,1145130
ZE2 9XL,461684,1209313
ZE2 9XN,436956,1135966
ZE2 9XP,428653,1177267
ZE2 9XQ,440369,1164159
ZE2 9XS,436027,1167855
ZE2 9XT,443252,1145819
ZE2 9XU,436914,1136142
ZE2 9XW,436950,1136099
ZE2 9YL,447759,1141280
ZE2 9YN,447759,1141280
ZE3 9JJ,438854,1111535
ZE3 9JL,438888,1111459
ZE3 9JN,440317,1109370
ZE3 9JP,439463,1110379
ZE3 9JR,438625,1112054
ZE3 9JS,439644,1111902
ZE3 9JT,438916,1109922
ZE3 9JU,438872,1111807
ZE3 9JW,438977,1110040
ZE3 9JX,438872,1110219
ZE3 9JY,438498,1112029
ZE3 9JZ,438662,1112122
